Timestamp,Id,PredictedValue,Status,ForecastTime
2026-05-08 14:56:20,P1,43.26016616821289,OK,2026-05-08 15:00:00
2026-05-08 14:56:20,P2,42.16167831420898,OK,2026-05-08 15:00:00
2026-05-08 14:56:20,P3,42.31465530395508,OK,2026-05-08 15:00:00
2026-05-08 14:56:20,P4,42.25102996826172,OK,2026-05-08 15:00:00
2026-05-08 14:56:20,P5,38.61832046508789,OK,2026-05-08 15:00:00
2026-05-08 14:56:20,P6,41.75316619873047,OK,2026-05-08 15:00:00
2026-05-08 14:57:46,P1,47.0,OK,2026-05-08 14:57:46
2026-05-08 14:57:46,P2,39.1,OK,2026-05-08 14:57:46
2026-05-08 14:57:46,P3,41.0,OK,2026-05-08 14:57:46
2026-05-08 14:57:46,P4,39.8,OK,2026-05-08 14:57:46
2026-05-08 14:57:46,P5,38.7,OK,2026-05-08 14:57:46
2026-05-08 14:57:46,P6,39.4,OK,2026-05-08 14:57:46
2026-05-08 14:58:30,P1,43.13435363769531,OK,2026-05-08 15:02:00
2026-05-08 14:58:30,P2,41.96405029296875,OK,2026-05-08 15:02:00
2026-05-08 14:58:30,P3,42.13237380981445,OK,2026-05-08 15:02:00
2026-05-08 14:58:30,P4,42.106590270996094,OK,2026-05-08 15:02:00
2026-05-08 14:58:30,P5,38.4432258605957,OK,2026-05-08 15:02:00
2026-05-08 14:58:30,P6,41.61711502075195,OK,2026-05-08 15:02:00
2026-05-08 15:10:01,P1,43.7,OK,2026-05-08 15:10:01
2026-05-08 15:10:01,P2,36.6,OK,2026-05-08 15:10:01
2026-05-08 15:10:01,P3,39.4,OK,2026-05-08 15:10:01
2026-05-08 15:10:01,P4,37.6,OK,2026-05-08 15:10:01
2026-05-08 15:10:01,P5,35.4,OK,2026-05-08 15:10:01
2026-05-08 15:10:01,P6,36.8,OK,2026-05-08 15:10:01
2026-05-08 15:10:43,P1,41.30693817138672,OK,2026-05-08 15:15:00
2026-05-08 15:10:43,P2,40.815574645996094,OK,2026-05-08 15:15:00
2026-05-08 15:10:43,P3,40.9588508605957,OK,2026-05-08 15:15:00
2026-05-08 15:10:43,P4,41.238162994384766,OK,2026-05-08 15:15:00
2026-05-08 15:10:43,P5,36.87559127807617,OK,2026-05-08 15:15:00
2026-05-08 15:10:43,P6,40.84867858886719,OK,2026-05-08 15:15:00
2026-05-08 15:15:45,P1,44.1,OK,2026-05-08 15:15:45
2026-05-08 15:15:45,P2,36.4,OK,2026-05-08 15:15:45
2026-05-08 15:15:45,P3,37.8,OK,2026-05-08 15:15:45
2026-05-08 15:15:45,P4,36.9,OK,2026-05-08 15:15:45
2026-05-08 15:15:45,P5,35.3,OK,2026-05-08 15:15:45
2026-05-08 15:15:45,P6,36.9,OK,2026-05-08 15:15:45
2026-05-08 15:16:25,P1,41.87246322631836,OK,2026-05-08 15:20:00
2026-05-08 15:16:25,P2,41.054718017578125,OK,2026-05-08 15:20:00
2026-05-08 15:16:25,P3,41.09194946289063,OK,2026-05-08 15:20:00
2026-05-08 15:16:25,P4,41.11164093017578,OK,2026-05-08 15:20:00
2026-05-08 15:16:25,P5,37.13273239135742,OK,2026-05-08 15:20:00
2026-05-08 15:16:25,P6,40.800289154052734,OK,2026-05-08 15:20:00
2026-05-08 15:21:26,P1,44.1,OK,2026-05-08 15:21:26
2026-05-08 15:21:26,P2,36.4,OK,2026-05-08 15:21:26
2026-05-08 15:21:26,P3,37.8,OK,2026-05-08 15:21:26
2026-05-08 15:21:26,P4,36.9,OK,2026-05-08 15:21:26
2026-05-08 15:21:26,P5,35.3,OK,2026-05-08 15:21:26
2026-05-08 15:21:26,P6,36.9,OK,2026-05-08 15:21:26
2026-05-08 15:22:09,P1,40.5272331237793,OK,2026-05-08 15:26:00
2026-05-08 15:22:09,P2,40.00841522216797,OK,2026-05-08 15:26:00
2026-05-08 15:22:09,P3,40.44947052001953,OK,2026-05-08 15:26:00
2026-05-08 15:22:09,P4,40.51336669921875,OK,2026-05-08 15:26:00
2026-05-08 15:22:09,P5,36.10967254638672,OK,2026-05-08 15:26:00
2026-05-08 15:22:09,P6,40.22666931152344,OK,2026-05-08 15:26:00
2026-05-08 15:27:10,P1,44.1,OK,2026-05-08 15:27:10
2026-05-08 15:27:10,P2,36.4,OK,2026-05-08 15:27:10
2026-05-08 15:27:10,P3,37.8,OK,2026-05-08 15:27:10
2026-05-08 15:27:10,P4,36.9,OK,2026-05-08 15:27:10
2026-05-08 15:27:10,P5,35.3,OK,2026-05-08 15:27:10
2026-05-08 15:27:10,P6,36.9,OK,2026-05-08 15:27:10
2026-05-08 15:27:53,P1,39.985958099365234,OK,2026-05-08 15:32:00
2026-05-08 15:27:53,P2,39.7109375,OK,2026-05-08 15:32:00
2026-05-08 15:27:53,P3,39.9427604675293,OK,2026-05-08 15:32:00
2026-05-08 15:27:53,P4,39.680419921875,OK,2026-05-08 15:32:00
2026-05-08 15:27:53,P5,35.576499938964844,OK,2026-05-08 15:32:00
2026-05-08 15:27:53,P6,39.61091613769531,OK,2026-05-08 15:32:00
2026-05-08 15:32:54,P1,44.1,OK,2026-05-08 15:32:54
2026-05-08 15:32:54,P2,36.4,OK,2026-05-08 15:32:54
2026-05-08 15:32:54,P3,37.8,OK,2026-05-08 15:32:54
2026-05-08 15:32:54,P4,36.9,OK,2026-05-08 15:32:54
2026-05-08 15:32:54,P5,35.3,OK,2026-05-08 15:32:54
2026-05-08 15:32:54,P6,36.9,OK,2026-05-08 15:32:54
2026-05-08 15:33:35,P1,39.609134674072266,OK,2026-05-08 15:37:00
2026-05-08 15:33:35,P2,39.60822677612305,OK,2026-05-08 15:37:00
2026-05-08 15:33:35,P3,39.692901611328125,OK,2026-05-08 15:37:00
2026-05-08 15:33:35,P4,39.29173278808594,OK,2026-05-08 15:37:00
2026-05-08 15:33:35,P5,35.2974739074707,OK,2026-05-08 15:37:00
2026-05-08 15:33:35,P6,39.37164306640625,OK,2026-05-08 15:37:00
2026-05-08 15:38:37,P1,44.1,OK,2026-05-08 15:38:37
2026-05-08 15:38:37,P2,36.4,OK,2026-05-08 15:38:37
2026-05-08 15:38:37,P3,37.8,OK,2026-05-08 15:38:37
2026-05-08 15:38:37,P4,36.9,OK,2026-05-08 15:38:37
2026-05-08 15:38:37,P5,35.3,OK,2026-05-08 15:38:37
2026-05-08 15:38:37,P6,36.9,OK,2026-05-08 15:38:37
2026-05-08 15:39:17,P1,39.5764045715332,OK,2026-05-08 15:43:00
2026-05-08 15:39:17,P2,39.66862869262695,OK,2026-05-08 15:43:00
2026-05-08 15:39:17,P3,39.68705368041992,OK,2026-05-08 15:43:00
2026-05-08 15:39:17,P4,39.250736236572266,OK,2026-05-08 15:43:00
2026-05-08 15:39:17,P5,35.29917526245117,OK,2026-05-08 15:43:00
2026-05-08 15:39:17,P6,39.38436508178711,OK,2026-05-08 15:43:00
2026-05-08 15:44:19,P1,44.1,OK,2026-05-08 15:44:19
2026-05-08 15:44:19,P2,36.4,OK,2026-05-08 15:44:19
2026-05-08 15:44:19,P3,37.8,OK,2026-05-08 15:44:19
2026-05-08 15:44:19,P4,36.9,OK,2026-05-08 15:44:19
2026-05-08 15:44:19,P5,35.3,OK,2026-05-08 15:44:19
2026-05-08 15:44:19,P6,36.9,OK,2026-05-08 15:44:19
2026-05-08 15:45:01,P1,39.44569778442383,OK,2026-05-08 15:49:00
2026-05-08 15:45:01,P2,39.654762268066406,OK,2026-05-08 15:49:00
2026-05-08 15:45:01,P3,39.61555099487305,OK,2026-05-08 15:49:00
2026-05-08 15:45:01,P4,39.14589309692383,OK,2026-05-08 15:49:00
2026-05-08 15:45:01,P5,35.205345153808594,OK,2026-05-08 15:49:00
2026-05-08 15:45:01,P6,39.31682968139648,OK,2026-05-08 15:49:00
2026-05-08 15:50:02,P1,44.1,OK,2026-05-08 15:50:02
2026-05-08 15:50:02,P2,36.4,OK,2026-05-08 15:50:02
2026-05-08 15:50:02,P3,37.8,OK,2026-05-08 15:50:02
2026-05-08 15:50:02,P4,36.9,OK,2026-05-08 15:50:02
2026-05-08 15:50:02,P5,35.3,OK,2026-05-08 15:50:02
2026-05-08 15:50:02,P6,36.9,OK,2026-05-08 15:50:02
2026-05-08 15:50:43,P1,39.112083435058594,OK,2026-05-08 15:55:00
2026-05-08 15:50:43,P2,39.35755157470703,OK,2026-05-08 15:55:00
2026-05-08 15:50:43,P3,39.372535705566406,OK,2026-05-08 15:55:00
2026-05-08 15:50:43,P4,39.01364135742188,OK,2026-05-08 15:55:00
2026-05-08 15:50:43,P5,34.961727142333984,OK,2026-05-08 15:55:00
2026-05-08 15:50:43,P6,39.1588020324707,OK,2026-05-08 15:55:00
2026-05-08 15:55:44,P1,44.1,OK,2026-05-08 15:55:44
2026-05-08 15:55:44,P2,36.4,OK,2026-05-08 15:55:44
2026-05-08 15:55:44,P3,37.8,OK,2026-05-08 15:55:44
2026-05-08 15:55:44,P4,36.9,OK,2026-05-08 15:55:44
2026-05-08 15:55:44,P5,35.3,OK,2026-05-08 15:55:44
2026-05-08 15:55:44,P6,36.9,OK,2026-05-08 15:55:44
2026-05-08 15:56:24,P1,39.058067321777344,OK,2026-05-08 16:00:00
2026-05-08 15:56:24,P2,39.305908203125,OK,2026-05-08 16:00:00
2026-05-08 15:56:24,P3,39.35188293457031,OK,2026-05-08 16:00:00
2026-05-08 15:56:24,P4,39.09493637084961,OK,2026-05-08 16:00:00
2026-05-08 15:56:24,P5,34.93303680419922,OK,2026-05-08 16:00:00
2026-05-08 15:56:24,P6,39.170291900634766,OK,2026-05-08 16:00:00
2026-05-08 16:01:27,P1,44.1,OK,2026-05-08 16:01:27
2026-05-08 16:01:27,P2,36.4,OK,2026-05-08 16:01:27
2026-05-08 16:01:27,P3,37.8,OK,2026-05-08 16:01:27
2026-05-08 16:01:27,P4,36.9,OK,2026-05-08 16:01:27
2026-05-08 16:01:27,P5,35.3,OK,2026-05-08 16:01:27
2026-05-08 16:01:27,P6,36.9,OK,2026-05-08 16:01:27
2026-05-08 16:02:05,P1,39.24306106567383,OK,2026-05-08 16:06:00
2026-05-08 16:02:05,P2,39.4536361694336,OK,2026-05-08 16:06:00
2026-05-08 16:02:05,P3,39.474029541015625,OK,2026-05-08 16:06:00
2026-05-08 16:02:05,P4,39.02513885498047,OK,2026-05-08 16:06:00
2026-05-08 16:02:05,P5,35.049110412597656,OK,2026-05-08 16:06:00
2026-05-08 16:02:05,P6,39.17745208740234,OK,2026-05-08 16:06:00
2026-05-08 16:07:07,P1,44.1,OK,2026-05-08 16:07:07
2026-05-08 16:07:07,P2,36.4,OK,2026-05-08 16:07:07
2026-05-08 16:07:07,P3,37.8,OK,2026-05-08 16:07:07
2026-05-08 16:07:07,P4,36.9,OK,2026-05-08 16:07:07
2026-05-08 16:07:07,P5,35.3,OK,2026-05-08 16:07:07
2026-05-08 16:07:07,P6,36.9,OK,2026-05-08 16:07:07
2026-05-08 16:07:49,P1,38.93061065673828,OK,2026-05-08 16:12:00
2026-05-08 16:07:49,P2,39.00223159790039,OK,2026-05-08 16:12:00
2026-05-08 16:07:49,P3,39.33449172973633,OK,2026-05-08 16:12:00
2026-05-08 16:07:49,P4,39.04436492919922,OK,2026-05-08 16:12:00
2026-05-08 16:07:49,P5,34.813682556152344,OK,2026-05-08 16:12:00
2026-05-08 16:07:49,P6,39.0786018371582,OK,2026-05-08 16:12:00
2026-05-08 16:12:50,P1,44.1,OK,2026-05-08 16:12:50
2026-05-08 16:12:50,P2,36.4,OK,2026-05-08 16:12:50
2026-05-08 16:12:50,P3,37.8,OK,2026-05-08 16:12:50
2026-05-08 16:12:50,P4,36.9,OK,2026-05-08 16:12:50
2026-05-08 16:12:50,P5,35.3,OK,2026-05-08 16:12:50
2026-05-08 16:12:50,P6,36.9,OK,2026-05-08 16:12:50
2026-05-08 16:13:32,P1,38.86993789672852,OK,2026-05-08 16:17:00
2026-05-08 16:13:32,P2,38.99169158935547,OK,2026-05-08 16:17:00
2026-05-08 16:13:32,P3,39.24123764038086,OK,2026-05-08 16:17:00
2026-05-08 16:13:32,P4,38.96251678466797,OK,2026-05-08 16:17:00
2026-05-08 16:13:32,P5,34.769100189208984,OK,2026-05-08 16:17:00
2026-05-08 16:13:32,P6,39.028621673583984,OK,2026-05-08 16:17:00
2026-05-08 16:18:33,P1,44.1,OK,2026-05-08 16:18:33
2026-05-08 16:18:33,P2,36.4,OK,2026-05-08 16:18:33
2026-05-08 16:18:33,P3,37.8,OK,2026-05-08 16:18:33
2026-05-08 16:18:33,P4,36.9,OK,2026-05-08 16:18:33
2026-05-08 16:18:33,P5,35.3,OK,2026-05-08 16:18:33
2026-05-08 16:18:33,P6,36.9,OK,2026-05-08 16:18:33
2026-05-08 16:19:14,P1,38.894073486328125,OK,2026-05-08 16:23:00
2026-05-08 16:19:14,P2,39.09232711791992,OK,2026-05-08 16:23:00
2026-05-08 16:19:14,P3,39.21699905395508,OK,2026-05-08 16:23:00
2026-05-08 16:19:14,P4,39.01973342895508,OK,2026-05-08 16:23:00
2026-05-08 16:19:14,P5,34.789424896240234,OK,2026-05-08 16:23:00
2026-05-08 16:19:14,P6,39.04788589477539,OK,2026-05-08 16:23:00
2026-05-08 16:24:16,P1,44.1,OK,2026-05-08 16:24:16
2026-05-08 16:24:16,P2,36.4,OK,2026-05-08 16:24:16
2026-05-08 16:24:16,P3,37.8,OK,2026-05-08 16:24:16
2026-05-08 16:24:16,P4,36.9,OK,2026-05-08 16:24:16
2026-05-08 16:24:16,P5,35.3,OK,2026-05-08 16:24:16
2026-05-08 16:24:16,P6,36.9,OK,2026-05-08 16:24:16
2026-05-08 16:24:57,P1,38.84760284423828,OK,2026-05-08 16:29:00
2026-05-08 16:24:57,P2,39.06715774536133,OK,2026-05-08 16:29:00
2026-05-08 16:24:57,P3,39.18215560913086,OK,2026-05-08 16:29:00
2026-05-08 16:24:57,P4,38.9782829284668,OK,2026-05-08 16:29:00
2026-05-08 16:24:57,P5,34.76213455200195,OK,2026-05-08 16:29:00
2026-05-08 16:24:57,P6,39.02997970581055,OK,2026-05-08 16:29:00
2026-05-08 16:29:59,P1,44.1,OK,2026-05-08 16:29:59
2026-05-08 16:29:59,P2,36.4,OK,2026-05-08 16:29:59
2026-05-08 16:29:59,P3,37.8,OK,2026-05-08 16:29:59
2026-05-08 16:29:59,P4,36.9,OK,2026-05-08 16:29:59
2026-05-08 16:29:59,P5,35.3,OK,2026-05-08 16:29:59
2026-05-08 16:29:59,P6,36.9,OK,2026-05-08 16:29:59
2026-05-08 16:30:41,P1,38.8408317565918,OK,2026-05-08 16:34:00
2026-05-08 16:30:41,P2,39.0604133605957,OK,2026-05-08 16:34:00
2026-05-08 16:30:41,P3,39.19205856323242,OK,2026-05-08 16:34:00
2026-05-08 16:30:41,P4,39.02436065673828,OK,2026-05-08 16:34:00
2026-05-08 16:30:41,P5,34.76377487182617,OK,2026-05-08 16:34:00
2026-05-08 16:30:41,P6,39.05223083496094,OK,2026-05-08 16:34:00
2026-05-08 16:35:42,P1,44.1,OK,2026-05-08 16:35:42
2026-05-08 16:35:42,P2,36.4,OK,2026-05-08 16:35:42
2026-05-08 16:35:42,P3,37.8,OK,2026-05-08 16:35:42
2026-05-08 16:35:42,P4,36.9,OK,2026-05-08 16:35:42
2026-05-08 16:35:42,P5,35.3,OK,2026-05-08 16:35:42
2026-05-08 16:35:42,P6,36.9,OK,2026-05-08 16:35:42
2026-05-08 16:36:25,P1,38.802024841308594,OK,2026-05-08 16:40:00
2026-05-08 16:36:25,P2,39.02176284790039,OK,2026-05-08 16:40:00
2026-05-08 16:36:25,P3,39.16790771484375,OK,2026-05-08 16:40:00
2026-05-08 16:36:25,P4,39.01595306396485,OK,2026-05-08 16:40:00
2026-05-08 16:36:25,P5,34.73784637451172,OK,2026-05-08 16:40:00
2026-05-08 16:36:25,P6,39.03865051269531,OK,2026-05-08 16:40:00
2026-05-08 16:41:29,P1,44.1,OK,2026-05-08 16:41:29
2026-05-08 16:41:29,P2,36.4,OK,2026-05-08 16:41:29
2026-05-08 16:41:29,P3,37.8,OK,2026-05-08 16:41:29
2026-05-08 16:41:29,P4,36.9,OK,2026-05-08 16:41:29
2026-05-08 16:41:29,P5,35.3,OK,2026-05-08 16:41:29
2026-05-08 16:41:29,P6,36.9,OK,2026-05-08 16:41:29
2026-05-08 16:42:07,P1,38.802024841308594,OK,2026-05-08 16:40:00
2026-05-08 16:42:07,P2,39.02176284790039,OK,2026-05-08 16:40:00
2026-05-08 16:42:07,P3,39.16790771484375,OK,2026-05-08 16:40:00
2026-05-08 16:42:07,P4,39.01595306396485,OK,2026-05-08 16:40:00
2026-05-08 16:42:07,P5,34.73784637451172,OK,2026-05-08 16:40:00
2026-05-08 16:42:07,P6,39.03865051269531,OK,2026-05-08 16:40:00
2026-05-08 16:47:11,P1,44.1,OK,2026-05-08 16:47:11
2026-05-08 16:47:11,P2,36.4,OK,2026-05-08 16:47:11
2026-05-08 16:47:11,P3,37.8,OK,2026-05-08 16:47:11
2026-05-08 16:47:11,P4,36.9,OK,2026-05-08 16:47:11
2026-05-08 16:47:11,P5,35.3,OK,2026-05-08 16:47:11
2026-05-08 16:47:11,P6,36.9,OK,2026-05-08 16:47:11
2026-05-08 16:47:55,P1,39.13028717041016,OK,2026-05-08 16:52:00
2026-05-08 16:47:55,P2,39.40094757080078,OK,2026-05-08 16:52:00
2026-05-08 16:47:55,P3,39.38954544067383,OK,2026-05-08 16:52:00
2026-05-08 16:47:55,P4,39.04005813598633,OK,2026-05-08 16:52:00
2026-05-08 16:47:55,P5,34.987693786621094,OK,2026-05-08 16:52:00
2026-05-08 16:47:55,P6,39.17691421508789,OK,2026-05-08 16:52:00
2026-05-08 16:52:58,P1,44.1,OK,2026-05-08 16:52:58
2026-05-08 16:52:58,P2,36.4,OK,2026-05-08 16:52:58
2026-05-08 16:52:58,P3,37.8,OK,2026-05-08 16:52:58
2026-05-08 16:52:58,P4,36.9,OK,2026-05-08 16:52:58
2026-05-08 16:52:58,P5,35.3,OK,2026-05-08 16:52:58
2026-05-08 16:52:58,P6,36.9,OK,2026-05-08 16:52:58
2026-05-08 16:53:41,P1,39.484596252441406,OK,2026-05-08 16:57:00
2026-05-08 16:53:41,P2,39.69815826416016,OK,2026-05-08 16:57:00
2026-05-08 16:53:41,P3,39.62948226928711,OK,2026-05-08 16:57:00
2026-05-08 16:53:41,P4,39.163841247558594,OK,2026-05-08 16:57:00
2026-05-08 16:53:41,P5,35.23128128051758,OK,2026-05-08 16:57:00
2026-05-08 16:53:41,P6,39.32605743408203,OK,2026-05-08 16:57:00
2026-05-08 16:58:44,P1,44.1,OK,2026-05-08 16:58:44
2026-05-08 16:58:44,P2,36.4,OK,2026-05-08 16:58:44
2026-05-08 16:58:44,P3,37.8,OK,2026-05-08 16:58:44
2026-05-08 16:58:44,P4,36.9,OK,2026-05-08 16:58:44
2026-05-08 16:58:44,P5,35.3,OK,2026-05-08 16:58:44
2026-05-08 16:58:44,P6,36.9,OK,2026-05-08 16:58:44
2026-05-08 16:59:25,P1,39.677677154541016,OK,2026-05-08 17:03:00
2026-05-08 16:59:25,P2,39.7513313293457,OK,2026-05-08 17:03:00
2026-05-08 16:59:25,P3,39.73387908935547,OK,2026-05-08 17:03:00
2026-05-08 16:59:25,P4,39.28928756713867,OK,2026-05-08 17:03:00
2026-05-08 16:59:25,P5,35.36806869506836,OK,2026-05-08 17:03:00
2026-05-08 16:59:25,P6,39.41837310791016,OK,2026-05-08 17:03:00
2026-05-08 17:04:33,P1,44.1,OK,2026-05-08 17:04:33
2026-05-08 17:04:33,P2,36.4,OK,2026-05-08 17:04:33
2026-05-08 17:04:33,P3,37.8,OK,2026-05-08 17:04:33
2026-05-08 17:04:33,P4,36.9,OK,2026-05-08 17:04:33
2026-05-08 17:04:33,P5,35.3,OK,2026-05-08 17:04:33
2026-05-08 17:04:33,P6,36.9,OK,2026-05-08 17:04:33
2026-05-08 17:05:14,P1,39.68765258789063,OK,2026-05-08 17:09:00
2026-05-08 17:05:14,P2,39.75203704833984,OK,2026-05-08 17:09:00
2026-05-08 17:05:14,P3,39.74181365966797,OK,2026-05-08 17:09:00
2026-05-08 17:05:14,P4,39.29840850830078,OK,2026-05-08 17:09:00
2026-05-08 17:05:14,P5,35.37531280517578,OK,2026-05-08 17:09:00
2026-05-08 17:05:14,P6,39.42509841918945,OK,2026-05-08 17:09:00
2026-05-08 17:10:22,P1,44.1,OK,2026-05-08 17:10:22
2026-05-08 17:10:22,P2,36.4,OK,2026-05-08 17:10:22
2026-05-08 17:10:22,P3,37.8,OK,2026-05-08 17:10:22
2026-05-08 17:10:22,P4,36.9,OK,2026-05-08 17:10:22
2026-05-08 17:10:22,P5,35.3,OK,2026-05-08 17:10:22
2026-05-08 17:10:22,P6,36.9,OK,2026-05-08 17:10:22
2026-05-08 17:11:03,P1,39.69452667236328,OK,2026-05-08 17:15:00
2026-05-08 17:11:03,P2,39.75629425048828,OK,2026-05-08 17:15:00
2026-05-08 17:11:03,P3,39.74785232543945,OK,2026-05-08 17:15:00
2026-05-08 17:11:03,P4,39.30583572387695,OK,2026-05-08 17:15:00
2026-05-08 17:11:03,P5,35.38232421875,OK,2026-05-08 17:15:00
2026-05-08 17:11:03,P6,39.433223724365234,OK,2026-05-08 17:15:00
2026-05-08 17:16:06,P1,44.1,OK,2026-05-08 17:16:06
2026-05-08 17:16:06,P2,36.4,OK,2026-05-08 17:16:06
2026-05-08 17:16:06,P3,37.8,OK,2026-05-08 17:16:06
2026-05-08 17:16:06,P4,36.9,OK,2026-05-08 17:16:06
2026-05-08 17:16:06,P5,35.3,OK,2026-05-08 17:16:06
2026-05-08 17:16:06,P6,36.9,OK,2026-05-08 17:16:06
2026-05-08 17:16:48,P1,39.69660949707031,OK,2026-05-08 17:21:00
2026-05-08 17:16:48,P2,39.75004577636719,OK,2026-05-08 17:21:00
2026-05-08 17:16:48,P3,39.74142837524414,OK,2026-05-08 17:21:00
2026-05-08 17:16:48,P4,39.30141830444336,OK,2026-05-08 17:21:00
2026-05-08 17:16:48,P5,35.376827239990234,OK,2026-05-08 17:21:00
2026-05-08 17:16:48,P6,39.42144775390625,OK,2026-05-08 17:21:00
2026-05-08 17:21:49,P1,44.1,OK,2026-05-08 17:21:49
2026-05-08 17:21:49,P2,36.4,OK,2026-05-08 17:21:49
2026-05-08 17:21:49,P3,37.8,OK,2026-05-08 17:21:49
2026-05-08 17:21:49,P4,36.9,OK,2026-05-08 17:21:49
2026-05-08 17:21:49,P5,35.3,OK,2026-05-08 17:21:49
2026-05-08 17:21:49,P6,36.9,OK,2026-05-08 17:21:49
2026-05-08 17:22:30,P1,39.67545700073242,OK,2026-05-08 17:26:00
2026-05-08 17:22:30,P2,39.74957656860352,OK,2026-05-08 17:26:00
2026-05-08 17:22:30,P3,39.73004913330078,OK,2026-05-08 17:26:00
2026-05-08 17:22:30,P4,39.28040313720703,OK,2026-05-08 17:26:00
2026-05-08 17:22:30,P5,35.36041641235352,OK,2026-05-08 17:26:00
2026-05-08 17:22:30,P6,39.40719604492188,OK,2026-05-08 17:26:00
2026-05-08 17:27:34,P1,44.1,OK,2026-05-08 17:27:34
2026-05-08 17:27:34,P2,36.4,OK,2026-05-08 17:27:34
2026-05-08 17:27:34,P3,37.8,OK,2026-05-08 17:27:34
2026-05-08 17:27:34,P4,36.9,OK,2026-05-08 17:27:34
2026-05-08 17:27:34,P5,35.3,OK,2026-05-08 17:27:34
2026-05-08 17:27:34,P6,36.9,OK,2026-05-08 17:27:34
2026-05-08 17:28:14,P1,39.64111709594727,OK,2026-05-08 17:32:00
2026-05-08 17:28:14,P2,39.72524642944336,OK,2026-05-08 17:32:00
2026-05-08 17:28:14,P3,39.70775985717773,OK,2026-05-08 17:32:00
2026-05-08 17:28:14,P4,39.26007843017578,OK,2026-05-08 17:32:00
2026-05-08 17:28:14,P5,35.333194732666016,OK,2026-05-08 17:32:00
2026-05-08 17:28:14,P6,39.38702392578125,OK,2026-05-08 17:32:00
2026-05-08 17:33:18,P1,44.1,OK,2026-05-08 17:33:18
2026-05-08 17:33:18,P2,36.4,OK,2026-05-08 17:33:18
2026-05-08 17:33:18,P3,37.8,OK,2026-05-08 17:33:18
2026-05-08 17:33:18,P4,36.9,OK,2026-05-08 17:33:18
2026-05-08 17:33:18,P5,35.3,OK,2026-05-08 17:33:18
2026-05-08 17:33:18,P6,36.9,OK,2026-05-08 17:33:18
2026-05-08 17:34:00,P1,39.64105987548828,OK,2026-05-08 17:38:00
2026-05-08 17:34:00,P2,39.71940231323242,OK,2026-05-08 17:38:00
2026-05-08 17:34:00,P3,39.70913696289063,OK,2026-05-08 17:38:00
2026-05-08 17:34:00,P4,39.26481628417969,OK,2026-05-08 17:38:00
2026-05-08 17:34:00,P5,35.33501434326172,OK,2026-05-08 17:38:00
2026-05-08 17:34:00,P6,39.39003753662109,OK,2026-05-08 17:38:00
2026-05-08 17:39:08,P1,44.1,OK,2026-05-08 17:39:08
2026-05-08 17:39:08,P2,36.4,OK,2026-05-08 17:39:08
2026-05-08 17:39:08,P3,37.8,OK,2026-05-08 17:39:08
2026-05-08 17:39:08,P4,36.9,OK,2026-05-08 17:39:08
2026-05-08 17:39:08,P5,35.3,OK,2026-05-08 17:39:08
2026-05-08 17:39:08,P6,36.9,OK,2026-05-08 17:39:08
2026-05-08 17:39:49,P1,39.65348434448242,OK,2026-05-08 17:44:00
2026-05-08 17:39:49,P2,39.729000091552734,OK,2026-05-08 17:44:00
2026-05-08 17:39:49,P3,39.71609878540039,OK,2026-05-08 17:44:00
2026-05-08 17:39:49,P4,39.27254867553711,OK,2026-05-08 17:44:00
2026-05-08 17:39:49,P5,35.34492492675781,OK,2026-05-08 17:44:00
2026-05-08 17:39:49,P6,39.39735794067383,OK,2026-05-08 17:44:00
2026-05-08 17:44:53,P1,44.1,OK,2026-05-08 17:44:53
2026-05-08 17:44:53,P2,36.4,OK,2026-05-08 17:44:53
2026-05-08 17:44:53,P3,37.8,OK,2026-05-08 17:44:53
2026-05-08 17:44:53,P4,36.9,OK,2026-05-08 17:44:53
2026-05-08 17:44:53,P5,35.3,OK,2026-05-08 17:44:53
2026-05-08 17:44:53,P6,36.9,OK,2026-05-08 17:44:53
2026-05-08 17:45:37,P1,39.66496658325195,OK,2026-05-08 17:49:00
2026-05-08 17:45:37,P2,39.74184799194336,OK,2026-05-08 17:49:00
2026-05-08 17:45:37,P3,39.72502136230469,OK,2026-05-08 17:49:00
2026-05-08 17:45:37,P4,39.27949523925781,OK,2026-05-08 17:49:00
2026-05-08 17:45:37,P5,35.35551071166992,OK,2026-05-08 17:49:00
2026-05-08 17:45:37,P6,39.40690612792969,OK,2026-05-08 17:49:00
2026-05-08 21:48:21,P1,41.4,OK,2026-05-08 21:48:21
2026-05-08 21:48:21,P2,33.7,OK,2026-05-08 21:48:21
2026-05-08 21:48:21,P3,35.7,OK,2026-05-08 21:48:21
2026-05-08 21:48:21,P4,33.2,OK,2026-05-08 21:48:21
2026-05-08 21:48:21,P5,32.5,OK,2026-05-08 21:48:21
2026-05-08 21:48:21,P6,33.6,OK,2026-05-08 21:48:21
2026-05-08 21:48:59,P1,37.570194244384766,OK,2026-05-08 21:53:00
2026-05-08 21:48:59,P2,37.9215202331543,OK,2026-05-08 21:53:00
2026-05-08 21:48:59,P3,38.050086975097656,OK,2026-05-08 21:53:00
2026-05-08 21:48:59,P4,37.96305465698242,OK,2026-05-08 21:53:00
2026-05-08 21:48:59,P5,33.755096435546875,OK,2026-05-08 21:53:00
2026-05-08 21:48:59,P6,38.202125549316406,OK,2026-05-08 21:53:00
2026-05-08 21:54:01,P1,42.1,OK,2026-05-08 21:54:01
2026-05-08 21:54:01,P2,33.9,OK,2026-05-08 21:54:01
2026-05-08 21:54:01,P3,36.4,OK,2026-05-08 21:54:01
2026-05-08 21:54:01,P4,33.9,OK,2026-05-08 21:54:01
2026-05-08 21:54:01,P5,32.5,OK,2026-05-08 21:54:01
2026-05-08 21:54:01,P6,33.7,OK,2026-05-08 21:54:01
2026-05-08 21:54:39,P1,37.775821685791016,OK,2026-05-08 21:59:00
2026-05-08 21:54:39,P2,38.12444686889648,OK,2026-05-08 21:59:00
2026-05-08 21:54:39,P3,38.23837661743164,OK,2026-05-08 21:59:00
2026-05-08 21:54:39,P4,38.083778381347656,OK,2026-05-08 21:59:00
2026-05-08 21:54:39,P5,33.93706512451172,OK,2026-05-08 21:59:00
2026-05-08 21:54:39,P6,38.33039474487305,OK,2026-05-08 21:59:00
2026-05-08 21:54:59,P1,41.6,OK,2026-05-08 21:54:59
2026-05-08 21:54:59,P2,33.4,OK,2026-05-08 21:54:59
2026-05-08 21:54:59,P3,36.3,OK,2026-05-08 21:54:59
2026-05-08 21:54:59,P4,32.9,OK,2026-05-08 21:54:59
2026-05-08 21:54:59,P5,32.1,OK,2026-05-08 21:54:59
2026-05-08 21:54:59,P6,32.8,OK,2026-05-08 21:54:59
2026-05-08 21:55:38,P1,37.64362716674805,OK,2026-05-08 21:59:00
2026-05-08 21:55:38,P2,37.9767951965332,OK,2026-05-08 21:59:00
2026-05-08 21:55:38,P3,38.12273406982422,OK,2026-05-08 21:59:00
2026-05-08 21:55:38,P4,38.01041030883789,OK,2026-05-08 21:59:00
2026-05-08 21:55:38,P5,33.81303024291992,OK,2026-05-08 21:59:00
2026-05-08 21:55:38,P6,38.24111557006836,OK,2026-05-08 21:59:00
2026-05-08 22:00:39,P1,41.1,OK,2026-05-08 22:00:39
2026-05-08 22:00:39,P2,33.3,OK,2026-05-08 22:00:39
2026-05-08 22:00:39,P3,35.7,OK,2026-05-08 22:00:39
2026-05-08 22:00:39,P4,32.9,OK,2026-05-08 22:00:39
2026-05-08 22:00:39,P5,32.1,OK,2026-05-08 22:00:39
2026-05-08 22:00:39,P6,33.2,OK,2026-05-08 22:00:39
2026-05-08 22:01:17,P1,37.420597076416016,OK,2026-05-08 22:05:00
2026-05-08 22:01:17,P2,37.76694869995117,OK,2026-05-08 22:05:00
2026-05-08 22:01:17,P3,37.91925430297852,OK,2026-05-08 22:05:00
2026-05-08 22:01:17,P4,37.8803939819336,OK,2026-05-08 22:05:00
2026-05-08 22:01:17,P5,33.61792755126953,OK,2026-05-08 22:05:00
2026-05-08 22:01:17,P6,38.109352111816406,OK,2026-05-08 22:05:00
2026-05-08 22:06:18,P1,41.1,OK,2026-05-08 22:06:18
2026-05-08 22:06:18,P2,33.3,OK,2026-05-08 22:06:18
2026-05-08 22:06:18,P3,35.7,OK,2026-05-08 22:06:18
2026-05-08 22:06:18,P4,32.9,OK,2026-05-08 22:06:18
2026-05-08 22:06:18,P5,32.1,OK,2026-05-08 22:06:18
2026-05-08 22:06:18,P6,33.2,OK,2026-05-08 22:06:18
2026-05-08 22:06:57,P1,37.32192611694336,OK,2026-05-08 22:11:00
2026-05-08 22:06:57,P2,37.67597579956055,OK,2026-05-08 22:11:00
2026-05-08 22:06:57,P3,37.83029556274414,OK,2026-05-08 22:11:00
2026-05-08 22:06:57,P4,37.821380615234375,OK,2026-05-08 22:11:00
2026-05-08 22:06:57,P5,33.52994155883789,OK,2026-05-08 22:11:00
2026-05-08 22:06:57,P6,38.05148696899414,OK,2026-05-08 22:11:00
2026-05-08 22:11:58,P1,41.1,OK,2026-05-08 22:11:58
2026-05-08 22:11:58,P2,33.3,OK,2026-05-08 22:11:58
2026-05-08 22:11:58,P3,35.7,OK,2026-05-08 22:11:58
2026-05-08 22:11:58,P4,32.9,OK,2026-05-08 22:11:58
2026-05-08 22:11:58,P5,32.1,OK,2026-05-08 22:11:58
2026-05-08 22:11:58,P6,33.2,OK,2026-05-08 22:11:58
2026-05-08 22:12:36,P1,37.26584243774414,OK,2026-05-08 22:16:00
2026-05-08 22:12:36,P2,37.62238311767578,OK,2026-05-08 22:16:00
2026-05-08 22:12:36,P3,37.78335189819336,OK,2026-05-08 22:16:00
2026-05-08 22:12:36,P4,37.794395446777344,OK,2026-05-08 22:16:00
2026-05-08 22:12:36,P5,33.476497650146484,OK,2026-05-08 22:16:00
2026-05-08 22:12:36,P6,38.01901245117188,OK,2026-05-08 22:16:00
2026-05-08 22:17:37,P1,41.1,OK,2026-05-08 22:17:37
2026-05-08 22:17:37,P2,33.3,OK,2026-05-08 22:17:37
2026-05-08 22:17:37,P3,35.7,OK,2026-05-08 22:17:37
2026-05-08 22:17:37,P4,32.9,OK,2026-05-08 22:17:37
2026-05-08 22:17:37,P5,32.1,OK,2026-05-08 22:17:37
2026-05-08 22:17:37,P6,33.2,OK,2026-05-08 22:17:37
2026-05-08 22:18:16,P1,37.21413803100586,OK,2026-05-08 22:22:00
2026-05-08 22:18:16,P2,37.57326889038086,OK,2026-05-08 22:22:00
2026-05-08 22:18:16,P3,37.74045181274414,OK,2026-05-08 22:22:00
2026-05-08 22:18:16,P4,37.76997756958008,OK,2026-05-08 22:22:00
2026-05-08 22:18:16,P5,33.42666244506836,OK,2026-05-08 22:22:00
2026-05-08 22:18:16,P6,37.98880386352539,OK,2026-05-08 22:22:00
2026-05-08 22:23:17,P1,41.1,OK,2026-05-08 22:23:17
2026-05-08 22:23:17,P2,33.3,OK,2026-05-08 22:23:17
2026-05-08 22:23:17,P3,35.7,OK,2026-05-08 22:23:17
2026-05-08 22:23:17,P4,32.9,OK,2026-05-08 22:23:17
2026-05-08 22:23:17,P5,32.1,OK,2026-05-08 22:23:17
2026-05-08 22:23:17,P6,33.2,OK,2026-05-08 22:23:17
2026-05-08 22:23:55,P1,37.17873764038086,OK,2026-05-08 22:28:00
2026-05-08 22:23:55,P2,37.5388298034668,OK,2026-05-08 22:28:00
2026-05-08 22:23:55,P3,37.71131896972656,OK,2026-05-08 22:28:00
2026-05-08 22:23:55,P4,37.754127502441406,OK,2026-05-08 22:28:00
2026-05-08 22:23:55,P5,33.39210510253906,OK,2026-05-08 22:28:00
2026-05-08 22:23:55,P6,37.96793365478516,OK,2026-05-08 22:28:00
2026-05-08 22:28:56,P1,41.1,OK,2026-05-08 22:28:56
2026-05-08 22:28:56,P2,33.3,OK,2026-05-08 22:28:56
2026-05-08 22:28:56,P3,35.7,OK,2026-05-08 22:28:56
2026-05-08 22:28:56,P4,32.9,OK,2026-05-08 22:28:56
2026-05-08 22:28:56,P5,32.1,OK,2026-05-08 22:28:56
2026-05-08 22:28:56,P6,33.2,OK,2026-05-08 22:28:56
2026-05-08 22:29:35,P1,37.15965270996094,OK,2026-05-08 22:33:00
2026-05-08 22:29:35,P2,37.519020080566406,OK,2026-05-08 22:33:00
2026-05-08 22:29:35,P3,37.6958236694336,OK,2026-05-08 22:33:00
2026-05-08 22:29:35,P4,37.74638748168945,OK,2026-05-08 22:33:00
2026-05-08 22:29:35,P5,33.37319564819336,OK,2026-05-08 22:33:00
2026-05-08 22:29:35,P6,37.95652389526367,OK,2026-05-08 22:33:00
2026-05-08 22:34:36,P1,41.1,OK,2026-05-08 22:34:36
2026-05-08 22:34:36,P2,33.3,OK,2026-05-08 22:34:36
2026-05-08 22:34:36,P3,35.7,OK,2026-05-08 22:34:36
2026-05-08 22:34:36,P4,32.9,OK,2026-05-08 22:34:36
2026-05-08 22:34:36,P5,32.1,OK,2026-05-08 22:34:36
2026-05-08 22:34:36,P6,33.2,OK,2026-05-08 22:34:36
2026-05-08 22:35:13,P1,37.144290924072266,OK,2026-05-08 22:39:00
2026-05-08 22:35:13,P2,37.50333786010742,OK,2026-05-08 22:39:00
2026-05-08 22:35:13,P3,37.68328857421875,OK,2026-05-08 22:39:00
2026-05-08 22:35:13,P4,37.7401123046875,OK,2026-05-08 22:39:00
2026-05-08 22:35:13,P5,33.35795974731445,OK,2026-05-08 22:39:00
2026-05-08 22:35:13,P6,37.94730758666992,OK,2026-05-08 22:39:00
2026-05-08 22:40:14,P1,41.1,OK,2026-05-08 22:40:14
2026-05-08 22:40:14,P2,33.3,OK,2026-05-08 22:40:14
2026-05-08 22:40:14,P3,35.7,OK,2026-05-08 22:40:14
2026-05-08 22:40:14,P4,32.9,OK,2026-05-08 22:40:14
2026-05-08 22:40:14,P5,32.1,OK,2026-05-08 22:40:14
2026-05-08 22:40:14,P6,33.2,OK,2026-05-08 22:40:14
2026-05-08 22:40:52,P1,37.13440704345703,OK,2026-05-08 22:45:00
2026-05-08 22:40:52,P2,37.49181365966797,OK,2026-05-08 22:45:00
2026-05-08 22:40:52,P3,37.675628662109375,OK,2026-05-08 22:45:00
2026-05-08 22:40:52,P4,37.736934661865234,OK,2026-05-08 22:45:00
2026-05-08 22:40:52,P5,33.34773635864258,OK,2026-05-08 22:45:00
2026-05-08 22:40:52,P6,37.9412841796875,OK,2026-05-08 22:45:00
2026-05-08 22:45:54,P1,41.1,OK,2026-05-08 22:45:54
2026-05-08 22:45:54,P2,33.3,OK,2026-05-08 22:45:54
2026-05-08 22:45:54,P3,35.7,OK,2026-05-08 22:45:54
2026-05-08 22:45:54,P4,32.9,OK,2026-05-08 22:45:54
2026-05-08 22:45:54,P5,32.1,OK,2026-05-08 22:45:54
2026-05-08 22:45:54,P6,33.2,OK,2026-05-08 22:45:54
2026-05-08 22:46:32,P1,37.12949752807617,OK,2026-05-08 22:50:00
2026-05-08 22:46:32,P2,37.48481369018555,OK,2026-05-08 22:50:00
2026-05-08 22:46:32,P3,37.67219924926758,OK,2026-05-08 22:50:00
2026-05-08 22:46:32,P4,37.73611068725586,OK,2026-05-08 22:50:00
2026-05-08 22:46:32,P5,33.34234619140625,OK,2026-05-08 22:50:00
2026-05-08 22:46:32,P6,37.93817138671875,OK,2026-05-08 22:50:00
2026-05-08 22:51:33,P1,41.1,OK,2026-05-08 22:51:33
2026-05-08 22:51:33,P2,33.3,OK,2026-05-08 22:51:33
2026-05-08 22:51:33,P3,35.7,OK,2026-05-08 22:51:33
2026-05-08 22:51:33,P4,32.9,OK,2026-05-08 22:51:33
2026-05-08 22:51:33,P5,32.1,OK,2026-05-08 22:51:33
2026-05-08 22:51:33,P6,33.2,OK,2026-05-08 22:51:33
2026-05-08 22:52:10,P1,37.139259338378906,OK,2026-05-08 22:56:00
2026-05-08 22:52:10,P2,37.503700256347656,OK,2026-05-08 22:56:00
2026-05-08 22:52:10,P3,37.67859649658203,OK,2026-05-08 22:56:00
2026-05-08 22:52:10,P4,37.73849105834961,OK,2026-05-08 22:56:00
2026-05-08 22:52:10,P5,33.35296630859375,OK,2026-05-08 22:56:00
2026-05-08 22:52:10,P6,37.94578170776367,OK,2026-05-08 22:56:00
2026-05-08 22:57:12,P1,41.1,OK,2026-05-08 22:57:12
2026-05-08 22:57:12,P2,33.3,OK,2026-05-08 22:57:12
2026-05-08 22:57:12,P3,35.7,OK,2026-05-08 22:57:12
2026-05-08 22:57:12,P4,32.9,OK,2026-05-08 22:57:12
2026-05-08 22:57:12,P5,32.1,OK,2026-05-08 22:57:12
2026-05-08 22:57:12,P6,33.2,OK,2026-05-08 22:57:12
2026-05-08 22:57:51,P1,37.117919921875,OK,2026-05-08 23:02:00
2026-05-08 22:57:51,P2,37.485328674316406,OK,2026-05-08 23:02:00
2026-05-08 22:57:51,P3,37.66071701049805,OK,2026-05-08 23:02:00
2026-05-08 22:57:51,P4,37.72735595703125,OK,2026-05-08 23:02:00
2026-05-08 22:57:51,P5,33.33343505859375,OK,2026-05-08 23:02:00
2026-05-08 22:57:51,P6,37.9336166381836,OK,2026-05-08 23:02:00
2026-05-08 23:02:52,P1,41.1,OK,2026-05-08 23:02:52
2026-05-08 23:02:52,P2,33.3,OK,2026-05-08 23:02:52
2026-05-08 23:02:52,P3,35.7,OK,2026-05-08 23:02:52
2026-05-08 23:02:52,P4,32.9,OK,2026-05-08 23:02:52
2026-05-08 23:02:52,P5,32.1,OK,2026-05-08 23:02:52
2026-05-08 23:02:52,P6,33.2,OK,2026-05-08 23:02:52
2026-05-08 23:03:31,P1,37.12276840209961,OK,2026-05-08 23:07:00
2026-05-08 23:03:31,P2,37.48458480834961,OK,2026-05-08 23:07:00
2026-05-08 23:03:31,P3,37.665958404541016,OK,2026-05-08 23:07:00
2026-05-08 23:03:31,P4,37.73213577270508,OK,2026-05-08 23:07:00
2026-05-08 23:03:31,P5,33.33678436279297,OK,2026-05-08 23:07:00
2026-05-08 23:03:31,P6,37.93552017211914,OK,2026-05-08 23:07:00
2026-05-08 23:08:32,P1,41.1,OK,2026-05-08 23:08:32
2026-05-08 23:08:32,P2,33.3,OK,2026-05-08 23:08:32
2026-05-08 23:08:32,P3,35.7,OK,2026-05-08 23:08:32
2026-05-08 23:08:32,P4,32.9,OK,2026-05-08 23:08:32
2026-05-08 23:08:32,P5,32.1,OK,2026-05-08 23:08:32
2026-05-08 23:08:32,P6,33.2,OK,2026-05-08 23:08:32
2026-05-08 23:09:10,P1,37.14009475708008,OK,2026-05-08 23:13:00
2026-05-08 23:09:10,P2,37.49917984008789,OK,2026-05-08 23:13:00
2026-05-08 23:09:10,P3,37.68070983886719,OK,2026-05-08 23:13:00
2026-05-08 23:09:10,P4,37.74116516113281,OK,2026-05-08 23:13:00
2026-05-08 23:09:10,P5,33.35294342041016,OK,2026-05-08 23:13:00
2026-05-08 23:09:10,P6,37.94538116455078,OK,2026-05-08 23:13:00
2026-05-08 23:14:11,P1,41.1,OK,2026-05-08 23:14:11
2026-05-08 23:14:11,P2,33.3,OK,2026-05-08 23:14:11
2026-05-08 23:14:11,P3,35.7,OK,2026-05-08 23:14:11
2026-05-08 23:14:11,P4,32.9,OK,2026-05-08 23:14:11
2026-05-08 23:14:11,P5,32.1,OK,2026-05-08 23:14:11
2026-05-08 23:14:11,P6,33.2,OK,2026-05-08 23:14:11
2026-05-08 23:14:50,P1,37.15259552001953,OK,2026-05-08 23:19:00
2026-05-08 23:14:50,P2,37.51113128662109,OK,2026-05-08 23:19:00
2026-05-08 23:14:50,P3,37.69118118286133,OK,2026-05-08 23:19:00
2026-05-08 23:14:50,P4,37.74689483642578,OK,2026-05-08 23:19:00
2026-05-08 23:14:50,P5,33.365116119384766,OK,2026-05-08 23:19:00
2026-05-08 23:14:50,P6,37.95287322998047,OK,2026-05-08 23:19:00
2026-05-08 23:19:51,P1,41.1,OK,2026-05-08 23:19:51
2026-05-08 23:19:51,P2,33.3,OK,2026-05-08 23:19:51
2026-05-08 23:19:51,P3,35.7,OK,2026-05-08 23:19:51
2026-05-08 23:19:51,P4,32.9,OK,2026-05-08 23:19:51
2026-05-08 23:19:51,P5,32.1,OK,2026-05-08 23:19:51
2026-05-08 23:19:51,P6,33.2,OK,2026-05-08 23:19:51
2026-05-08 23:20:30,P1,37.1650276184082,OK,2026-05-08 23:24:00
2026-05-08 23:20:30,P2,37.520809173583984,OK,2026-05-08 23:24:00
2026-05-08 23:20:30,P3,37.70209503173828,OK,2026-05-08 23:24:00
2026-05-08 23:20:30,P4,37.75312805175781,OK,2026-05-08 23:24:00
2026-05-08 23:20:30,P5,33.37680435180664,OK,2026-05-08 23:24:00
2026-05-08 23:20:30,P6,37.9598388671875,OK,2026-05-08 23:24:00
2026-05-08 23:25:31,P1,41.1,OK,2026-05-08 23:25:31
2026-05-08 23:25:31,P2,33.3,OK,2026-05-08 23:25:31
2026-05-08 23:25:31,P3,35.7,OK,2026-05-08 23:25:31
2026-05-08 23:25:31,P4,32.9,OK,2026-05-08 23:25:31
2026-05-08 23:25:31,P5,32.1,OK,2026-05-08 23:25:31
2026-05-08 23:25:31,P6,33.2,OK,2026-05-08 23:25:31
2026-05-08 23:26:09,P1,37.1957893371582,OK,2026-05-08 23:30:00
2026-05-08 23:26:09,P2,37.5468978881836,OK,2026-05-08 23:30:00
2026-05-08 23:26:09,P3,37.728981018066406,OK,2026-05-08 23:30:00
2026-05-08 23:26:09,P4,37.76872634887695,OK,2026-05-08 23:30:00
2026-05-08 23:26:09,P5,33.40641021728516,OK,2026-05-08 23:30:00
2026-05-08 23:26:09,P6,37.977577209472656,OK,2026-05-08 23:30:00
2026-05-08 23:31:10,P1,41.1,OK,2026-05-08 23:31:10
2026-05-08 23:31:10,P2,33.3,OK,2026-05-08 23:31:10
2026-05-08 23:31:10,P3,35.7,OK,2026-05-08 23:31:10
2026-05-08 23:31:10,P4,32.9,OK,2026-05-08 23:31:10
2026-05-08 23:31:10,P5,32.1,OK,2026-05-08 23:31:10
2026-05-08 23:31:10,P6,33.2,OK,2026-05-08 23:31:10
2026-05-08 23:31:47,P1,37.24861526489258,OK,2026-05-08 23:36:00
2026-05-08 23:31:47,P2,37.59962844848633,OK,2026-05-08 23:36:00
2026-05-08 23:31:47,P3,37.773094177246094,OK,2026-05-08 23:36:00
2026-05-08 23:31:47,P4,37.793827056884766,OK,2026-05-08 23:36:00
2026-05-08 23:31:47,P5,33.45777130126953,OK,2026-05-08 23:36:00
2026-05-08 23:31:47,P6,38.010528564453125,OK,2026-05-08 23:36:00
2026-05-08 23:36:48,P1,41.1,OK,2026-05-08 23:36:48
2026-05-08 23:36:48,P2,33.3,OK,2026-05-08 23:36:48
2026-05-08 23:36:48,P3,35.7,OK,2026-05-08 23:36:48
2026-05-08 23:36:48,P4,32.9,OK,2026-05-08 23:36:48
2026-05-08 23:36:48,P5,32.1,OK,2026-05-08 23:36:48
2026-05-08 23:36:48,P6,33.2,OK,2026-05-08 23:36:48
2026-05-08 23:37:26,P1,37.2558708190918,OK,2026-05-08 23:41:00
2026-05-08 23:37:26,P2,37.60882186889648,OK,2026-05-08 23:41:00
2026-05-08 23:37:26,P3,37.775875091552734,OK,2026-05-08 23:41:00
2026-05-08 23:37:26,P4,37.793304443359375,OK,2026-05-08 23:41:00
2026-05-08 23:37:26,P5,33.4658088684082,OK,2026-05-08 23:41:00
2026-05-08 23:37:26,P6,38.013553619384766,OK,2026-05-08 23:41:00
2026-05-08 23:42:27,P1,41.1,OK,2026-05-08 23:42:27
2026-05-08 23:42:27,P2,33.3,OK,2026-05-08 23:42:27
2026-05-08 23:42:27,P3,35.7,OK,2026-05-08 23:42:27
2026-05-08 23:42:27,P4,32.9,OK,2026-05-08 23:42:27
2026-05-08 23:42:27,P5,32.1,OK,2026-05-08 23:42:27
2026-05-08 23:42:27,P6,33.2,OK,2026-05-08 23:42:27
2026-05-08 23:43:05,P1,37.25348281860352,OK,2026-05-08 23:47:00
2026-05-08 23:43:05,P2,37.60599136352539,OK,2026-05-08 23:47:00
2026-05-08 23:43:05,P3,37.77399063110352,OK,2026-05-08 23:47:00
2026-05-08 23:43:05,P4,37.79235458374024,OK,2026-05-08 23:47:00
2026-05-08 23:43:05,P5,33.463375091552734,OK,2026-05-08 23:47:00
2026-05-08 23:43:05,P6,38.0117416381836,OK,2026-05-08 23:47:00
2026-05-08 23:48:06,P1,41.1,OK,2026-05-08 23:48:06
2026-05-08 23:48:06,P2,33.3,OK,2026-05-08 23:48:06
2026-05-08 23:48:06,P3,35.7,OK,2026-05-08 23:48:06
2026-05-08 23:48:06,P4,32.9,OK,2026-05-08 23:48:06
2026-05-08 23:48:06,P5,32.1,OK,2026-05-08 23:48:06
2026-05-08 23:48:06,P6,33.2,OK,2026-05-08 23:48:06
2026-05-08 23:48:44,P1,37.25384521484375,OK,2026-05-08 23:53:00
2026-05-08 23:48:44,P2,37.60541534423828,OK,2026-05-08 23:53:00
2026-05-08 23:48:44,P3,37.774444580078125,OK,2026-05-08 23:53:00
2026-05-08 23:48:44,P4,37.79302597045898,OK,2026-05-08 23:53:00
2026-05-08 23:48:44,P5,33.46350860595703,OK,2026-05-08 23:53:00
2026-05-08 23:48:44,P6,38.01179885864258,OK,2026-05-08 23:53:00
2026-05-08 23:53:45,P1,41.1,OK,2026-05-08 23:53:45
2026-05-08 23:53:45,P2,33.3,OK,2026-05-08 23:53:45
2026-05-08 23:53:45,P3,35.7,OK,2026-05-08 23:53:45
2026-05-08 23:53:45,P4,32.9,OK,2026-05-08 23:53:45
2026-05-08 23:53:45,P5,32.1,OK,2026-05-08 23:53:45
2026-05-08 23:53:45,P6,33.2,OK,2026-05-08 23:53:45
2026-05-08 23:54:22,P1,37.24785232543945,OK,2026-05-08 23:58:00
2026-05-08 23:54:22,P2,37.59988784790039,OK,2026-05-08 23:58:00
2026-05-08 23:54:22,P3,37.76927947998047,OK,2026-05-08 23:58:00
2026-05-08 23:54:22,P4,37.78968811035156,OK,2026-05-08 23:58:00
2026-05-08 23:54:22,P5,33.45775604248047,OK,2026-05-08 23:58:00
2026-05-08 23:54:22,P6,38.00845718383789,OK,2026-05-08 23:58:00
2026-05-08 23:59:23,P1,41.1,OK,2026-05-08 23:59:23
2026-05-08 23:59:23,P2,33.3,OK,2026-05-08 23:59:23
2026-05-08 23:59:23,P3,35.7,OK,2026-05-08 23:59:23
2026-05-08 23:59:23,P4,32.9,OK,2026-05-08 23:59:23
2026-05-08 23:59:23,P5,32.1,OK,2026-05-08 23:59:23
2026-05-08 23:59:23,P6,33.2,OK,2026-05-08 23:59:23
2026-05-09 00:00:01,P1,37.24883270263672,OK,2026-05-09 00:04:00
2026-05-09 00:00:01,P2,37.601261138916016,OK,2026-05-09 00:04:00
2026-05-09 00:00:01,P3,37.7700080871582,OK,2026-05-09 00:04:00
2026-05-09 00:00:01,P4,37.78964614868164,OK,2026-05-09 00:04:00
2026-05-09 00:00:01,P5,33.45879364013672,OK,2026-05-09 00:04:00
2026-05-09 00:00:01,P6,38.00885391235352,OK,2026-05-09 00:04:00
2026-05-09 00:05:02,P1,41.1,OK,2026-05-09 00:05:02
2026-05-09 00:05:02,P2,33.3,OK,2026-05-09 00:05:02
2026-05-09 00:05:02,P3,35.7,OK,2026-05-09 00:05:02
2026-05-09 00:05:02,P4,32.9,OK,2026-05-09 00:05:02
2026-05-09 00:05:02,P5,32.1,OK,2026-05-09 00:05:02
2026-05-09 00:05:02,P6,33.2,OK,2026-05-09 00:05:02
2026-05-09 00:05:40,P1,37.249473571777344,OK,2026-05-09 00:10:00
2026-05-09 00:05:40,P2,37.60090255737305,OK,2026-05-09 00:10:00
2026-05-09 00:05:40,P3,37.7707405090332,OK,2026-05-09 00:10:00
2026-05-09 00:05:40,P4,37.79080581665039,OK,2026-05-09 00:10:00
2026-05-09 00:05:40,P5,33.45921325683594,OK,2026-05-09 00:10:00
2026-05-09 00:05:40,P6,38.00912094116211,OK,2026-05-09 00:10:00
2026-05-09 00:10:41,P1,41.1,OK,2026-05-09 00:10:41
2026-05-09 00:10:41,P2,33.3,OK,2026-05-09 00:10:41
2026-05-09 00:10:41,P3,35.7,OK,2026-05-09 00:10:41
2026-05-09 00:10:41,P4,32.9,OK,2026-05-09 00:10:41
2026-05-09 00:10:41,P5,32.1,OK,2026-05-09 00:10:41
2026-05-09 00:10:41,P6,33.2,OK,2026-05-09 00:10:41
2026-05-09 00:11:19,P1,37.25007247924805,OK,2026-05-09 00:15:00
2026-05-09 00:11:19,P2,37.60114669799805,OK,2026-05-09 00:15:00
2026-05-09 00:11:19,P3,37.771217346191406,OK,2026-05-09 00:15:00
2026-05-09 00:11:19,P4,37.79108428955078,OK,2026-05-09 00:15:00
2026-05-09 00:11:19,P5,33.45976638793945,OK,2026-05-09 00:15:00
2026-05-09 00:11:19,P6,38.00936508178711,OK,2026-05-09 00:15:00
2026-05-09 00:16:20,P1,41.1,OK,2026-05-09 00:16:20
2026-05-09 00:16:20,P2,33.3,OK,2026-05-09 00:16:20
2026-05-09 00:16:20,P3,35.7,OK,2026-05-09 00:16:20
2026-05-09 00:16:20,P4,32.9,OK,2026-05-09 00:16:20
2026-05-09 00:16:20,P5,32.1,OK,2026-05-09 00:16:20
2026-05-09 00:16:20,P6,33.2,OK,2026-05-09 00:16:20
2026-05-09 00:16:57,P1,37.25147247314453,OK,2026-05-09 00:21:00
2026-05-09 00:16:57,P2,37.6020622253418,OK,2026-05-09 00:21:00
2026-05-09 00:16:57,P3,37.77251815795898,OK,2026-05-09 00:21:00
2026-05-09 00:16:57,P4,37.79194259643555,OK,2026-05-09 00:21:00
2026-05-09 00:16:57,P5,33.46104431152344,OK,2026-05-09 00:21:00
2026-05-09 00:16:57,P6,38.010135650634766,OK,2026-05-09 00:21:00
2026-05-09 00:21:59,P1,41.1,OK,2026-05-09 00:21:59
2026-05-09 00:21:59,P2,33.3,OK,2026-05-09 00:21:59
2026-05-09 00:21:59,P3,35.7,OK,2026-05-09 00:21:59
2026-05-09 00:21:59,P4,32.9,OK,2026-05-09 00:21:59
2026-05-09 00:21:59,P5,32.1,OK,2026-05-09 00:21:59
2026-05-09 00:21:59,P6,33.2,OK,2026-05-09 00:21:59
2026-05-09 00:22:37,P1,37.25326919555664,OK,2026-05-09 00:26:00
2026-05-09 00:22:37,P2,37.60382461547852,OK,2026-05-09 00:26:00
2026-05-09 00:22:37,P3,37.77397155761719,OK,2026-05-09 00:26:00
2026-05-09 00:22:37,P4,37.79263305664063,OK,2026-05-09 00:26:00
2026-05-09 00:22:37,P5,33.462860107421875,OK,2026-05-09 00:26:00
2026-05-09 00:22:37,P6,38.01114654541016,OK,2026-05-09 00:26:00
2026-05-09 00:24:36,P1,38.5,OK,2026-05-09 00:24:36
2026-05-09 00:24:36,P2,32.8,OK,2026-05-09 00:24:36
2026-05-09 00:24:36,P3,34.7,OK,2026-05-09 00:24:36
2026-05-09 00:24:36,P4,32.4,OK,2026-05-09 00:24:36
2026-05-09 00:24:36,P5,31.7,OK,2026-05-09 00:24:36
2026-05-09 00:24:36,P6,32.8,OK,2026-05-09 00:24:36
2026-05-09 00:25:14,P1,37.25234222412109,OK,2026-05-09 00:26:00
2026-05-09 00:25:14,P2,37.60243225097656,OK,2026-05-09 00:26:00
2026-05-09 00:25:14,P3,37.77336883544922,OK,2026-05-09 00:26:00
2026-05-09 00:25:14,P4,37.79227828979492,OK,2026-05-09 00:26:00
2026-05-09 00:25:14,P5,33.46186828613281,OK,2026-05-09 00:26:00
2026-05-09 00:25:14,P6,38.010501861572266,OK,2026-05-09 00:26:00
2026-05-09 08:13:21,P1,37.29120635986328,OK,2026-05-09 08:17:00
2026-05-09 08:13:21,P2,37.057655334472656,OK,2026-05-09 08:17:00
2026-05-09 08:13:21,P3,37.96759033203125,OK,2026-05-09 08:17:00
2026-05-09 08:13:21,P4,38.34456634521485,OK,2026-05-09 08:17:00
2026-05-09 08:13:21,P5,33.343196868896484,OK,2026-05-09 08:17:00
2026-05-09 08:13:21,P6,38.05109405517578,OK,2026-05-09 08:17:00
2026-05-09 08:13:55,P1,37.406246185302734,OK,2026-05-09 08:18:00
2026-05-09 08:13:55,P2,37.13768768310547,OK,2026-05-09 08:18:00
2026-05-09 08:13:55,P3,38.045040130615234,OK,2026-05-09 08:18:00
2026-05-09 08:13:55,P4,38.45034408569336,OK,2026-05-09 08:18:00
2026-05-09 08:13:55,P5,33.45411682128906,OK,2026-05-09 08:18:00
2026-05-09 08:13:55,P6,38.13479232788086,OK,2026-05-09 08:18:00
2026-05-09 08:14:29,P1,37.34951400756836,OK,2026-05-09 08:18:00
2026-05-09 08:14:29,P2,37.06584167480469,OK,2026-05-09 08:18:00
2026-05-09 08:14:29,P3,37.999977111816406,OK,2026-05-09 08:18:00
2026-05-09 08:14:29,P4,38.434906005859375,OK,2026-05-09 08:18:00
2026-05-09 08:14:29,P5,33.404823303222656,OK,2026-05-09 08:18:00
2026-05-09 08:14:29,P6,38.10639190673828,OK,2026-05-09 08:18:00
2026-05-09 08:15:05,P1,37.37725830078125,OK,2026-05-09 08:19:00
2026-05-09 08:15:05,P2,37.03210067749024,OK,2026-05-09 08:19:00
2026-05-09 08:15:05,P3,38.00929260253906,OK,2026-05-09 08:19:00
2026-05-09 08:15:05,P4,38.519813537597656,OK,2026-05-09 08:19:00
2026-05-09 08:15:05,P5,33.44150161743164,OK,2026-05-09 08:19:00
2026-05-09 08:15:05,P6,38.148414611816406,OK,2026-05-09 08:19:00
2026-05-09 08:15:39,P1,37.56368255615234,OK,2026-05-09 08:20:00
2026-05-09 08:15:39,P2,37.240501403808594,OK,2026-05-09 08:20:00
2026-05-09 08:15:39,P3,38.15695571899414,OK,2026-05-09 08:20:00
2026-05-09 08:15:39,P4,38.59080505371094,OK,2026-05-09 08:20:00
2026-05-09 08:15:39,P5,33.60438919067383,OK,2026-05-09 08:20:00
2026-05-09 08:15:39,P6,38.24558639526367,OK,2026-05-09 08:20:00
2026-05-09 08:16:14,P1,37.491024017333984,OK,2026-05-09 08:20:00
2026-05-09 08:16:14,P2,37.14146423339844,OK,2026-05-09 08:20:00
2026-05-09 08:16:14,P3,38.09577560424805,OK,2026-05-09 08:20:00
2026-05-09 08:16:14,P4,38.589622497558594,OK,2026-05-09 08:20:00
2026-05-09 08:16:14,P5,33.54630661010742,OK,2026-05-09 08:20:00
2026-05-09 08:16:14,P6,38.21912384033203,OK,2026-05-09 08:20:00
2026-05-09 08:16:49,P1,37.611236572265625,OK,2026-05-09 08:21:00
2026-05-09 08:16:49,P2,37.2707405090332,OK,2026-05-09 08:21:00
2026-05-09 08:16:49,P3,38.18613052368164,OK,2026-05-09 08:21:00
2026-05-09 08:16:49,P4,38.70630645751953,OK,2026-05-09 08:21:00
2026-05-09 08:16:49,P5,33.66656875610352,OK,2026-05-09 08:21:00
2026-05-09 08:16:49,P6,38.32490158081055,OK,2026-05-09 08:21:00
2026-05-09 08:36:55,P1,37.85493850708008,OK,2026-05-09 08:41:00
2026-05-09 08:36:55,P2,38.01626205444336,OK,2026-05-09 08:41:00
2026-05-09 08:36:55,P3,38.36810302734375,OK,2026-05-09 08:41:00
2026-05-09 08:36:55,P4,38.28223037719727,OK,2026-05-09 08:41:00
2026-05-09 08:36:55,P5,33.909786224365234,OK,2026-05-09 08:41:00
2026-05-09 08:36:55,P6,38.341304779052734,OK,2026-05-09 08:41:00
2026-05-09 08:37:30,P1,37.236209869384766,OK,2026-05-09 08:41:00
2026-05-09 08:37:30,P2,37.01222610473633,OK,2026-05-09 08:41:00
2026-05-09 08:37:30,P3,37.92763137817383,OK,2026-05-09 08:41:00
2026-05-09 08:37:30,P4,38.27930068969727,OK,2026-05-09 08:41:00
2026-05-09 08:37:30,P5,33.292728424072266,OK,2026-05-09 08:41:00
2026-05-09 08:37:30,P6,37.99637985229492,OK,2026-05-09 08:41:00
2026-05-09 08:57:04,P1,42.8,OK,2026-05-09 08:57:04
2026-05-09 08:57:04,P2,37.1,OK,2026-05-09 08:57:04
2026-05-09 08:57:04,P3,38.6,OK,2026-05-09 08:57:04
2026-05-09 08:57:04,P4,37.4,OK,2026-05-09 08:57:04
2026-05-09 08:57:04,P5,35.7,OK,2026-05-09 08:57:04
2026-05-09 08:57:04,P6,36.1,OK,2026-05-09 08:57:04
2026-05-09 08:57:33,P1,43.1,OK,2026-05-09 08:57:33
2026-05-09 08:57:33,P2,37.2,OK,2026-05-09 08:57:33
2026-05-09 08:57:33,P3,38.6,OK,2026-05-09 08:57:33
2026-05-09 08:57:33,P4,37.4,OK,2026-05-09 08:57:33
2026-05-09 08:57:33,P5,35.2,OK,2026-05-09 08:57:33
2026-05-09 08:57:33,P6,36.5,OK,2026-05-09 08:57:33
2026-05-09 08:58:06,P1,38.67914581298828,OK,2026-05-09 09:02:00
2026-05-09 08:58:06,P2,38.89115905761719,OK,2026-05-09 09:02:00
2026-05-09 08:58:06,P3,39.12816619873047,OK,2026-05-09 09:02:00
2026-05-09 08:58:06,P4,38.865943908691406,OK,2026-05-09 09:02:00
2026-05-09 08:58:06,P5,34.64011764526367,OK,2026-05-09 09:02:00
2026-05-09 08:58:06,P6,38.94865798950195,OK,2026-05-09 09:02:00
2026-05-09 09:02:34,P1,43.2,OK,2026-05-09 09:02:34
2026-05-09 09:02:34,P2,37.3,OK,2026-05-09 09:02:34
2026-05-09 09:02:34,P3,39.0,OK,2026-05-09 09:02:34
2026-05-09 09:02:34,P4,37.2,OK,2026-05-09 09:02:34
2026-05-09 09:02:34,P5,36.0,OK,2026-05-09 09:02:34
2026-05-09 09:02:34,P6,36.5,OK,2026-05-09 09:02:34
2026-05-09 09:03:08,P1,38.597503662109375,OK,2026-05-09 09:07:00
2026-05-09 09:03:08,P2,38.843894958496094,OK,2026-05-09 09:07:00
2026-05-09 09:03:08,P3,38.994171142578125,OK,2026-05-09 09:07:00
2026-05-09 09:03:08,P4,38.77921676635742,OK,2026-05-09 09:07:00
2026-05-09 09:03:08,P5,34.55889892578125,OK,2026-05-09 09:07:00
2026-05-09 09:03:08,P6,38.84090805053711,OK,2026-05-09 09:07:00
2026-05-09 09:03:13,P1,43.0,OK,2026-05-09 09:03:13
2026-05-09 09:03:13,P2,36.9,OK,2026-05-09 09:03:13
2026-05-09 09:03:13,P3,38.6,OK,2026-05-09 09:03:13
2026-05-09 09:03:13,P4,37.1,OK,2026-05-09 09:03:13
2026-05-09 09:03:13,P5,35.7,OK,2026-05-09 09:03:13
2026-05-09 09:03:13,P6,36.7,OK,2026-05-09 09:03:13
2026-05-09 09:03:46,P1,38.82709884643555,OK,2026-05-09 09:08:00
2026-05-09 09:03:46,P2,39.0890007019043,OK,2026-05-09 09:08:00
2026-05-09 09:03:46,P3,39.13753509521485,OK,2026-05-09 09:08:00
2026-05-09 09:03:46,P4,38.89103698730469,OK,2026-05-09 09:08:00
2026-05-09 09:03:46,P5,34.7594108581543,OK,2026-05-09 09:08:00
2026-05-09 09:03:46,P6,38.99433517456055,OK,2026-05-09 09:08:00
2026-05-09 09:08:14,P1,44.1,OK,2026-05-09 09:08:14
2026-05-09 09:08:14,P2,38.5,OK,2026-05-09 09:08:14
2026-05-09 09:08:14,P3,40.4,OK,2026-05-09 09:08:14
2026-05-09 09:08:14,P4,38.6,OK,2026-05-09 09:08:14
2026-05-09 09:08:14,P5,36.7,OK,2026-05-09 09:08:14
2026-05-09 09:08:14,P6,38.2,OK,2026-05-09 09:08:14
2026-05-09 09:08:47,P1,38.96456527709961,OK,2026-05-09 09:13:00
2026-05-09 09:08:47,P2,38.92630386352539,OK,2026-05-09 09:13:00
2026-05-09 09:08:47,P3,39.35797882080078,OK,2026-05-09 09:13:00
2026-05-09 09:08:47,P4,39.444244384765625,OK,2026-05-09 09:13:00
2026-05-09 09:08:47,P5,34.9127197265625,OK,2026-05-09 09:13:00
2026-05-09 09:08:47,P6,39.272762298583984,OK,2026-05-09 09:13:00
2026-05-09 09:13:16,P1,44.1,OK,2026-05-09 09:13:16
2026-05-09 09:13:16,P2,38.5,OK,2026-05-09 09:13:16
2026-05-09 09:13:16,P3,40.4,OK,2026-05-09 09:13:16
2026-05-09 09:13:16,P4,38.6,OK,2026-05-09 09:13:16
2026-05-09 09:13:16,P5,36.7,OK,2026-05-09 09:13:16
2026-05-09 09:13:16,P6,38.2,OK,2026-05-09 09:13:16
2026-05-09 09:13:49,P1,40.62845230102539,OK,2026-05-09 09:18:00
2026-05-09 09:13:49,P2,40.451847076416016,OK,2026-05-09 09:18:00
2026-05-09 09:13:49,P3,40.35262680053711,OK,2026-05-09 09:18:00
2026-05-09 09:13:49,P4,40.12491226196289,OK,2026-05-09 09:18:00
2026-05-09 09:13:49,P5,36.12751007080078,OK,2026-05-09 09:18:00
2026-05-09 09:13:49,P6,40.02285385131836,OK,2026-05-09 09:18:00
2026-05-09 09:18:16,P1,44.1,OK,2026-05-09 09:18:16
2026-05-09 09:18:16,P2,38.5,OK,2026-05-09 09:18:16
2026-05-09 09:18:16,P3,40.4,OK,2026-05-09 09:18:16
2026-05-09 09:18:16,P4,38.6,OK,2026-05-09 09:18:16
2026-05-09 09:18:16,P5,36.7,OK,2026-05-09 09:18:16
2026-05-09 09:18:16,P6,38.2,OK,2026-05-09 09:18:16
2026-05-09 09:18:49,P1,39.082279205322266,OK,2026-05-09 09:23:00
2026-05-09 09:18:49,P2,39.23488235473633,OK,2026-05-09 09:23:00
2026-05-09 09:18:49,P3,39.38216400146485,OK,2026-05-09 09:23:00
2026-05-09 09:18:49,P4,39.15804672241211,OK,2026-05-09 09:23:00
2026-05-09 09:18:49,P5,34.92717361450195,OK,2026-05-09 09:23:00
2026-05-09 09:18:49,P6,39.16917419433594,OK,2026-05-09 09:23:00
2026-05-09 09:23:17,P1,44.1,OK,2026-05-09 09:23:17
2026-05-09 09:23:17,P2,38.5,OK,2026-05-09 09:23:17
2026-05-09 09:23:17,P3,40.4,OK,2026-05-09 09:23:17
2026-05-09 09:23:17,P4,38.6,OK,2026-05-09 09:23:17
2026-05-09 09:23:17,P5,36.7,OK,2026-05-09 09:23:17
2026-05-09 09:23:17,P6,38.2,OK,2026-05-09 09:23:17
2026-05-09 09:23:50,P1,39.833927154541016,OK,2026-05-09 09:28:00
2026-05-09 09:23:50,P2,39.9112434387207,OK,2026-05-09 09:28:00
2026-05-09 09:23:50,P3,39.91371154785156,OK,2026-05-09 09:28:00
2026-05-09 09:23:50,P4,39.59124374389648,OK,2026-05-09 09:28:00
2026-05-09 09:23:50,P5,35.48561477661133,OK,2026-05-09 09:28:00
2026-05-09 09:23:50,P6,39.590728759765625,OK,2026-05-09 09:28:00
2026-05-09 09:28:18,P1,44.1,OK,2026-05-09 09:28:18
2026-05-09 09:28:18,P2,38.5,OK,2026-05-09 09:28:18
2026-05-09 09:28:18,P3,40.4,OK,2026-05-09 09:28:18
2026-05-09 09:28:18,P4,38.6,OK,2026-05-09 09:28:18
2026-05-09 09:28:18,P5,36.7,OK,2026-05-09 09:28:18
2026-05-09 09:28:18,P6,38.2,OK,2026-05-09 09:28:18
2026-05-09 09:28:51,P1,39.349002838134766,OK,2026-05-09 09:33:00
2026-05-09 09:28:51,P2,39.650020599365234,OK,2026-05-09 09:33:00
2026-05-09 09:28:51,P3,39.58707046508789,OK,2026-05-09 09:33:00
2026-05-09 09:28:51,P4,39.24800491333008,OK,2026-05-09 09:33:00
2026-05-09 09:28:51,P5,35.15510177612305,OK,2026-05-09 09:33:00
2026-05-09 09:28:51,P6,39.33011245727539,OK,2026-05-09 09:33:00
2026-05-09 09:38:19,P1,44.1,OK,2026-05-09 09:38:19
2026-05-09 09:38:19,P2,38.5,OK,2026-05-09 09:38:19
2026-05-09 09:38:19,P3,40.4,OK,2026-05-09 09:38:19
2026-05-09 09:38:19,P4,38.6,OK,2026-05-09 09:38:19
2026-05-09 09:38:19,P5,36.7,OK,2026-05-09 09:38:19
2026-05-09 09:38:19,P6,38.2,OK,2026-05-09 09:38:19
2026-05-09 09:38:53,P1,39.50922775268555,OK,2026-05-09 09:43:00
2026-05-09 09:38:53,P2,39.436256408691406,OK,2026-05-09 09:43:00
2026-05-09 09:38:53,P3,39.68355941772461,OK,2026-05-09 09:43:00
2026-05-09 09:38:53,P4,39.50640487670898,OK,2026-05-09 09:43:00
2026-05-09 09:38:53,P5,35.22114944458008,OK,2026-05-09 09:43:00
2026-05-09 09:38:53,P6,39.367279052734375,OK,2026-05-09 09:43:00
2026-05-09 09:41:53,P1,44.9,OK,2026-05-09 09:41:53
2026-05-09 09:41:53,P2,39.5,OK,2026-05-09 09:41:53
2026-05-09 09:41:53,P3,41.2,OK,2026-05-09 09:41:53
2026-05-09 09:41:53,P4,39.9,OK,2026-05-09 09:41:53
2026-05-09 09:41:53,P5,37.0,OK,2026-05-09 09:41:53
2026-05-09 09:41:53,P6,38.5,OK,2026-05-09 09:41:53
2026-05-09 09:42:26,P1,39.939083099365234,OK,2026-05-09 09:46:00
2026-05-09 09:42:26,P2,39.729618072509766,OK,2026-05-09 09:46:00
2026-05-09 09:42:26,P3,39.99675750732422,OK,2026-05-09 09:46:00
2026-05-09 09:42:26,P4,39.81132888793945,OK,2026-05-09 09:46:00
2026-05-09 09:42:26,P5,35.584129333496094,OK,2026-05-09 09:46:00
2026-05-09 09:42:26,P6,39.6754150390625,OK,2026-05-09 09:46:00
2026-05-09 09:46:53,P1,44.8,OK,2026-05-09 09:46:53
2026-05-09 09:46:53,P2,39.5,OK,2026-05-09 09:46:53
2026-05-09 09:46:53,P3,40.4,OK,2026-05-09 09:46:53
2026-05-09 09:46:53,P4,39.6,OK,2026-05-09 09:46:53
2026-05-09 09:46:53,P5,37.3,OK,2026-05-09 09:46:53
2026-05-09 09:46:53,P6,38.3,OK,2026-05-09 09:46:53
2026-05-09 09:47:26,P1,40.511837005615234,OK,2026-05-09 09:51:00
2026-05-09 09:47:26,P2,40.25071334838867,OK,2026-05-09 09:51:00
2026-05-09 09:47:26,P3,40.17469787597656,OK,2026-05-09 09:51:00
2026-05-09 09:47:26,P4,39.88497543334961,OK,2026-05-09 09:51:00
2026-05-09 09:47:26,P5,35.97332763671875,OK,2026-05-09 09:51:00
2026-05-09 09:47:26,P6,39.81857299804688,OK,2026-05-09 09:51:00
2026-05-09 10:30:13,P1,45.3,OK,2026-05-09 10:30:13
2026-05-09 10:30:13,P2,40.5,OK,2026-05-09 10:30:13
2026-05-09 10:30:13,P3,42.1,OK,2026-05-09 10:30:13
2026-05-09 10:30:13,P4,40.7,OK,2026-05-09 10:30:13
2026-05-09 10:30:13,P5,38.9,OK,2026-05-09 10:30:13
2026-05-09 10:30:13,P6,39.2,OK,2026-05-09 10:30:13
2026-05-09 10:30:46,P1,42.976806640625,OK,2026-05-09 10:35:00
2026-05-09 10:30:46,P2,41.87528610229492,OK,2026-05-09 10:35:00
2026-05-09 10:30:46,P3,42.22129440307617,OK,2026-05-09 10:35:00
2026-05-09 10:30:46,P4,42.2695198059082,OK,2026-05-09 10:35:00
2026-05-09 10:30:46,P5,38.41609573364258,OK,2026-05-09 10:35:00
2026-05-09 10:30:46,P6,41.72476577758789,OK,2026-05-09 10:35:00
2026-05-09 10:34:08,P1,46.0,OK,2026-05-09 10:34:08
2026-05-09 10:34:08,P2,40.5,OK,2026-05-09 10:34:08
2026-05-09 10:34:08,P3,42.9,OK,2026-05-09 10:34:08
2026-05-09 10:34:08,P4,41.8,OK,2026-05-09 10:34:08
2026-05-09 10:34:08,P5,39.4,OK,2026-05-09 10:34:08
2026-05-09 10:34:08,P6,39.9,OK,2026-05-09 10:34:08
2026-05-09 10:34:42,P1,42.58113098144531,OK,2026-05-09 10:39:00
2026-05-09 10:34:42,P2,41.69850540161133,OK,2026-05-09 10:39:00
2026-05-09 10:34:42,P3,41.91180038452149,OK,2026-05-09 10:39:00
2026-05-09 10:34:42,P4,41.99591445922852,OK,2026-05-09 10:39:00
2026-05-09 10:34:42,P5,38.00426864624024,OK,2026-05-09 10:39:00
2026-05-09 10:34:42,P6,41.55070114135742,OK,2026-05-09 10:39:00
2026-05-09 10:38:24,P1,45.7,OK,2026-05-09 10:38:24
2026-05-09 10:38:24,P2,40.8,OK,2026-05-09 10:38:24
2026-05-09 10:38:24,P3,43.1,OK,2026-05-09 10:38:24
2026-05-09 10:38:24,P4,41.0,OK,2026-05-09 10:38:24
2026-05-09 10:38:24,P5,39.1,OK,2026-05-09 10:38:24
2026-05-09 10:38:24,P6,39.6,OK,2026-05-09 10:38:24
2026-05-09 10:38:58,P1,42.994911193847656,OK,2026-05-09 10:43:00
2026-05-09 10:38:58,P2,41.8902473449707,OK,2026-05-09 10:43:00
2026-05-09 10:38:58,P3,42.108863830566406,OK,2026-05-09 10:43:00
2026-05-09 10:38:58,P4,42.10796356201172,OK,2026-05-09 10:43:00
2026-05-09 10:38:58,P5,38.35361862182617,OK,2026-05-09 10:43:00
2026-05-09 10:38:58,P6,41.61589431762695,OK,2026-05-09 10:43:00
2026-05-09 10:42:41,P1,45.9,OK,2026-05-09 10:42:41
2026-05-09 10:42:41,P2,40.5,OK,2026-05-09 10:42:41
2026-05-09 10:42:41,P3,43.3,OK,2026-05-09 10:42:41
2026-05-09 10:42:41,P4,40.8,OK,2026-05-09 10:42:41
2026-05-09 10:42:41,P5,39.1,OK,2026-05-09 10:42:41
2026-05-09 10:42:41,P6,38.7,OK,2026-05-09 10:42:41
2026-05-09 10:43:14,P1,42.73604583740234,OK,2026-05-09 10:47:00
2026-05-09 10:43:14,P2,41.7573471069336,OK,2026-05-09 10:47:00
2026-05-09 10:43:14,P3,41.9330940246582,OK,2026-05-09 10:47:00
2026-05-09 10:43:14,P4,41.91981506347656,OK,2026-05-09 10:47:00
2026-05-09 10:43:14,P5,38.08660888671875,OK,2026-05-09 10:47:00
2026-05-09 10:43:14,P6,41.4968376159668,OK,2026-05-09 10:47:00
2026-05-09 10:47:42,P1,46.5,OK,2026-05-09 10:47:42
2026-05-09 10:47:42,P2,40.9,OK,2026-05-09 10:47:42
2026-05-09 10:47:42,P3,43.7,OK,2026-05-09 10:47:42
2026-05-09 10:47:42,P4,41.8,OK,2026-05-09 10:47:42
2026-05-09 10:47:42,P5,39.2,OK,2026-05-09 10:47:42
2026-05-09 10:47:42,P6,39.2,OK,2026-05-09 10:47:42
2026-05-09 10:48:10,P1,47.1,OK,2026-05-09 10:48:10
2026-05-09 10:48:10,P2,42.2,OK,2026-05-09 10:48:10
2026-05-09 10:48:10,P3,44.3,OK,2026-05-09 10:48:10
2026-05-09 10:48:10,P4,42.9,OK,2026-05-09 10:48:10
2026-05-09 10:48:10,P5,40.4,OK,2026-05-09 10:48:10
2026-05-09 10:48:10,P6,40.3,OK,2026-05-09 10:48:10
2026-05-09 10:48:43,P1,43.11215591430664,OK,2026-05-09 10:53:00
2026-05-09 10:48:43,P2,42.17023086547852,OK,2026-05-09 10:53:00
2026-05-09 10:48:43,P3,42.28044128417969,OK,2026-05-09 10:53:00
2026-05-09 10:48:43,P4,42.21524810791016,OK,2026-05-09 10:53:00
2026-05-09 10:48:43,P5,38.5011100769043,OK,2026-05-09 10:53:00
2026-05-09 10:48:43,P6,41.77642822265625,OK,2026-05-09 10:53:00
2026-05-09 10:52:29,P1,46.4,OK,2026-05-09 10:52:29
2026-05-09 10:52:29,P2,40.5,OK,2026-05-09 10:52:29
2026-05-09 10:52:29,P3,42.7,OK,2026-05-09 10:52:29
2026-05-09 10:52:29,P4,41.0,OK,2026-05-09 10:52:29
2026-05-09 10:52:29,P5,39.1,OK,2026-05-09 10:52:29
2026-05-09 10:52:29,P6,38.2,OK,2026-05-09 10:52:29
2026-05-09 10:53:02,P1,43.54415893554688,OK,2026-05-09 10:57:00
2026-05-09 10:53:02,P2,42.67616653442383,OK,2026-05-09 10:57:00
2026-05-09 10:53:02,P3,42.79855346679688,OK,2026-05-09 10:57:00
2026-05-09 10:53:02,P4,42.61055374145508,OK,2026-05-09 10:57:00
2026-05-09 10:53:02,P5,39.03197860717773,OK,2026-05-09 10:57:00
2026-05-09 10:53:02,P6,42.1578254699707,OK,2026-05-09 10:57:00
2026-05-09 10:56:06,P1,48.0,OK,2026-05-09 10:56:06
2026-05-09 10:56:06,P2,42.4,OK,2026-05-09 10:56:06
2026-05-09 10:56:06,P3,45.2,OK,2026-05-09 10:56:06
2026-05-09 10:56:06,P4,43.6,OK,2026-05-09 10:56:06
2026-05-09 10:56:06,P5,41.0,OK,2026-05-09 10:56:06
2026-05-09 10:56:06,P6,40.8,OK,2026-05-09 10:56:06
2026-05-09 10:56:39,P1,43.68712615966797,OK,2026-05-09 11:01:00
2026-05-09 10:56:39,P2,42.99297332763672,OK,2026-05-09 11:01:00
2026-05-09 10:56:39,P3,43.2830696105957,OK,2026-05-09 11:01:00
2026-05-09 10:56:39,P4,43.00832748413086,OK,2026-05-09 11:01:00
2026-05-09 10:56:39,P5,39.384761810302734,OK,2026-05-09 11:01:00
2026-05-09 10:56:39,P6,42.55447006225586,OK,2026-05-09 11:01:00
2026-05-09 10:58:15,P1,48.0,OK,2026-05-09 10:58:15
2026-05-09 10:58:15,P2,42.3,OK,2026-05-09 10:58:15
2026-05-09 10:58:15,P3,45.2,OK,2026-05-09 10:58:15
2026-05-09 10:58:15,P4,43.6,OK,2026-05-09 10:58:15
2026-05-09 10:58:15,P5,41.0,OK,2026-05-09 10:58:15
2026-05-09 10:58:15,P6,40.8,OK,2026-05-09 10:58:15
2026-05-09 10:58:48,P1,43.56150436401367,OK,2026-05-09 11:03:00
2026-05-09 10:58:48,P2,42.79915237426758,OK,2026-05-09 11:03:00
2026-05-09 10:58:48,P3,42.98041534423828,OK,2026-05-09 11:03:00
2026-05-09 10:58:48,P4,42.72507858276367,OK,2026-05-09 11:03:00
2026-05-09 10:58:48,P5,39.10324478149414,OK,2026-05-09 11:03:00
2026-05-09 10:58:48,P6,42.29732131958008,OK,2026-05-09 11:03:00
2026-05-09 11:02:47,P1,49.4,OK,2026-05-09 11:02:47
2026-05-09 11:02:47,P2,43.3,OK,2026-05-09 11:02:47
2026-05-09 11:02:47,P3,46.8,OK,2026-05-09 11:02:47
2026-05-09 11:02:47,P4,45.1,OK,2026-05-09 11:02:47
2026-05-09 11:02:47,P5,42.4,OK,2026-05-09 11:02:47
2026-05-09 11:02:47,P6,42.2,OK,2026-05-09 11:02:47
2026-05-09 11:03:18,P1,49.4,OK,2026-05-09 11:03:18
2026-05-09 11:03:18,P2,43.3,OK,2026-05-09 11:03:18
2026-05-09 11:03:18,P3,46.8,OK,2026-05-09 11:03:18
2026-05-09 11:03:18,P4,45.1,OK,2026-05-09 11:03:18
2026-05-09 11:03:18,P5,42.4,OK,2026-05-09 11:03:18
2026-05-09 11:03:18,P6,42.2,OK,2026-05-09 11:03:18
2026-05-09 11:03:21,P1,44.01381301879883,OK,2026-05-09 11:08:00
2026-05-09 11:03:21,P2,43.5250244140625,OK,2026-05-09 11:08:00
2026-05-09 11:03:21,P3,44.41038513183594,OK,2026-05-09 11:08:00
2026-05-09 11:03:21,P4,43.79591751098633,OK,2026-05-09 11:08:00
2026-05-09 11:03:21,P5,40.10805892944336,OK,2026-05-09 11:08:00
2026-05-09 11:03:21,P6,43.25418472290039,OK,2026-05-09 11:08:00
2026-05-09 11:03:51,P1,44.01381301879883,OK,2026-05-09 11:08:00
2026-05-09 11:03:51,P2,43.5250244140625,OK,2026-05-09 11:08:00
2026-05-09 11:03:51,P3,44.41038513183594,OK,2026-05-09 11:08:00
2026-05-09 11:03:51,P4,43.79591751098633,OK,2026-05-09 11:08:00
2026-05-09 11:03:51,P5,40.10805892944336,OK,2026-05-09 11:08:00
2026-05-09 11:03:51,P6,43.25418472290039,OK,2026-05-09 11:08:00
2026-05-09 11:34:00,P1,49.6,OK,2026-05-09 11:34:00
2026-05-09 11:34:00,P2,41.9,OK,2026-05-09 11:34:00
2026-05-09 11:34:00,P3,45.9,OK,2026-05-09 11:34:00
2026-05-09 11:34:00,P4,44.4,OK,2026-05-09 11:34:00
2026-05-09 11:34:00,P5,41.8,OK,2026-05-09 11:34:00
2026-05-09 11:34:00,P6,42.0,OK,2026-05-09 11:34:00
2026-05-09 11:34:33,P1,44.00178909301758,OK,2026-05-09 11:39:00
2026-05-09 11:34:33,P2,43.655799865722656,OK,2026-05-09 11:39:00
2026-05-09 11:34:33,P3,44.94434356689453,OK,2026-05-09 11:39:00
2026-05-09 11:34:33,P4,44.33979034423828,OK,2026-05-09 11:39:00
2026-05-09 11:34:33,P5,40.47368621826172,OK,2026-05-09 11:39:00
2026-05-09 11:34:33,P6,43.6501579284668,OK,2026-05-09 11:39:00
2026-05-09 11:37:55,P1,49.4,OK,2026-05-09 11:37:55
2026-05-09 11:37:55,P2,43.3,OK,2026-05-09 11:37:55
2026-05-09 11:37:55,P3,46.8,OK,2026-05-09 11:37:55
2026-05-09 11:37:55,P4,45.1,OK,2026-05-09 11:37:55
2026-05-09 11:37:55,P5,42.4,OK,2026-05-09 11:37:55
2026-05-09 11:37:55,P6,42.2,OK,2026-05-09 11:37:55
2026-05-09 11:38:28,P1,43.35075378417969,OK,2026-05-09 11:42:00
2026-05-09 11:38:28,P2,42.90652084350586,OK,2026-05-09 11:42:00
2026-05-09 11:38:28,P3,43.5881462097168,OK,2026-05-09 11:42:00
2026-05-09 11:38:28,P4,43.38576126098633,OK,2026-05-09 11:42:00
2026-05-09 11:38:28,P5,39.45393371582031,OK,2026-05-09 11:42:00
2026-05-09 11:38:28,P6,42.82504653930664,OK,2026-05-09 11:42:00
2026-05-09 11:39:02,P1,48.9,OK,2026-05-09 11:39:02
2026-05-09 11:39:02,P2,41.8,OK,2026-05-09 11:39:02
2026-05-09 11:39:02,P3,46.0,OK,2026-05-09 11:39:02
2026-05-09 11:39:02,P4,44.3,OK,2026-05-09 11:39:02
2026-05-09 11:39:02,P5,41.8,OK,2026-05-09 11:39:02
2026-05-09 11:39:02,P6,41.5,OK,2026-05-09 11:39:02
2026-05-09 11:39:35,P1,44.370235443115234,OK,2026-05-09 11:44:00
2026-05-09 11:39:35,P2,43.999813079833984,OK,2026-05-09 11:44:00
2026-05-09 11:39:35,P3,45.58637619018555,OK,2026-05-09 11:44:00
2026-05-09 11:39:35,P4,44.829620361328125,OK,2026-05-09 11:44:00
2026-05-09 11:39:35,P5,40.97557830810547,OK,2026-05-09 11:44:00
2026-05-09 11:39:35,P6,44.10839080810547,OK,2026-05-09 11:44:00
2026-05-09 11:42:56,P1,49.4,OK,2026-05-09 11:42:56
2026-05-09 11:42:56,P2,43.3,OK,2026-05-09 11:42:56
2026-05-09 11:42:56,P3,46.8,OK,2026-05-09 11:42:56
2026-05-09 11:42:56,P4,45.1,OK,2026-05-09 11:42:56
2026-05-09 11:42:56,P5,42.4,OK,2026-05-09 11:42:56
2026-05-09 11:42:56,P6,42.2,OK,2026-05-09 11:42:56
2026-05-09 11:43:29,P1,44.358280181884766,OK,2026-05-09 11:47:00
2026-05-09 11:43:29,P2,43.89064025878906,OK,2026-05-09 11:47:00
2026-05-09 11:43:29,P3,45.19382095336914,OK,2026-05-09 11:47:00
2026-05-09 11:43:29,P4,44.43788909912109,OK,2026-05-09 11:47:00
2026-05-09 11:43:29,P5,40.69870376586914,OK,2026-05-09 11:47:00
2026-05-09 11:43:29,P6,43.81740188598633,OK,2026-05-09 11:47:00
2026-05-09 11:44:03,P1,50.1,OK,2026-05-09 11:44:03
2026-05-09 11:44:03,P2,42.4,OK,2026-05-09 11:44:03
2026-05-09 11:44:03,P3,46.5,OK,2026-05-09 11:44:03
2026-05-09 11:44:03,P4,44.7,OK,2026-05-09 11:44:03
2026-05-09 11:44:03,P5,41.9,OK,2026-05-09 11:44:03
2026-05-09 11:44:03,P6,42.2,OK,2026-05-09 11:44:03
2026-05-09 11:44:36,P1,44.45338821411133,OK,2026-05-09 11:49:00
2026-05-09 11:44:36,P2,44.04871368408203,OK,2026-05-09 11:49:00
2026-05-09 11:44:36,P3,45.27293014526367,OK,2026-05-09 11:49:00
2026-05-09 11:44:36,P4,44.46932220458984,OK,2026-05-09 11:49:00
2026-05-09 11:44:36,P5,40.80144882202149,OK,2026-05-09 11:49:00
2026-05-09 11:44:36,P6,43.88249969482422,OK,2026-05-09 11:49:00
2026-05-09 11:47:56,P1,49.4,OK,2026-05-09 11:47:56
2026-05-09 11:47:56,P2,43.3,OK,2026-05-09 11:47:56
2026-05-09 11:47:56,P3,46.8,OK,2026-05-09 11:47:56
2026-05-09 11:47:56,P4,45.1,OK,2026-05-09 11:47:56
2026-05-09 11:47:56,P5,42.4,OK,2026-05-09 11:47:56
2026-05-09 11:47:56,P6,42.2,OK,2026-05-09 11:47:56
2026-05-09 11:48:29,P1,44.05586624145508,OK,2026-05-09 11:52:00
2026-05-09 11:48:29,P2,43.56971740722656,OK,2026-05-09 11:52:00
2026-05-09 11:48:29,P3,44.916133880615234,OK,2026-05-09 11:52:00
2026-05-09 11:48:29,P4,44.30970001220703,OK,2026-05-09 11:52:00
2026-05-09 11:48:29,P5,40.45407485961914,OK,2026-05-09 11:52:00
2026-05-09 11:48:29,P6,43.64400863647461,OK,2026-05-09 11:52:00
2026-05-09 11:57:58,P1,49.4,OK,2026-05-09 11:57:58
2026-05-09 11:57:58,P2,43.3,OK,2026-05-09 11:57:58
2026-05-09 11:57:58,P3,46.8,OK,2026-05-09 11:57:58
2026-05-09 11:57:58,P4,45.1,OK,2026-05-09 11:57:58
2026-05-09 11:57:58,P5,42.4,OK,2026-05-09 11:57:58
2026-05-09 11:57:58,P6,42.2,OK,2026-05-09 11:57:58
2026-05-09 11:58:32,P1,44.37178802490234,OK,2026-05-09 12:02:00
2026-05-09 11:58:32,P2,44.05052947998047,OK,2026-05-09 12:02:00
2026-05-09 11:58:32,P3,45.21088790893555,OK,2026-05-09 12:02:00
2026-05-09 11:58:32,P4,44.42811584472656,OK,2026-05-09 12:02:00
2026-05-09 11:58:32,P5,40.71432495117188,OK,2026-05-09 12:02:00
2026-05-09 11:58:32,P6,43.84288787841797,OK,2026-05-09 12:02:00
2026-05-09 12:08:00,P1,49.4,OK,2026-05-09 12:08:00
2026-05-09 12:08:00,P2,43.3,OK,2026-05-09 12:08:00
2026-05-09 12:08:00,P3,46.8,OK,2026-05-09 12:08:00
2026-05-09 12:08:00,P4,45.1,OK,2026-05-09 12:08:00
2026-05-09 12:08:00,P5,42.4,OK,2026-05-09 12:08:00
2026-05-09 12:08:00,P6,42.2,OK,2026-05-09 12:08:00
2026-05-09 12:08:33,P1,44.19770431518555,OK,2026-05-09 12:13:00
2026-05-09 12:08:33,P2,43.87567901611328,OK,2026-05-09 12:13:00
2026-05-09 12:08:33,P3,45.65730667114258,OK,2026-05-09 12:13:00
2026-05-09 12:08:33,P4,44.9552001953125,OK,2026-05-09 12:13:00
2026-05-09 12:08:33,P5,40.91986846923828,OK,2026-05-09 12:13:00
2026-05-09 12:08:33,P6,44.17627716064453,OK,2026-05-09 12:13:00
2026-05-09 12:16:00,P1,50.4,OK,2026-05-09 12:16:00
2026-05-09 12:16:00,P2,42.4,OK,2026-05-09 12:16:00
2026-05-09 12:16:00,P3,46.5,OK,2026-05-09 12:16:00
2026-05-09 12:16:00,P4,45.0,OK,2026-05-09 12:16:00
2026-05-09 12:16:00,P5,41.9,OK,2026-05-09 12:16:00
2026-05-09 12:16:00,P6,41.8,OK,2026-05-09 12:16:00
2026-05-09 12:16:21,P1,51.2,OK,2026-05-09 12:16:21
2026-05-09 12:16:21,P2,42.2,OK,2026-05-09 12:16:21
2026-05-09 12:16:21,P3,46.5,OK,2026-05-09 12:16:21
2026-05-09 12:16:21,P4,45.0,OK,2026-05-09 12:16:21
2026-05-09 12:16:21,P5,41.9,OK,2026-05-09 12:16:21
2026-05-09 12:16:21,P6,42.0,OK,2026-05-09 12:16:21
2026-05-09 12:16:33,P1,43.9453353881836,OK,2026-05-09 12:21:00
2026-05-09 12:16:33,P2,43.61067962646485,OK,2026-05-09 12:21:00
2026-05-09 12:16:33,P3,44.76658248901367,OK,2026-05-09 12:21:00
2026-05-09 12:16:33,P4,44.19992065429688,OK,2026-05-09 12:21:00
2026-05-09 12:16:33,P5,40.30497360229492,OK,2026-05-09 12:21:00
2026-05-09 12:16:33,P6,43.557373046875,OK,2026-05-09 12:21:00
2026-05-09 12:16:54,P1,43.9453353881836,OK,2026-05-09 12:21:00
2026-05-09 12:16:54,P2,43.61067962646485,OK,2026-05-09 12:21:00
2026-05-09 12:16:54,P3,44.76658248901367,OK,2026-05-09 12:21:00
2026-05-09 12:16:54,P4,44.19992065429688,OK,2026-05-09 12:21:00
2026-05-09 12:16:54,P5,40.30497360229492,OK,2026-05-09 12:21:00
2026-05-09 12:16:54,P6,43.557373046875,OK,2026-05-09 12:21:00
2026-05-09 12:18:13,P1,50.9,OK,2026-05-09 12:18:13
2026-05-09 12:18:13,P2,42.9,OK,2026-05-09 12:18:13
2026-05-09 12:18:13,P3,47.4,OK,2026-05-09 12:18:13
2026-05-09 12:18:13,P4,45.4,OK,2026-05-09 12:18:13
2026-05-09 12:18:13,P5,42.3,OK,2026-05-09 12:18:13
2026-05-09 12:18:13,P6,42.8,OK,2026-05-09 12:18:13
2026-05-09 12:18:46,P1,43.81280517578125,OK,2026-05-09 12:23:00
2026-05-09 12:18:46,P2,43.66551971435547,OK,2026-05-09 12:23:00
2026-05-09 12:18:46,P3,44.80141830444336,OK,2026-05-09 12:23:00
2026-05-09 12:18:46,P4,44.240989685058594,OK,2026-05-09 12:23:00
2026-05-09 12:18:46,P5,40.34392547607422,OK,2026-05-09 12:23:00
2026-05-09 12:18:46,P6,43.58673477172852,OK,2026-05-09 12:23:00
2026-05-09 12:21:01,P1,51.4,OK,2026-05-09 12:21:01
2026-05-09 12:21:01,P2,43.2,OK,2026-05-09 12:21:01
2026-05-09 12:21:01,P3,47.7,OK,2026-05-09 12:21:01
2026-05-09 12:21:01,P4,45.4,OK,2026-05-09 12:21:01
2026-05-09 12:21:01,P5,43.3,OK,2026-05-09 12:21:01
2026-05-09 12:21:01,P6,43.0,OK,2026-05-09 12:21:01
2026-05-09 12:21:34,P1,44.57965850830078,OK,2026-05-09 12:26:00
2026-05-09 12:21:34,P2,44.423370361328125,OK,2026-05-09 12:26:00
2026-05-09 12:21:34,P3,46.14761734008789,OK,2026-05-09 12:26:00
2026-05-09 12:21:34,P4,45.15176773071289,OK,2026-05-09 12:26:00
2026-05-09 12:21:34,P5,41.3389892578125,OK,2026-05-09 12:26:00
2026-05-09 12:21:34,P6,44.46427154541016,OK,2026-05-09 12:26:00
2026-05-09 12:23:13,P1,51.4,OK,2026-05-09 12:23:13
2026-05-09 12:23:13,P2,43.2,OK,2026-05-09 12:23:13
2026-05-09 12:23:13,P3,47.7,OK,2026-05-09 12:23:13
2026-05-09 12:23:13,P4,45.4,OK,2026-05-09 12:23:13
2026-05-09 12:23:13,P5,43.3,OK,2026-05-09 12:23:13
2026-05-09 12:23:13,P6,43.0,OK,2026-05-09 12:23:13
2026-05-09 12:23:46,P1,44.68320846557617,OK,2026-05-09 12:28:00
2026-05-09 12:23:46,P2,44.45761489868164,OK,2026-05-09 12:28:00
2026-05-09 12:23:46,P3,46.09954452514648,OK,2026-05-09 12:28:00
2026-05-09 12:23:46,P4,45.14435195922852,OK,2026-05-09 12:28:00
2026-05-09 12:23:46,P5,41.37957763671875,OK,2026-05-09 12:28:00
2026-05-09 12:23:46,P6,44.45233917236328,OK,2026-05-09 12:28:00
2026-05-09 12:26:02,P1,51.4,OK,2026-05-09 12:26:02
2026-05-09 12:26:02,P2,43.2,OK,2026-05-09 12:26:02
2026-05-09 12:26:02,P3,47.7,OK,2026-05-09 12:26:02
2026-05-09 12:26:02,P4,45.4,OK,2026-05-09 12:26:02
2026-05-09 12:26:02,P5,43.3,OK,2026-05-09 12:26:02
2026-05-09 12:26:02,P6,43.0,OK,2026-05-09 12:26:02
2026-05-09 12:26:35,P1,44.58064270019531,OK,2026-05-09 12:31:00
2026-05-09 12:26:35,P2,44.33317947387695,OK,2026-05-09 12:31:00
2026-05-09 12:26:35,P3,45.947792053222656,OK,2026-05-09 12:31:00
2026-05-09 12:26:35,P4,45.03764343261719,OK,2026-05-09 12:31:00
2026-05-09 12:26:35,P5,41.25758361816406,OK,2026-05-09 12:31:00
2026-05-09 12:26:35,P6,44.34456253051758,OK,2026-05-09 12:31:00
2026-05-09 12:28:15,P1,51.4,OK,2026-05-09 12:28:15
2026-05-09 12:28:15,P2,43.2,OK,2026-05-09 12:28:15
2026-05-09 12:28:15,P3,47.7,OK,2026-05-09 12:28:15
2026-05-09 12:28:15,P4,45.4,OK,2026-05-09 12:28:15
2026-05-09 12:28:15,P5,43.3,OK,2026-05-09 12:28:15
2026-05-09 12:28:15,P6,43.0,OK,2026-05-09 12:28:15
2026-05-09 12:28:49,P1,44.70535659790039,OK,2026-05-09 12:33:00
2026-05-09 12:28:49,P2,44.46556091308594,OK,2026-05-09 12:33:00
2026-05-09 12:28:49,P3,46.24044036865234,OK,2026-05-09 12:33:00
2026-05-09 12:28:49,P4,45.27544021606445,OK,2026-05-09 12:33:00
2026-05-09 12:28:49,P5,41.50215530395508,OK,2026-05-09 12:33:00
2026-05-09 12:28:49,P6,44.53950500488281,OK,2026-05-09 12:33:00
2026-05-09 12:31:03,P1,51.4,OK,2026-05-09 12:31:03
2026-05-09 12:31:03,P2,43.2,OK,2026-05-09 12:31:03
2026-05-09 12:31:03,P3,47.7,OK,2026-05-09 12:31:03
2026-05-09 12:31:03,P4,45.4,OK,2026-05-09 12:31:03
2026-05-09 12:31:03,P5,43.3,OK,2026-05-09 12:31:03
2026-05-09 12:31:03,P6,43.0,OK,2026-05-09 12:31:03
2026-05-09 12:31:36,P1,44.76485824584961,OK,2026-05-09 12:36:00
2026-05-09 12:31:36,P2,44.54876708984375,OK,2026-05-09 12:36:00
2026-05-09 12:31:36,P3,46.35569763183594,OK,2026-05-09 12:36:00
2026-05-09 12:31:36,P4,45.35263442993164,OK,2026-05-09 12:36:00
2026-05-09 12:31:36,P5,41.5747184753418,OK,2026-05-09 12:36:00
2026-05-09 12:31:36,P6,44.61483001708984,OK,2026-05-09 12:36:00
2026-05-09 12:33:16,P1,51.4,OK,2026-05-09 12:33:16
2026-05-09 12:33:16,P2,43.2,OK,2026-05-09 12:33:16
2026-05-09 12:33:16,P3,47.7,OK,2026-05-09 12:33:16
2026-05-09 12:33:16,P4,45.4,OK,2026-05-09 12:33:16
2026-05-09 12:33:16,P5,43.3,OK,2026-05-09 12:33:16
2026-05-09 12:33:16,P6,43.0,OK,2026-05-09 12:33:16
2026-05-09 12:33:49,P1,44.739105224609375,OK,2026-05-09 12:38:00
2026-05-09 12:33:49,P2,44.52543258666992,OK,2026-05-09 12:38:00
2026-05-09 12:33:49,P3,46.173561096191406,OK,2026-05-09 12:38:00
2026-05-09 12:33:49,P4,45.22425079345703,OK,2026-05-09 12:38:00
2026-05-09 12:33:49,P5,41.4708137512207,OK,2026-05-09 12:38:00
2026-05-09 12:33:49,P6,44.515281677246094,OK,2026-05-09 12:38:00
2026-05-09 12:36:03,P1,51.4,OK,2026-05-09 12:36:03
2026-05-09 12:36:03,P2,43.2,OK,2026-05-09 12:36:03
2026-05-09 12:36:03,P3,47.7,OK,2026-05-09 12:36:03
2026-05-09 12:36:03,P4,45.4,OK,2026-05-09 12:36:03
2026-05-09 12:36:03,P5,43.3,OK,2026-05-09 12:36:03
2026-05-09 12:36:03,P6,43.0,OK,2026-05-09 12:36:03
2026-05-09 12:36:36,P1,44.65950393676758,OK,2026-05-09 12:41:00
2026-05-09 12:36:36,P2,44.50747680664063,OK,2026-05-09 12:41:00
2026-05-09 12:36:36,P3,46.38905715942383,OK,2026-05-09 12:41:00
2026-05-09 12:36:36,P4,45.400123596191406,OK,2026-05-09 12:41:00
2026-05-09 12:36:36,P5,41.54389190673828,OK,2026-05-09 12:41:00
2026-05-09 12:36:36,P6,44.63895797729492,OK,2026-05-09 12:41:00
2026-05-09 12:38:17,P1,51.4,OK,2026-05-09 12:38:17
2026-05-09 12:38:17,P2,43.2,OK,2026-05-09 12:38:17
2026-05-09 12:38:17,P3,47.7,OK,2026-05-09 12:38:17
2026-05-09 12:38:17,P4,45.4,OK,2026-05-09 12:38:17
2026-05-09 12:38:17,P5,43.3,OK,2026-05-09 12:38:17
2026-05-09 12:38:17,P6,43.0,OK,2026-05-09 12:38:17
2026-05-09 12:38:51,P1,43.76386642456055,OK,2026-05-09 12:43:00
2026-05-09 12:38:51,P2,43.27309799194336,OK,2026-05-09 12:43:00
2026-05-09 12:38:51,P3,44.15607070922852,OK,2026-05-09 12:43:00
2026-05-09 12:38:51,P4,43.75303268432617,OK,2026-05-09 12:43:00
2026-05-09 12:38:51,P5,39.94002532958984,OK,2026-05-09 12:43:00
2026-05-09 12:38:51,P6,43.17879104614258,OK,2026-05-09 12:43:00
2026-05-09 12:41:04,P1,51.4,OK,2026-05-09 12:41:04
2026-05-09 12:41:04,P2,43.2,OK,2026-05-09 12:41:04
2026-05-09 12:41:04,P3,47.7,OK,2026-05-09 12:41:04
2026-05-09 12:41:04,P4,45.4,OK,2026-05-09 12:41:04
2026-05-09 12:41:04,P5,43.3,OK,2026-05-09 12:41:04
2026-05-09 12:41:04,P6,43.0,OK,2026-05-09 12:41:04
2026-05-09 12:41:37,P1,44.5286865234375,OK,2026-05-09 12:46:00
2026-05-09 12:41:37,P2,44.20602416992188,OK,2026-05-09 12:46:00
2026-05-09 12:41:37,P3,45.769527435302734,OK,2026-05-09 12:46:00
2026-05-09 12:41:37,P4,44.87727737426758,OK,2026-05-09 12:46:00
2026-05-09 12:41:37,P5,41.08102798461914,OK,2026-05-09 12:46:00
2026-05-09 12:41:37,P6,44.21744918823242,OK,2026-05-09 12:46:00
2026-05-09 12:43:17,P1,51.4,OK,2026-05-09 12:43:17
2026-05-09 12:43:17,P2,43.2,OK,2026-05-09 12:43:17
2026-05-09 12:43:17,P3,47.7,OK,2026-05-09 12:43:17
2026-05-09 12:43:17,P4,45.4,OK,2026-05-09 12:43:17
2026-05-09 12:43:17,P5,43.3,OK,2026-05-09 12:43:17
2026-05-09 12:43:17,P6,43.0,OK,2026-05-09 12:43:17
2026-05-09 12:43:50,P1,44.7512092590332,OK,2026-05-09 12:48:00
2026-05-09 12:43:50,P2,44.71950149536133,OK,2026-05-09 12:48:00
2026-05-09 12:43:50,P3,46.55476379394531,OK,2026-05-09 12:48:00
2026-05-09 12:43:50,P4,45.47918319702149,OK,2026-05-09 12:48:00
2026-05-09 12:43:50,P5,41.6842155456543,OK,2026-05-09 12:48:00
2026-05-09 12:43:50,P6,44.75901412963867,OK,2026-05-09 12:48:00
2026-05-09 12:46:06,P1,51.4,OK,2026-05-09 12:46:06
2026-05-09 12:46:06,P2,43.2,OK,2026-05-09 12:46:06
2026-05-09 12:46:06,P3,47.7,OK,2026-05-09 12:46:06
2026-05-09 12:46:06,P4,45.4,OK,2026-05-09 12:46:06
2026-05-09 12:46:06,P5,43.3,OK,2026-05-09 12:46:06
2026-05-09 12:46:06,P6,43.0,OK,2026-05-09 12:46:06
2026-05-09 12:46:39,P1,44.72932815551758,OK,2026-05-09 12:51:00
2026-05-09 12:46:39,P2,44.53095626831055,OK,2026-05-09 12:51:00
2026-05-09 12:46:39,P3,46.28608322143555,OK,2026-05-09 12:51:00
2026-05-09 12:46:39,P4,45.30748748779297,OK,2026-05-09 12:51:00
2026-05-09 12:46:39,P5,41.53382873535156,OK,2026-05-09 12:51:00
2026-05-09 12:46:39,P6,44.574588775634766,OK,2026-05-09 12:51:00
2026-05-09 12:48:18,P1,51.4,OK,2026-05-09 12:48:18
2026-05-09 12:48:18,P2,43.2,OK,2026-05-09 12:48:18
2026-05-09 12:48:18,P3,47.7,OK,2026-05-09 12:48:18
2026-05-09 12:48:18,P4,45.4,OK,2026-05-09 12:48:18
2026-05-09 12:48:18,P5,43.3,OK,2026-05-09 12:48:18
2026-05-09 12:48:18,P6,43.0,OK,2026-05-09 12:48:18
2026-05-09 12:48:51,P1,44.74223709106445,OK,2026-05-09 12:53:00
2026-05-09 12:48:51,P2,44.52434921264648,OK,2026-05-09 12:53:00
2026-05-09 12:48:51,P3,46.26402282714844,OK,2026-05-09 12:53:00
2026-05-09 12:48:51,P4,45.28938293457031,OK,2026-05-09 12:53:00
2026-05-09 12:48:51,P5,41.5313720703125,OK,2026-05-09 12:53:00
2026-05-09 12:48:51,P6,44.5600471496582,OK,2026-05-09 12:53:00
2026-05-09 12:51:06,P1,51.4,OK,2026-05-09 12:51:06
2026-05-09 12:51:06,P2,43.2,OK,2026-05-09 12:51:06
2026-05-09 12:51:06,P3,47.7,OK,2026-05-09 12:51:06
2026-05-09 12:51:06,P4,45.4,OK,2026-05-09 12:51:06
2026-05-09 12:51:06,P5,43.3,OK,2026-05-09 12:51:06
2026-05-09 12:51:06,P6,43.0,OK,2026-05-09 12:51:06
2026-05-09 12:51:39,P1,44.78459548950195,OK,2026-05-09 12:56:00
2026-05-09 12:51:39,P2,44.565425872802734,OK,2026-05-09 12:56:00
2026-05-09 12:51:39,P3,46.32622146606445,OK,2026-05-09 12:56:00
2026-05-09 12:51:39,P4,45.32622528076172,OK,2026-05-09 12:56:00
2026-05-09 12:51:39,P5,41.5693588256836,OK,2026-05-09 12:56:00
2026-05-09 12:51:39,P6,44.59779739379883,OK,2026-05-09 12:56:00
2026-05-09 12:53:19,P1,51.4,OK,2026-05-09 12:53:19
2026-05-09 12:53:19,P2,43.2,OK,2026-05-09 12:53:19
2026-05-09 12:53:19,P3,47.7,OK,2026-05-09 12:53:19
2026-05-09 12:53:19,P4,45.4,OK,2026-05-09 12:53:19
2026-05-09 12:53:19,P5,43.3,OK,2026-05-09 12:53:19
2026-05-09 12:53:19,P6,43.0,OK,2026-05-09 12:53:19
2026-05-09 12:53:53,P1,44.71652221679688,OK,2026-05-09 12:58:00
2026-05-09 12:53:53,P2,44.59407806396485,OK,2026-05-09 12:58:00
2026-05-09 12:53:53,P3,46.38724899291992,OK,2026-05-09 12:58:00
2026-05-09 12:53:53,P4,45.36379623413086,OK,2026-05-09 12:58:00
2026-05-09 12:53:53,P5,41.58472442626953,OK,2026-05-09 12:58:00
2026-05-09 12:53:53,P6,44.64183807373047,OK,2026-05-09 12:58:00
2026-05-09 12:56:07,P1,51.4,OK,2026-05-09 12:56:07
2026-05-09 12:56:07,P2,43.2,OK,2026-05-09 12:56:07
2026-05-09 12:56:07,P3,47.7,OK,2026-05-09 12:56:07
2026-05-09 12:56:07,P4,45.4,OK,2026-05-09 12:56:07
2026-05-09 12:56:07,P5,43.3,OK,2026-05-09 12:56:07
2026-05-09 12:56:07,P6,43.0,OK,2026-05-09 12:56:07
2026-05-09 12:57:43,P1,52.5,OK,2026-05-09 12:57:43
2026-05-09 12:57:43,P2,42.5,OK,2026-05-09 12:57:43
2026-05-09 12:57:43,P3,47.5,OK,2026-05-09 12:57:43
2026-05-09 12:57:43,P4,45.3,OK,2026-05-09 12:57:43
2026-05-09 12:57:43,P5,42.4,OK,2026-05-09 12:57:43
2026-05-09 12:57:43,P6,43.0,OK,2026-05-09 12:57:43
2026-05-09 12:58:16,P1,44.69565582275391,OK,2026-05-09 13:02:00
2026-05-09 12:58:16,P2,44.448280334472656,OK,2026-05-09 13:02:00
2026-05-09 12:58:16,P3,46.17466735839844,OK,2026-05-09 13:02:00
2026-05-09 12:58:16,P4,45.210723876953125,OK,2026-05-09 13:02:00
2026-05-09 12:58:16,P5,41.427284240722656,OK,2026-05-09 13:02:00
2026-05-09 12:58:16,P6,44.493534088134766,OK,2026-05-09 13:02:00
2026-05-09 13:01:35,P1,53.2,OK,2026-05-09 13:01:35
2026-05-09 13:01:35,P2,44.4,OK,2026-05-09 13:01:35
2026-05-09 13:01:35,P3,48.4,OK,2026-05-09 13:01:35
2026-05-09 13:01:35,P4,45.9,OK,2026-05-09 13:01:35
2026-05-09 13:01:35,P5,44.0,OK,2026-05-09 13:01:35
2026-05-09 13:01:35,P6,43.8,OK,2026-05-09 13:01:35
2026-05-09 13:02:08,P1,44.706504821777344,OK,2026-05-09 13:06:00
2026-05-09 13:02:08,P2,44.60352325439453,OK,2026-05-09 13:06:00
2026-05-09 13:02:08,P3,46.4825325012207,OK,2026-05-09 13:06:00
2026-05-09 13:02:08,P4,45.44274520874024,OK,2026-05-09 13:06:00
2026-05-09 13:02:08,P5,41.5911865234375,OK,2026-05-09 13:06:00
2026-05-09 13:02:08,P6,44.707313537597656,OK,2026-05-09 13:06:00
2026-05-09 13:02:44,P1,53.2,OK,2026-05-09 13:02:44
2026-05-09 13:02:44,P2,44.4,OK,2026-05-09 13:02:44
2026-05-09 13:02:44,P3,48.4,OK,2026-05-09 13:02:44
2026-05-09 13:02:44,P4,45.9,OK,2026-05-09 13:02:44
2026-05-09 13:02:44,P5,44.0,OK,2026-05-09 13:02:44
2026-05-09 13:02:44,P6,43.8,OK,2026-05-09 13:02:44
2026-05-09 13:03:17,P1,44.85684967041016,OK,2026-05-09 13:07:00
2026-05-09 13:03:17,P2,44.69677734375,OK,2026-05-09 13:07:00
2026-05-09 13:03:17,P3,46.39457321166992,OK,2026-05-09 13:07:00
2026-05-09 13:03:17,P4,45.372501373291016,OK,2026-05-09 13:07:00
2026-05-09 13:03:17,P5,41.63977813720703,OK,2026-05-09 13:07:00
2026-05-09 13:03:17,P6,44.67060470581055,OK,2026-05-09 13:07:00
2026-05-09 13:04:10,P1,53.9,OK,2026-05-09 13:04:10
2026-05-09 13:04:10,P2,43.4,OK,2026-05-09 13:04:10
2026-05-09 13:04:10,P3,48.3,OK,2026-05-09 13:04:10
2026-05-09 13:04:10,P4,46.1,OK,2026-05-09 13:04:10
2026-05-09 13:04:10,P5,43.7,OK,2026-05-09 13:04:10
2026-05-09 13:04:10,P6,43.5,OK,2026-05-09 13:04:10
2026-05-09 13:04:43,P1,38.35652542114258,OK,2026-05-09 13:09:00
2026-05-09 13:04:43,P2,37.80413055419922,OK,2026-05-09 13:09:00
2026-05-09 13:04:43,P3,39.885772705078125,OK,2026-05-09 13:09:00
2026-05-09 13:04:43,P4,41.63776397705078,OK,2026-05-09 13:09:00
2026-05-09 13:04:43,P5,34.79621505737305,OK,2026-05-09 13:09:00
2026-05-09 13:04:43,P6,40.488765716552734,OK,2026-05-09 13:09:00
2026-05-09 13:06:37,P1,53.2,OK,2026-05-09 13:06:37
2026-05-09 13:06:37,P2,44.4,OK,2026-05-09 13:06:37
2026-05-09 13:06:37,P3,48.4,OK,2026-05-09 13:06:37
2026-05-09 13:06:37,P4,45.9,OK,2026-05-09 13:06:37
2026-05-09 13:06:37,P5,44.0,OK,2026-05-09 13:06:37
2026-05-09 13:06:37,P6,43.8,OK,2026-05-09 13:06:37
2026-05-09 13:07:10,P1,44.86067199707031,OK,2026-05-09 13:11:00
2026-05-09 13:07:10,P2,44.704872131347656,OK,2026-05-09 13:11:00
2026-05-09 13:07:10,P3,46.40249633789063,OK,2026-05-09 13:11:00
2026-05-09 13:07:10,P4,45.39747619628906,OK,2026-05-09 13:11:00
2026-05-09 13:07:10,P5,41.65756607055664,OK,2026-05-09 13:11:00
2026-05-09 13:07:10,P6,44.695011138916016,OK,2026-05-09 13:11:00
2026-05-09 13:09:10,P1,53.8,OK,2026-05-09 13:09:10
2026-05-09 13:09:10,P2,43.9,OK,2026-05-09 13:09:10
2026-05-09 13:09:10,P3,48.9,OK,2026-05-09 13:09:10
2026-05-09 13:09:10,P4,46.4,OK,2026-05-09 13:09:10
2026-05-09 13:09:10,P5,43.9,OK,2026-05-09 13:09:10
2026-05-09 13:09:10,P6,44.3,OK,2026-05-09 13:09:10
2026-05-09 13:09:20,P1,53.5,OK,2026-05-09 13:09:20
2026-05-09 13:09:20,P2,44.4,OK,2026-05-09 13:09:20
2026-05-09 13:09:20,P3,48.6,OK,2026-05-09 13:09:20
2026-05-09 13:09:20,P4,46.9,OK,2026-05-09 13:09:20
2026-05-09 13:09:20,P5,44.2,OK,2026-05-09 13:09:20
2026-05-09 13:09:20,P6,44.8,OK,2026-05-09 13:09:20
2026-05-09 13:09:54,P1,44.871368408203125,OK,2026-05-09 13:14:00
2026-05-09 13:09:54,P2,44.75794982910156,OK,2026-05-09 13:14:00
2026-05-09 13:09:54,P3,46.60948944091797,OK,2026-05-09 13:14:00
2026-05-09 13:09:54,P4,45.54484558105469,OK,2026-05-09 13:14:00
2026-05-09 13:09:54,P5,41.76928329467773,OK,2026-05-09 13:14:00
2026-05-09 13:09:54,P6,44.8184814453125,OK,2026-05-09 13:14:00
2026-05-09 13:11:38,P1,53.2,OK,2026-05-09 13:11:38
2026-05-09 13:11:38,P2,44.4,OK,2026-05-09 13:11:38
2026-05-09 13:11:38,P3,48.4,OK,2026-05-09 13:11:38
2026-05-09 13:11:38,P4,45.9,OK,2026-05-09 13:11:38
2026-05-09 13:11:38,P5,44.0,OK,2026-05-09 13:11:38
2026-05-09 13:11:38,P6,43.8,OK,2026-05-09 13:11:38
2026-05-09 13:12:11,P1,44.89635848999024,OK,2026-05-09 13:16:00
2026-05-09 13:12:11,P2,44.69601821899414,OK,2026-05-09 13:16:00
2026-05-09 13:12:11,P3,46.505496978759766,OK,2026-05-09 13:16:00
2026-05-09 13:12:11,P4,45.46797561645508,OK,2026-05-09 13:16:00
2026-05-09 13:12:11,P5,41.6964111328125,OK,2026-05-09 13:16:00
2026-05-09 13:12:11,P6,44.75325393676758,OK,2026-05-09 13:16:00
2026-05-09 13:14:22,P1,53.4,OK,2026-05-09 13:14:22
2026-05-09 13:14:22,P2,43.9,OK,2026-05-09 13:14:22
2026-05-09 13:14:22,P3,48.7,OK,2026-05-09 13:14:22
2026-05-09 13:14:22,P4,46.3,OK,2026-05-09 13:14:22
2026-05-09 13:14:22,P5,44.3,OK,2026-05-09 13:14:22
2026-05-09 13:14:22,P6,44.3,OK,2026-05-09 13:14:22
2026-05-09 13:14:49,P1,53.5,OK,2026-05-09 13:14:49
2026-05-09 13:14:49,P2,44.5,OK,2026-05-09 13:14:49
2026-05-09 13:14:49,P3,48.4,OK,2026-05-09 13:14:49
2026-05-09 13:14:49,P4,46.1,OK,2026-05-09 13:14:49
2026-05-09 13:14:49,P5,44.5,OK,2026-05-09 13:14:49
2026-05-09 13:14:49,P6,43.8,OK,2026-05-09 13:14:49
2026-05-09 13:15:22,P1,44.60100555419922,OK,2026-05-09 13:19:00
2026-05-09 13:15:22,P2,44.66375732421875,OK,2026-05-09 13:19:00
2026-05-09 13:15:22,P3,46.40917205810547,OK,2026-05-09 13:19:00
2026-05-09 13:15:22,P4,45.32160568237305,OK,2026-05-09 13:19:00
2026-05-09 13:15:22,P5,41.45673751831055,OK,2026-05-09 13:19:00
2026-05-09 13:15:22,P6,44.63129425048828,OK,2026-05-09 13:19:00
2026-05-09 13:16:40,P1,53.2,OK,2026-05-09 13:16:40
2026-05-09 13:16:40,P2,44.4,OK,2026-05-09 13:16:40
2026-05-09 13:16:40,P3,48.4,OK,2026-05-09 13:16:40
2026-05-09 13:16:40,P4,45.9,OK,2026-05-09 13:16:40
2026-05-09 13:16:40,P5,44.0,OK,2026-05-09 13:16:40
2026-05-09 13:16:40,P6,43.8,OK,2026-05-09 13:16:40
2026-05-09 13:17:13,P1,44.79622650146485,OK,2026-05-09 13:21:00
2026-05-09 13:17:13,P2,44.62182235717773,OK,2026-05-09 13:21:00
2026-05-09 13:17:13,P3,46.47560501098633,OK,2026-05-09 13:21:00
2026-05-09 13:17:13,P4,45.42984390258789,OK,2026-05-09 13:21:00
2026-05-09 13:17:13,P5,41.621826171875,OK,2026-05-09 13:21:00
2026-05-09 13:17:13,P6,44.70271301269531,OK,2026-05-09 13:21:00
2026-05-09 13:18:48,P1,54.3,OK,2026-05-09 13:18:48
2026-05-09 13:18:48,P2,43.3,OK,2026-05-09 13:18:48
2026-05-09 13:18:48,P3,48.7,OK,2026-05-09 13:18:48
2026-05-09 13:18:48,P4,45.5,OK,2026-05-09 13:18:48
2026-05-09 13:18:48,P5,43.5,OK,2026-05-09 13:18:48
2026-05-09 13:18:48,P6,43.5,OK,2026-05-09 13:18:48
2026-05-09 13:19:21,P1,44.72970581054688,OK,2026-05-09 13:23:00
2026-05-09 13:19:21,P2,44.46294021606445,OK,2026-05-09 13:23:00
2026-05-09 13:19:21,P3,46.09195327758789,OK,2026-05-09 13:23:00
2026-05-09 13:19:21,P4,45.14491271972656,OK,2026-05-09 13:23:00
2026-05-09 13:19:21,P5,41.38772201538086,OK,2026-05-09 13:23:00
2026-05-09 13:19:21,P6,44.44673538208008,OK,2026-05-09 13:23:00
2026-05-09 13:21:41,P1,53.2,OK,2026-05-09 13:21:41
2026-05-09 13:21:41,P2,44.4,OK,2026-05-09 13:21:41
2026-05-09 13:21:41,P3,48.4,OK,2026-05-09 13:21:41
2026-05-09 13:21:41,P4,45.9,OK,2026-05-09 13:21:41
2026-05-09 13:21:41,P5,44.0,OK,2026-05-09 13:21:41
2026-05-09 13:21:41,P6,43.8,OK,2026-05-09 13:21:41
2026-05-09 13:22:14,P1,44.77864074707031,OK,2026-05-09 13:26:00
2026-05-09 13:22:14,P2,44.60434341430664,OK,2026-05-09 13:26:00
2026-05-09 13:22:14,P3,46.30899429321289,OK,2026-05-09 13:26:00
2026-05-09 13:22:14,P4,45.320274353027344,OK,2026-05-09 13:26:00
2026-05-09 13:22:14,P5,41.55977249145508,OK,2026-05-09 13:26:00
2026-05-09 13:22:14,P6,44.60921096801758,OK,2026-05-09 13:26:00
2026-05-09 13:23:47,P1,54.0,OK,2026-05-09 13:23:47
2026-05-09 13:23:47,P2,43.9,OK,2026-05-09 13:23:47
2026-05-09 13:23:47,P3,48.6,OK,2026-05-09 13:23:47
2026-05-09 13:23:47,P4,46.5,OK,2026-05-09 13:23:47
2026-05-09 13:23:47,P5,43.9,OK,2026-05-09 13:23:47
2026-05-09 13:23:47,P6,44.5,OK,2026-05-09 13:23:47
2026-05-09 13:24:20,P1,44.84463119506836,OK,2026-05-09 13:28:00
2026-05-09 13:24:20,P2,44.74025344848633,OK,2026-05-09 13:28:00
2026-05-09 13:24:20,P3,46.508487701416016,OK,2026-05-09 13:28:00
2026-05-09 13:24:20,P4,45.47674560546875,OK,2026-05-09 13:28:00
2026-05-09 13:24:20,P5,41.71162796020508,OK,2026-05-09 13:28:00
2026-05-09 13:24:20,P6,44.752197265625,OK,2026-05-09 13:28:00
2026-05-09 13:26:42,P1,53.2,OK,2026-05-09 13:26:42
2026-05-09 13:26:42,P2,44.4,OK,2026-05-09 13:26:42
2026-05-09 13:26:42,P3,48.4,OK,2026-05-09 13:26:42
2026-05-09 13:26:42,P4,45.9,OK,2026-05-09 13:26:42
2026-05-09 13:26:42,P5,44.0,OK,2026-05-09 13:26:42
2026-05-09 13:26:42,P6,43.8,OK,2026-05-09 13:26:42
2026-05-09 13:27:15,P1,44.887786865234375,OK,2026-05-09 13:31:00
2026-05-09 13:27:15,P2,44.75945281982422,OK,2026-05-09 13:31:00
2026-05-09 13:27:15,P3,46.583763122558594,OK,2026-05-09 13:31:00
2026-05-09 13:27:15,P4,45.52424621582031,OK,2026-05-09 13:31:00
2026-05-09 13:27:15,P5,41.7669792175293,OK,2026-05-09 13:31:00
2026-05-09 13:27:15,P6,44.79566192626953,OK,2026-05-09 13:31:00
2026-05-09 13:28:47,P1,54.8,OK,2026-05-09 13:28:47
2026-05-09 13:28:47,P2,44.4,OK,2026-05-09 13:28:47
2026-05-09 13:28:47,P3,48.9,OK,2026-05-09 13:28:47
2026-05-09 13:28:47,P4,46.7,OK,2026-05-09 13:28:47
2026-05-09 13:28:47,P5,44.4,OK,2026-05-09 13:28:47
2026-05-09 13:28:47,P6,45.1,OK,2026-05-09 13:28:47
2026-05-09 13:29:20,P1,44.8705940246582,OK,2026-05-09 13:33:00
2026-05-09 13:29:20,P2,44.71464157104492,OK,2026-05-09 13:33:00
2026-05-09 13:29:20,P3,46.43537902832031,OK,2026-05-09 13:33:00
2026-05-09 13:29:20,P4,45.410457611083984,OK,2026-05-09 13:33:00
2026-05-09 13:29:20,P5,41.66741561889648,OK,2026-05-09 13:33:00
2026-05-09 13:29:20,P6,44.706912994384766,OK,2026-05-09 13:33:00
2026-05-09 13:31:42,P1,53.2,OK,2026-05-09 13:31:42
2026-05-09 13:31:42,P2,44.4,OK,2026-05-09 13:31:42
2026-05-09 13:31:42,P3,48.4,OK,2026-05-09 13:31:42
2026-05-09 13:31:42,P4,45.9,OK,2026-05-09 13:31:42
2026-05-09 13:31:42,P5,44.0,OK,2026-05-09 13:31:42
2026-05-09 13:31:42,P6,43.8,OK,2026-05-09 13:31:42
2026-05-09 13:32:16,P1,44.86222839355469,OK,2026-05-09 13:36:00
2026-05-09 13:32:16,P2,44.77677917480469,OK,2026-05-09 13:36:00
2026-05-09 13:32:16,P3,46.65204620361328,OK,2026-05-09 13:36:00
2026-05-09 13:32:16,P4,45.57861709594727,OK,2026-05-09 13:36:00
2026-05-09 13:32:16,P5,41.79530715942383,OK,2026-05-09 13:36:00
2026-05-09 13:32:16,P6,44.83036422729492,OK,2026-05-09 13:36:00
2026-05-09 13:33:49,P1,54.8,OK,2026-05-09 13:33:49
2026-05-09 13:33:49,P2,44.4,OK,2026-05-09 13:33:49
2026-05-09 13:33:49,P3,48.9,OK,2026-05-09 13:33:49
2026-05-09 13:33:49,P4,46.7,OK,2026-05-09 13:33:49
2026-05-09 13:33:49,P5,44.4,OK,2026-05-09 13:33:49
2026-05-09 13:33:49,P6,45.1,OK,2026-05-09 13:33:49
2026-05-09 13:34:22,P1,44.73436737060547,OK,2026-05-09 13:38:00
2026-05-09 13:34:22,P2,44.59022903442383,OK,2026-05-09 13:38:00
2026-05-09 13:34:22,P3,46.5023193359375,OK,2026-05-09 13:38:00
2026-05-09 13:34:22,P4,45.515899658203125,OK,2026-05-09 13:38:00
2026-05-09 13:34:22,P5,41.64902877807617,OK,2026-05-09 13:38:00
2026-05-09 13:34:22,P6,44.72845077514648,OK,2026-05-09 13:38:00
2026-05-09 13:35:20,P1,50.8,OK,2026-05-09 13:35:20
2026-05-09 13:35:20,P2,43.0,OK,2026-05-09 13:35:20
2026-05-09 13:35:20,P3,47.1,OK,2026-05-09 13:35:20
2026-05-09 13:35:20,P4,45.1,OK,2026-05-09 13:35:20
2026-05-09 13:35:20,P5,43.0,OK,2026-05-09 13:35:20
2026-05-09 13:35:20,P6,43.5,OK,2026-05-09 13:35:20
2026-05-09 13:35:53,P1,44.78665542602539,OK,2026-05-09 13:40:00
2026-05-09 13:35:53,P2,44.65118789672852,OK,2026-05-09 13:40:00
2026-05-09 13:35:53,P3,46.49977493286133,OK,2026-05-09 13:40:00
2026-05-09 13:35:53,P4,45.45889663696289,OK,2026-05-09 13:40:00
2026-05-09 13:35:53,P5,41.67282485961914,OK,2026-05-09 13:40:00
2026-05-09 13:35:53,P6,44.713809967041016,OK,2026-05-09 13:40:00
2026-05-09 13:36:43,P1,53.2,OK,2026-05-09 13:36:43
2026-05-09 13:36:43,P2,44.4,OK,2026-05-09 13:36:43
2026-05-09 13:36:43,P3,48.4,OK,2026-05-09 13:36:43
2026-05-09 13:36:43,P4,45.9,OK,2026-05-09 13:36:43
2026-05-09 13:36:43,P5,44.0,OK,2026-05-09 13:36:43
2026-05-09 13:36:43,P6,43.8,OK,2026-05-09 13:36:43
2026-05-09 13:37:17,P1,44.70383834838867,OK,2026-05-09 13:41:00
2026-05-09 13:37:17,P2,44.59040069580078,OK,2026-05-09 13:41:00
2026-05-09 13:37:17,P3,46.60074615478516,OK,2026-05-09 13:41:00
2026-05-09 13:37:17,P4,45.5655632019043,OK,2026-05-09 13:41:00
2026-05-09 13:37:17,P5,41.69241714477539,OK,2026-05-09 13:41:00
2026-05-09 13:37:17,P6,44.7879524230957,OK,2026-05-09 13:41:00
2026-05-09 13:40:22,P1,50.7,OK,2026-05-09 13:40:22
2026-05-09 13:40:22,P2,43.8,OK,2026-05-09 13:40:22
2026-05-09 13:40:22,P3,46.5,OK,2026-05-09 13:40:22
2026-05-09 13:40:22,P4,45.1,OK,2026-05-09 13:40:22
2026-05-09 13:40:22,P5,43.8,OK,2026-05-09 13:40:22
2026-05-09 13:40:22,P6,43.5,OK,2026-05-09 13:40:22
2026-05-09 13:40:55,P1,44.6762924194336,OK,2026-05-09 13:45:00
2026-05-09 13:40:55,P2,44.49441909790039,OK,2026-05-09 13:45:00
2026-05-09 13:40:55,P3,46.20174026489258,OK,2026-05-09 13:45:00
2026-05-09 13:40:55,P4,45.25086212158203,OK,2026-05-09 13:45:00
2026-05-09 13:40:55,P5,41.45938873291016,OK,2026-05-09 13:45:00
2026-05-09 13:40:55,P6,44.519962310791016,OK,2026-05-09 13:45:00
2026-05-09 13:41:46,P1,53.2,OK,2026-05-09 13:41:46
2026-05-09 13:41:46,P2,44.4,OK,2026-05-09 13:41:46
2026-05-09 13:41:46,P3,48.4,OK,2026-05-09 13:41:46
2026-05-09 13:41:46,P4,45.9,OK,2026-05-09 13:41:46
2026-05-09 13:41:46,P5,44.0,OK,2026-05-09 13:41:46
2026-05-09 13:41:46,P6,43.8,OK,2026-05-09 13:41:46
2026-05-09 13:42:19,P1,44.68601608276367,OK,2026-05-09 13:46:00
2026-05-09 13:42:19,P2,44.58876800537109,OK,2026-05-09 13:46:00
2026-05-09 13:42:19,P3,46.38972854614258,OK,2026-05-09 13:46:00
2026-05-09 13:42:19,P4,45.397857666015625,OK,2026-05-09 13:46:00
2026-05-09 13:42:19,P5,41.55491638183594,OK,2026-05-09 13:46:00
2026-05-09 13:42:19,P6,44.65784454345703,OK,2026-05-09 13:46:00
2026-05-09 13:45:23,P1,49.3,OK,2026-05-09 13:45:23
2026-05-09 13:45:23,P2,42.0,OK,2026-05-09 13:45:23
2026-05-09 13:45:23,P3,46.0,OK,2026-05-09 13:45:23
2026-05-09 13:45:23,P4,43.9,OK,2026-05-09 13:45:23
2026-05-09 13:45:23,P5,42.3,OK,2026-05-09 13:45:23
2026-05-09 13:45:23,P6,42.8,OK,2026-05-09 13:45:23
2026-05-09 13:45:56,P1,44.361114501953125,OK,2026-05-09 13:50:00
2026-05-09 13:45:56,P2,44.20993041992188,OK,2026-05-09 13:50:00
2026-05-09 13:45:56,P3,45.83597183227539,OK,2026-05-09 13:50:00
2026-05-09 13:45:56,P4,44.98202133178711,OK,2026-05-09 13:50:00
2026-05-09 13:45:56,P5,41.07940673828125,OK,2026-05-09 13:50:00
2026-05-09 13:45:56,P6,44.26469421386719,OK,2026-05-09 13:50:00
2026-05-09 13:46:26,P1,49.6,OK,2026-05-09 13:46:26
2026-05-09 13:46:26,P2,42.5,OK,2026-05-09 13:46:26
2026-05-09 13:46:26,P3,46.0,OK,2026-05-09 13:46:26
2026-05-09 13:46:26,P4,44.5,OK,2026-05-09 13:46:26
2026-05-09 13:46:26,P5,42.4,OK,2026-05-09 13:46:26
2026-05-09 13:46:26,P6,42.7,OK,2026-05-09 13:46:26
2026-05-09 13:46:59,P1,44.30379104614258,OK,2026-05-09 13:51:00
2026-05-09 13:46:59,P2,44.01275634765625,OK,2026-05-09 13:51:00
2026-05-09 13:46:59,P3,45.48305892944336,OK,2026-05-09 13:51:00
2026-05-09 13:46:59,P4,44.655738830566406,OK,2026-05-09 13:51:00
2026-05-09 13:46:59,P5,40.84699249267578,OK,2026-05-09 13:51:00
2026-05-09 13:46:59,P6,43.986907958984375,OK,2026-05-09 13:51:00
2026-05-09 13:51:06,P1,48.3,OK,2026-05-09 13:51:06
2026-05-09 13:51:06,P2,41.4,OK,2026-05-09 13:51:06
2026-05-09 13:51:06,P3,44.9,OK,2026-05-09 13:51:06
2026-05-09 13:51:06,P4,43.3,OK,2026-05-09 13:51:06
2026-05-09 13:51:06,P5,41.9,OK,2026-05-09 13:51:06
2026-05-09 13:51:06,P6,41.8,OK,2026-05-09 13:51:06
2026-05-09 13:51:27,P1,48.3,OK,2026-05-09 13:51:27
2026-05-09 13:51:27,P2,41.4,OK,2026-05-09 13:51:27
2026-05-09 13:51:27,P3,44.9,OK,2026-05-09 13:51:27
2026-05-09 13:51:27,P4,43.3,OK,2026-05-09 13:51:27
2026-05-09 13:51:27,P5,41.9,OK,2026-05-09 13:51:27
2026-05-09 13:51:27,P6,41.8,OK,2026-05-09 13:51:27
2026-05-09 13:51:39,P1,44.1217041015625,OK,2026-05-09 13:56:00
2026-05-09 13:51:39,P2,43.75077438354492,OK,2026-05-09 13:56:00
2026-05-09 13:51:39,P3,45.69002532958984,OK,2026-05-09 13:56:00
2026-05-09 13:51:39,P4,45.06126022338867,OK,2026-05-09 13:56:00
2026-05-09 13:51:39,P5,41.018775939941406,OK,2026-05-09 13:56:00
2026-05-09 13:51:39,P6,44.15471267700195,OK,2026-05-09 13:56:00
2026-05-09 13:52:00,P1,44.1217041015625,OK,2026-05-09 13:56:00
2026-05-09 13:52:00,P2,43.75077438354492,OK,2026-05-09 13:56:00
2026-05-09 13:52:00,P3,45.69002532958984,OK,2026-05-09 13:56:00
2026-05-09 13:52:00,P4,45.06126022338867,OK,2026-05-09 13:56:00
2026-05-09 13:52:00,P5,41.018775939941406,OK,2026-05-09 13:56:00
2026-05-09 13:52:00,P6,44.15471267700195,OK,2026-05-09 13:56:00
2026-05-09 13:56:09,P1,48.3,OK,2026-05-09 13:56:09
2026-05-09 13:56:09,P2,41.4,OK,2026-05-09 13:56:09
2026-05-09 13:56:09,P3,44.9,OK,2026-05-09 13:56:09
2026-05-09 13:56:09,P4,43.3,OK,2026-05-09 13:56:09
2026-05-09 13:56:09,P5,41.9,OK,2026-05-09 13:56:09
2026-05-09 13:56:09,P6,41.8,OK,2026-05-09 13:56:09
2026-05-09 13:56:28,P1,48.3,OK,2026-05-09 13:56:28
2026-05-09 13:56:28,P2,41.4,OK,2026-05-09 13:56:28
2026-05-09 13:56:28,P3,44.9,OK,2026-05-09 13:56:28
2026-05-09 13:56:28,P4,43.3,OK,2026-05-09 13:56:28
2026-05-09 13:56:28,P5,41.9,OK,2026-05-09 13:56:28
2026-05-09 13:56:28,P6,41.8,OK,2026-05-09 13:56:28
2026-05-09 13:56:43,P1,43.69524383544922,OK,2026-05-09 14:01:00
2026-05-09 13:56:43,P2,43.24007415771485,OK,2026-05-09 14:01:00
2026-05-09 13:56:43,P3,44.852333068847656,OK,2026-05-09 14:01:00
2026-05-09 13:56:43,P4,44.47771835327149,OK,2026-05-09 14:01:00
2026-05-09 13:56:43,P5,40.36088180541992,OK,2026-05-09 14:01:00
2026-05-09 13:56:43,P6,43.62531661987305,OK,2026-05-09 14:01:00
