Timestamp,Id,PredictedValue,frequency,audioDecibel,Status,ForecastTime
2026-05-08 14:37:58,PD_SENSOR,0.0,0.0,0.0,OK,2026-05-08 14:37:58
2026-05-08 14:38:34,PD_SENSOR,0.0,1353.0,45.933,OK,2026-05-08 14:38:34
2026-05-08 14:40:14,PD_SENSOR,0.0,0.0,0.0,OK,2026-05-08 14:40:14
2026-05-08 14:40:50,PD_SENSOR,0.0,1845.0,46.7418,OK,2026-05-08 14:40:50
2026-05-08 14:47:00,PD_SENSOR,0.0,1722.0,41.6119,OK,2026-05-08 14:47:00
2026-05-08 14:51:55,PD_SENSOR,0.0,0.0,0.0,OK,2026-05-08 14:51:55
2026-05-08 14:51:56,PD_SENSOR,0.0,0.0,0.0,OK,2026-05-08 14:51:56
2026-05-08 14:52:03,PD_SENSOR,0.0,720.0,47.2761,OK,2026-05-08 14:52:03
2026-05-08 14:55:40,PD_SENSOR,0.0,0.0,0.0,OK,2026-05-08 14:55:40
2026-05-08 14:55:47,PD_SENSOR,0.0,0.0,0.0,OK,2026-05-08 14:55:47
2026-05-08 14:57:43,PD_SENSOR,0.0,0.0,0.0,OK,2026-05-08 14:57:43
2026-05-08 14:57:57,PD_SENSOR,0.0,0.0,0.0,OK,2026-05-08 14:57:57
2026-05-08 14:59:21,PD_SENSOR,0.0,0.0,0.0,OK,2026-05-08 14:59:21
2026-05-08 14:59:24,PD_SENSOR,0.0,0.0,0.0,OK,2026-05-08 14:59:24
2026-05-08 14:59:28,PD_SENSOR,0.0,0.0,0.0,OK,2026-05-08 14:59:28
2026-05-08 14:59:31,PD_SENSOR,0.0,0.0,0.0,OK,2026-05-08 14:59:31
2026-05-08 14:59:36,PD_SENSOR,0.0,0.0,0.0,OK,2026-05-08 14:59:36
2026-05-08 14:59:40,PD_SENSOR,0.0,0.0,0.0,OK,2026-05-08 14:59:40
2026-05-08 14:59:42,PD_SENSOR,0.0,0.0,0.0,OK,2026-05-08 14:59:42
2026-05-08 14:59:44,PD_SENSOR,0.0,0.0,0.0,OK,2026-05-08 14:59:44
2026-05-08 14:59:48,PD_SENSOR,0.0,0.0,0.0,OK,2026-05-08 14:59:48
2026-05-08 14:59:49,PD_SENSOR,0.0,0.0,0.0,OK,2026-05-08 14:59:49
2026-05-08 14:59:53,PD_SENSOR,0.0,0.0,0.0,OK,2026-05-08 14:59:53
2026-05-08 14:59:57,PD_SENSOR,0.0,0.0,0.0,OK,2026-05-08 14:59:57
2026-05-08 14:59:58,PD_SENSOR,0.0,0.0,0.0,OK,2026-05-08 14:59:58
2026-05-08 15:00:02,PD_SENSOR,0.0,0.0,0.0,OK,2026-05-08 15:00:02
2026-05-08 15:00:05,PD_SENSOR,0.0,0.0,0.0,OK,2026-05-08 15:00:05
2026-05-08 15:00:10,PD_SENSOR,0.0,0.0,0.0,OK,2026-05-08 15:00:10
2026-05-08 15:00:14,PD_SENSOR,0.0,0.0,0.0,OK,2026-05-08 15:00:14
2026-05-08 15:00:15,PD_SENSOR,0.0,0.0,0.0,OK,2026-05-08 15:00:15
2026-05-08 15:00:18,PD_SENSOR,0.0,0.0,0.0,OK,2026-05-08 15:00:18
2026-05-08 15:00:22,PD_SENSOR,0.0,0.0,0.0,OK,2026-05-08 15:00:22
2026-05-08 15:00:27,PD_SENSOR,0.0,0.0,0.0,OK,2026-05-08 15:00:27
2026-05-08 15:00:31,PD_SENSOR,0.0,0.0,0.0,OK,2026-05-08 15:00:31
2026-05-08 15:00:32,PD_SENSOR,0.0,0.0,0.0,OK,2026-05-08 15:00:32
2026-05-08 15:00:35,PD_SENSOR,0.0,0.0,0.0,OK,2026-05-08 15:00:35
2026-05-08 15:00:39,PD_SENSOR,0.0,0.0,0.0,OK,2026-05-08 15:00:39
2026-05-08 15:00:44,PD_SENSOR,0.0,0.0,0.0,OK,2026-05-08 15:00:44
2026-05-08 15:00:48,PD_SENSOR,0.0,0.0,0.0,OK,2026-05-08 15:00:48
2026-05-08 15:00:53,PD_SENSOR,0.0,0.0,0.0,OK,2026-05-08 15:00:53
2026-05-08 15:00:56,PD_SENSOR,0.0,0.0,0.0,OK,2026-05-08 15:00:56
2026-05-08 15:00:57,PD_SENSOR,0.0,0.0,0.0,OK,2026-05-08 15:00:57
2026-05-08 15:01:01,PD_SENSOR,0.0,0.0,0.0,OK,2026-05-08 15:01:01
2026-05-08 15:01:05,PD_SENSOR,0.0,0.0,0.0,OK,2026-05-08 15:01:05
2026-05-08 15:01:06,PD_SENSOR,0.0,0.0,0.0,OK,2026-05-08 15:01:06
2026-05-08 15:01:10,PD_SENSOR,0.0,0.0,0.0,OK,2026-05-08 15:01:10
2026-05-08 15:01:13,PD_SENSOR,0.0,0.0,0.0,OK,2026-05-08 15:01:13
2026-05-08 15:01:15,PD_SENSOR,0.0,0.0,0.0,OK,2026-05-08 15:01:15
2026-05-08 15:01:18,PD_SENSOR,0.0,0.0,0.0,OK,2026-05-08 15:01:18
2026-05-08 15:01:22,PD_SENSOR,0.0,0.0,0.0,OK,2026-05-08 15:01:22
2026-05-08 15:01:23,PD_SENSOR,0.0,0.0,0.0,OK,2026-05-08 15:01:23
2026-05-08 15:01:27,PD_SENSOR,0.0,0.0,0.0,OK,2026-05-08 15:01:27
2026-05-08 15:01:31,PD_SENSOR,0.0,0.0,0.0,OK,2026-05-08 15:01:31
2026-05-08 15:01:32,PD_SENSOR,0.0,0.0,0.0,OK,2026-05-08 15:01:32
2026-05-08 15:01:36,PD_SENSOR,0.0,0.0,0.0,OK,2026-05-08 15:01:36
2026-05-08 15:01:39,PD_SENSOR,0.0,0.0,0.0,OK,2026-05-08 15:01:39
2026-05-08 15:01:41,PD_SENSOR,0.0,0.0,0.0,OK,2026-05-08 15:01:41
2026-05-08 15:01:44,PD_SENSOR,0.0,0.0,0.0,OK,2026-05-08 15:01:44
2026-05-08 15:01:48,PD_SENSOR,0.0,0.0,0.0,OK,2026-05-08 15:01:48
2026-05-08 15:01:49,PD_SENSOR,0.0,0.0,0.0,OK,2026-05-08 15:01:49
2026-05-08 15:01:53,PD_SENSOR,0.0,0.0,0.0,OK,2026-05-08 15:01:53
2026-05-08 15:01:56,PD_SENSOR,0.0,0.0,0.0,OK,2026-05-08 15:01:56
2026-05-08 15:01:57,PD_SENSOR,0.0,0.0,0.0,OK,2026-05-08 15:01:57
2026-05-08 15:02:01,PD_SENSOR,0.0,0.0,0.0,OK,2026-05-08 15:02:01
2026-05-08 15:02:05,PD_SENSOR,0.0,0.0,0.0,OK,2026-05-08 15:02:05
2026-05-08 15:02:06,PD_SENSOR,0.0,0.0,0.0,OK,2026-05-08 15:02:06
2026-05-08 15:02:10,PD_SENSOR,0.0,0.0,0.0,OK,2026-05-08 15:02:10
2026-05-08 15:02:13,PD_SENSOR,0.0,0.0,0.0,OK,2026-05-08 15:02:13
2026-05-08 15:02:14,PD_SENSOR,0.0,0.0,0.0,OK,2026-05-08 15:02:14
2026-05-08 15:02:18,PD_SENSOR,0.0,0.0,0.0,OK,2026-05-08 15:02:18
2026-05-08 15:02:22,PD_SENSOR,0.0,0.0,0.0,OK,2026-05-08 15:02:22
2026-05-08 15:02:23,PD_SENSOR,0.0,0.0,0.0,OK,2026-05-08 15:02:23
2026-05-08 15:02:27,PD_SENSOR,0.0,0.0,0.0,OK,2026-05-08 15:02:27
2026-05-08 15:02:30,PD_SENSOR,0.0,0.0,0.0,OK,2026-05-08 15:02:30
2026-05-08 15:02:32,PD_SENSOR,0.0,0.0,0.0,OK,2026-05-08 15:02:32
2026-05-08 15:02:35,PD_SENSOR,0.0,0.0,0.0,OK,2026-05-08 15:02:35
2026-05-08 15:02:39,PD_SENSOR,0.0,0.0,0.0,OK,2026-05-08 15:02:39
2026-05-08 15:02:40,PD_SENSOR,0.0,0.0,0.0,OK,2026-05-08 15:02:40
2026-05-08 15:02:44,PD_SENSOR,0.0,0.0,0.0,OK,2026-05-08 15:02:44
2026-05-08 15:02:48,PD_SENSOR,0.0,0.0,0.0,OK,2026-05-08 15:02:48
2026-05-08 15:02:49,PD_SENSOR,0.0,0.0,0.0,OK,2026-05-08 15:02:49
2026-05-08 15:02:53,PD_SENSOR,0.0,0.0,0.0,OK,2026-05-08 15:02:53
2026-05-08 15:02:56,PD_SENSOR,0.0,0.0,0.0,OK,2026-05-08 15:02:56
2026-05-08 15:02:57,PD_SENSOR,0.0,0.0,0.0,OK,2026-05-08 15:02:57
2026-05-08 15:03:02,PD_SENSOR,0.0,0.0,0.0,OK,2026-05-08 15:03:02
2026-05-08 15:03:05,PD_SENSOR,0.0,0.0,0.0,OK,2026-05-08 15:03:05
2026-05-08 15:03:06,PD_SENSOR,0.0,0.0,0.0,OK,2026-05-08 15:03:06
2026-05-08 15:03:10,PD_SENSOR,0.0,0.0,0.0,OK,2026-05-08 15:03:10
2026-05-08 15:03:14,PD_SENSOR,0.0,0.0,0.0,OK,2026-05-08 15:03:14
2026-05-08 15:03:19,PD_SENSOR,0.0,0.0,0.0,OK,2026-05-08 15:03:19
2026-05-08 15:03:22,PD_SENSOR,0.0,0.0,0.0,OK,2026-05-08 15:03:22
2026-05-08 15:03:27,PD_SENSOR,0.0,0.0,0.0,OK,2026-05-08 15:03:27
2026-05-08 15:03:31,PD_SENSOR,0.0,0.0,0.0,OK,2026-05-08 15:03:31
2026-05-08 15:03:32,PD_SENSOR,0.0,0.0,0.0,OK,2026-05-08 15:03:32
2026-05-08 15:03:36,PD_SENSOR,0.0,0.0,0.0,OK,2026-05-08 15:03:36
2026-05-08 15:03:39,PD_SENSOR,0.0,0.0,0.0,OK,2026-05-08 15:03:39
2026-05-08 15:03:41,PD_SENSOR,0.0,0.0,0.0,OK,2026-05-08 15:03:41
2026-05-08 15:03:44,PD_SENSOR,0.0,0.0,0.0,OK,2026-05-08 15:03:44
2026-05-08 15:03:48,PD_SENSOR,0.0,0.0,0.0,OK,2026-05-08 15:03:48
2026-05-08 15:03:49,PD_SENSOR,0.0,0.0,0.0,OK,2026-05-08 15:03:49
2026-05-08 15:03:53,PD_SENSOR,0.0,0.0,0.0,OK,2026-05-08 15:03:53
2026-05-08 15:03:57,PD_SENSOR,0.0,0.0,0.0,OK,2026-05-08 15:03:57
2026-05-08 15:04:01,PD_SENSOR,0.0,0.0,0.0,OK,2026-05-08 15:04:01
2026-05-08 15:04:05,PD_SENSOR,0.0,0.0,0.0,OK,2026-05-08 15:04:05
2026-05-08 15:04:10,PD_SENSOR,0.0,0.0,0.0,OK,2026-05-08 15:04:10
2026-05-08 15:04:14,PD_SENSOR,0.0,0.0,0.0,OK,2026-05-08 15:04:14
2026-05-08 15:04:18,PD_SENSOR,0.0,0.0,0.0,OK,2026-05-08 15:04:18
2026-05-08 15:04:22,PD_SENSOR,0.0,0.0,0.0,OK,2026-05-08 15:04:22
2026-05-08 15:04:27,PD_SENSOR,0.0,0.0,0.0,OK,2026-05-08 15:04:27
2026-05-08 15:04:31,PD_SENSOR,0.0,0.0,0.0,OK,2026-05-08 15:04:31
2026-05-08 15:04:35,PD_SENSOR,0.0,0.0,0.0,OK,2026-05-08 15:04:35
2026-05-08 15:04:40,PD_SENSOR,0.0,0.0,0.0,OK,2026-05-08 15:04:40
2026-05-08 15:04:44,PD_SENSOR,0.0,0.0,0.0,OK,2026-05-08 15:04:44
2026-05-08 15:04:48,PD_SENSOR,0.0,0.0,0.0,OK,2026-05-08 15:04:48
2026-05-08 15:04:52,PD_SENSOR,0.0,0.0,0.0,OK,2026-05-08 15:04:52
2026-05-08 15:04:56,PD_SENSOR,0.0,0.0,0.0,OK,2026-05-08 15:04:56
2026-05-08 15:05:00,PD_SENSOR,0.0,0.0,0.0,OK,2026-05-08 15:05:00
2026-05-08 15:05:04,PD_SENSOR,0.0,0.0,0.0,OK,2026-05-08 15:05:04
2026-05-08 15:05:08,PD_SENSOR,0.0,0.0,0.0,OK,2026-05-08 15:05:08
2026-05-08 15:05:13,PD_SENSOR,0.0,0.0,0.0,OK,2026-05-08 15:05:13
2026-05-08 15:05:17,PD_SENSOR,0.0,0.0,0.0,OK,2026-05-08 15:05:17
2026-05-08 15:05:18,PD_SENSOR,0.0,0.0,0.0,OK,2026-05-08 15:05:18
2026-05-08 15:05:22,PD_SENSOR,0.0,0.0,0.0,OK,2026-05-08 15:05:22
2026-05-08 15:05:25,PD_SENSOR,0.0,0.0,0.0,OK,2026-05-08 15:05:25
2026-05-08 15:05:27,PD_SENSOR,0.0,0.0,0.0,OK,2026-05-08 15:05:27
2026-05-08 15:05:30,PD_SENSOR,0.0,0.0,0.0,OK,2026-05-08 15:05:30
2026-05-08 15:05:34,PD_SENSOR,0.0,0.0,0.0,OK,2026-05-08 15:05:34
2026-05-08 15:05:38,PD_SENSOR,0.0,0.0,0.0,OK,2026-05-08 15:05:38
2026-05-08 15:05:42,PD_SENSOR,0.0,0.0,0.0,OK,2026-05-08 15:05:42
2026-05-08 15:05:43,PD_SENSOR,0.0,0.0,0.0,OK,2026-05-08 15:05:43
2026-05-08 15:05:47,PD_SENSOR,0.0,0.0,0.0,OK,2026-05-08 15:05:47
2026-05-08 15:05:51,PD_SENSOR,0.0,0.0,0.0,OK,2026-05-08 15:05:51
2026-05-08 15:05:52,PD_SENSOR,0.0,0.0,0.0,OK,2026-05-08 15:05:52
2026-05-08 15:05:56,PD_SENSOR,0.0,0.0,0.0,OK,2026-05-08 15:05:56
2026-05-08 15:05:59,PD_SENSOR,0.0,0.0,0.0,OK,2026-05-08 15:05:59
2026-05-08 15:06:04,PD_SENSOR,0.0,0.0,0.0,OK,2026-05-08 15:06:04
2026-05-08 15:06:08,PD_SENSOR,0.0,0.0,0.0,OK,2026-05-08 15:06:08
2026-05-08 15:06:13,PD_SENSOR,0.0,0.0,0.0,OK,2026-05-08 15:06:13
2026-05-08 15:06:16,PD_SENSOR,0.0,0.0,0.0,OK,2026-05-08 15:06:16
2026-05-08 15:06:17,PD_SENSOR,0.0,0.0,0.0,OK,2026-05-08 15:06:17
2026-05-08 15:06:21,PD_SENSOR,0.0,0.0,0.0,OK,2026-05-08 15:06:21
2026-05-08 15:06:25,PD_SENSOR,0.0,0.0,0.0,OK,2026-05-08 15:06:25
2026-05-08 15:06:26,PD_SENSOR,0.0,0.0,0.0,OK,2026-05-08 15:06:26
2026-05-08 15:06:30,PD_SENSOR,0.0,0.0,0.0,OK,2026-05-08 15:06:30
2026-05-08 15:06:33,PD_SENSOR,0.0,0.0,0.0,OK,2026-05-08 15:06:33
2026-05-08 15:06:39,PD_SENSOR,0.0,0.0,0.0,OK,2026-05-08 15:06:39
2026-05-08 15:06:42,PD_SENSOR,0.0,0.0,0.0,OK,2026-05-08 15:06:42
2026-05-08 15:06:54,PD_SENSOR,0.0,0.0,0.0,OK,2026-05-08 15:06:54
2026-05-08 15:06:55,PD_SENSOR,0.0,0.0,0.0,OK,2026-05-08 15:06:55
2026-05-08 15:07:06,PD_SENSOR,0.0,0.0,0.0,OK,2026-05-08 15:07:06
2026-05-08 15:07:13,PD_SENSOR,0.0,0.0,0.0,OK,2026-05-08 15:07:13
2026-05-08 15:07:17,PD_SENSOR,0.0,0.0,0.0,OK,2026-05-08 15:07:17
2026-05-08 15:07:21,PD_SENSOR,0.0,0.0,0.0,OK,2026-05-08 15:07:21
2026-05-08 15:07:26,PD_SENSOR,0.0,0.0,0.0,OK,2026-05-08 15:07:26
2026-05-08 15:07:31,PD_SENSOR,0.0,0.0,0.0,OK,2026-05-08 15:07:31
2026-05-08 15:07:34,PD_SENSOR,0.0,0.0,0.0,OK,2026-05-08 15:07:34
2026-05-08 15:07:38,PD_SENSOR,0.0,0.0,0.0,OK,2026-05-08 15:07:38
2026-05-08 15:07:43,PD_SENSOR,0.0,0.0,0.0,OK,2026-05-08 15:07:43
2026-05-08 15:07:46,PD_SENSOR,0.0,0.0,0.0,OK,2026-05-08 15:07:46
2026-05-08 15:07:52,PD_SENSOR,0.0,0.0,0.0,OK,2026-05-08 15:07:52
2026-05-08 15:07:54,PD_SENSOR,0.0,0.0,0.0,OK,2026-05-08 15:07:54
2026-05-08 15:08:02,PD_SENSOR,0.0,0.0,0.0,OK,2026-05-08 15:08:02
2026-05-08 15:08:08,PD_SENSOR,0.0,0.0,0.0,OK,2026-05-08 15:08:08
2026-05-08 15:08:09,PD_SENSOR,0.0,0.0,0.0,OK,2026-05-08 15:08:09
2026-05-08 15:08:11,PD_SENSOR,0.0,0.0,0.0,OK,2026-05-08 15:08:11
2026-05-08 15:08:14,PD_SENSOR,0.0,0.0,0.0,OK,2026-05-08 15:08:14
2026-05-08 15:08:18,PD_SENSOR,0.0,0.0,0.0,OK,2026-05-08 15:08:18
2026-05-08 15:08:23,PD_SENSOR,0.0,0.0,0.0,OK,2026-05-08 15:08:23
2026-05-08 15:08:26,PD_SENSOR,0.0,0.0,0.0,OK,2026-05-08 15:08:26
2026-05-08 15:08:31,PD_SENSOR,0.0,0.0,0.0,OK,2026-05-08 15:08:31
2026-05-08 15:08:35,PD_SENSOR,0.0,0.0,0.0,OK,2026-05-08 15:08:35
2026-05-08 15:08:40,PD_SENSOR,0.0,0.0,0.0,OK,2026-05-08 15:08:40
2026-05-08 15:08:43,PD_SENSOR,0.0,0.0,0.0,OK,2026-05-08 15:08:43
2026-05-08 15:08:45,PD_SENSOR,0.0,0.0,0.0,OK,2026-05-08 15:08:45
2026-05-08 15:08:48,PD_SENSOR,0.0,0.0,0.0,OK,2026-05-08 15:08:48
2026-05-08 15:08:52,PD_SENSOR,0.0,0.0,0.0,OK,2026-05-08 15:08:52
2026-05-08 15:08:53,PD_SENSOR,0.0,0.0,0.0,OK,2026-05-08 15:08:53
2026-05-08 15:08:57,PD_SENSOR,0.0,0.0,0.0,OK,2026-05-08 15:08:57
2026-05-08 15:09:00,PD_SENSOR,0.0,0.0,0.0,OK,2026-05-08 15:09:00
2026-05-08 15:09:01,PD_SENSOR,0.0,0.0,0.0,OK,2026-05-08 15:09:01
2026-05-08 15:09:05,PD_SENSOR,0.0,0.0,0.0,OK,2026-05-08 15:09:05
2026-05-08 15:09:09,PD_SENSOR,0.0,0.0,0.0,OK,2026-05-08 15:09:09
2026-05-08 15:09:14,PD_SENSOR,0.0,0.0,0.0,OK,2026-05-08 15:09:14
2026-05-08 15:09:17,PD_SENSOR,0.0,0.0,0.0,OK,2026-05-08 15:09:17
2026-05-08 15:09:19,PD_SENSOR,0.0,0.0,0.0,OK,2026-05-08 15:09:19
2026-05-08 15:09:22,PD_SENSOR,0.0,0.0,0.0,OK,2026-05-08 15:09:22
2026-05-08 15:09:26,PD_SENSOR,0.0,0.0,0.0,OK,2026-05-08 15:09:26
2026-05-08 15:09:31,PD_SENSOR,0.0,0.0,0.0,OK,2026-05-08 15:09:31
2026-05-08 15:09:35,PD_SENSOR,0.0,0.0,0.0,OK,2026-05-08 15:09:35
2026-05-08 15:09:39,PD_SENSOR,0.0,0.0,0.0,OK,2026-05-08 15:09:39
2026-05-08 15:09:44,PD_SENSOR,0.0,0.0,0.0,OK,2026-05-08 15:09:44
2026-05-08 15:09:48,PD_SENSOR,0.0,0.0,0.0,OK,2026-05-08 15:09:48
2026-05-08 15:09:52,PD_SENSOR,0.0,0.0,0.0,OK,2026-05-08 15:09:52
2026-05-08 15:09:57,PD_SENSOR,0.0,0.0,0.0,OK,2026-05-08 15:09:57
2026-05-08 15:10:10,PD_SENSOR,0.0,0.0,0.0,OK,2026-05-08 15:10:10
2026-05-08 15:15:53,PD_SENSOR,0.0,0.0,0.0,OK,2026-05-08 15:15:53
2026-05-08 15:21:36,PD_SENSOR,0.0,0.0,0.0,OK,2026-05-08 15:21:36
2026-05-08 15:27:20,PD_SENSOR,0.0,1863.0,45.9772,OK,2026-05-08 15:27:20
2026-05-08 15:33:03,PD_SENSOR,0.0,3937.0,48.3421,OK,2026-05-08 15:33:03
2026-05-08 15:38:45,PD_SENSOR,0.0,1546.0,43.9903,OK,2026-05-08 15:38:45
2026-05-08 15:44:28,PD_SENSOR,0.0,966.0,44.3442,OK,2026-05-08 15:44:28
2026-05-08 15:50:10,PD_SENSOR,0.0,597.0,47.0131,OK,2026-05-08 15:50:10
2026-05-08 15:55:51,PD_SENSOR,0.0,861.0,45.116,OK,2026-05-08 15:55:51
2026-05-08 16:01:33,PD_SENSOR,0.0,1757.0,43.7375,OK,2026-05-08 16:01:33
2026-05-08 16:07:16,PD_SENSOR,0.0,1441.0,47.0459,OK,2026-05-08 16:07:16
2026-05-08 16:12:59,PD_SENSOR,0.0,298.0,46.2878,OK,2026-05-08 16:12:59
2026-05-08 16:18:41,PD_SENSOR,0.0,667.0,45.5249,OK,2026-05-08 16:18:41
2026-05-08 16:24:25,PD_SENSOR,0.0,3533.0,50.9832,OK,2026-05-08 16:24:25
2026-05-08 16:30:09,PD_SENSOR,0.0,1458.0,49.0419,OK,2026-05-08 16:30:09
2026-05-08 16:35:52,PD_SENSOR,0.0,896.0,47.046,OK,2026-05-08 16:35:52
2026-05-08 16:41:35,PD_SENSOR,0.0,1107.0,46.6743,OK,2026-05-08 16:41:35
2026-05-08 16:47:22,PD_SENSOR,0.0,298.0,46.9344,OK,2026-05-08 16:47:22
2026-05-08 16:53:08,PD_SENSOR,0.0,1546.0,50.564,OK,2026-05-08 16:53:08
2026-05-08 16:58:52,PD_SENSOR,0.0,703.0,48.1499,OK,2026-05-08 16:58:52
2026-05-08 17:04:41,PD_SENSOR,0.0,1265.0,48.7537,OK,2026-05-08 17:04:41
2026-05-08 17:10:30,PD_SENSOR,0.0,1740.0,48.5132,OK,2026-05-08 17:10:30
2026-05-08 17:16:15,PD_SENSOR,0.0,1335.0,49.0832,OK,2026-05-08 17:16:15
2026-05-08 17:21:57,PD_SENSOR,0.0,949.0,50.1032,OK,2026-05-08 17:21:57
2026-05-08 17:27:41,PD_SENSOR,0.0,896.0,44.8907,OK,2026-05-08 17:27:41
2026-05-08 17:33:27,PD_SENSOR,0.0,703.0,46.5407,OK,2026-05-08 17:33:27
2026-05-08 17:39:16,PD_SENSOR,0.0,755.0,43.589,OK,2026-05-08 17:39:16
2026-05-08 17:45:03,PD_SENSOR,0.0,703.0,44.2575,OK,2026-05-08 17:45:03
2026-05-08 21:48:19,PD_SENSOR,0.0,0.0,0.0,OK,2026-05-08 21:48:19
2026-05-08 21:48:20,PD_SENSOR,0.0,0.0,0.0,OK,2026-05-08 21:48:20
2026-05-08 21:48:29,PD_SENSOR,0.0,0.0,0.0,OK,2026-05-08 21:48:29
2026-05-08 21:54:08,PD_SENSOR,0.0,0.0,0.0,OK,2026-05-08 21:54:08
2026-05-08 21:54:57,PD_SENSOR,0.0,0.0,0.0,OK,2026-05-08 21:54:57
2026-05-08 21:54:58,PD_SENSOR,0.0,0.0,0.0,OK,2026-05-08 21:54:58
2026-05-08 21:55:06,PD_SENSOR,0.0,0.0,0.0,OK,2026-05-08 21:55:06
2026-05-08 22:00:46,PD_SENSOR,0.0,0.0,0.0,OK,2026-05-08 22:00:46
2026-05-08 22:06:26,PD_SENSOR,0.0,0.0,0.0,OK,2026-05-08 22:06:26
2026-05-08 22:12:05,PD_SENSOR,0.0,0.0,0.0,OK,2026-05-08 22:12:05
2026-05-08 22:17:45,PD_SENSOR,0.0,0.0,0.0,OK,2026-05-08 22:17:45
2026-05-08 22:23:24,PD_SENSOR,0.0,0.0,0.0,OK,2026-05-08 22:23:24
2026-05-08 22:29:04,PD_SENSOR,0.0,0.0,0.0,OK,2026-05-08 22:29:04
2026-05-08 22:34:43,PD_SENSOR,0.0,0.0,0.0,OK,2026-05-08 22:34:43
2026-05-08 22:40:22,PD_SENSOR,0.0,0.0,0.0,OK,2026-05-08 22:40:22
2026-05-08 22:46:01,PD_SENSOR,0.0,0.0,0.0,OK,2026-05-08 22:46:01
2026-05-08 22:51:40,PD_SENSOR,0.0,0.0,0.0,OK,2026-05-08 22:51:40
2026-05-08 22:57:20,PD_SENSOR,0.0,0.0,0.0,OK,2026-05-08 22:57:20
2026-05-08 23:03:00,PD_SENSOR,0.0,0.0,0.0,OK,2026-05-08 23:03:00
2026-05-08 23:08:39,PD_SENSOR,0.0,0.0,0.0,OK,2026-05-08 23:08:39
2026-05-08 23:14:19,PD_SENSOR,0.0,0.0,0.0,OK,2026-05-08 23:14:19
2026-05-08 23:19:59,PD_SENSOR,0.0,0.0,0.0,OK,2026-05-08 23:19:59
2026-05-08 23:25:38,PD_SENSOR,0.0,0.0,0.0,OK,2026-05-08 23:25:38
2026-05-08 23:31:17,PD_SENSOR,0.0,0.0,0.0,OK,2026-05-08 23:31:17
2026-05-08 23:36:55,PD_SENSOR,0.0,0.0,0.0,OK,2026-05-08 23:36:55
2026-05-08 23:42:35,PD_SENSOR,0.0,0.0,0.0,OK,2026-05-08 23:42:35
2026-05-08 23:48:13,PD_SENSOR,0.0,0.0,0.0,OK,2026-05-08 23:48:13
2026-05-08 23:53:52,PD_SENSOR,0.0,0.0,0.0,OK,2026-05-08 23:53:52
2026-05-08 23:59:31,PD_SENSOR,0.0,0.0,0.0,OK,2026-05-08 23:59:31
2026-05-09 00:05:09,PD_SENSOR,0.0,0.0,0.0,OK,2026-05-09 00:05:09
2026-05-09 00:10:48,PD_SENSOR,0.0,0.0,0.0,OK,2026-05-09 00:10:48
2026-05-09 00:16:27,PD_SENSOR,0.0,0.0,0.0,OK,2026-05-09 00:16:27
2026-05-09 00:22:06,PD_SENSOR,0.0,0.0,0.0,OK,2026-05-09 00:22:06
2026-05-09 00:24:35,PD_SENSOR,0.0,0.0,0.0,OK,2026-05-09 00:24:35
2026-05-09 00:24:43,PD_SENSOR,0.0,0.0,0.0,OK,2026-05-09 00:24:43
2026-05-09 09:33:30,TEST_PD_SUCCESS,-20.1,1200,40.5,OK,2026-05-09 09:33:30
2026-05-09 09:39:50,PD_SENSOR,0.0,0.0,0.0,OK,2026-05-09 09:39:50
2026-05-09 09:39:52,PD_SENSOR,0.0,0.0,0.0,OK,2026-05-09 09:39:52
2026-05-09 09:39:55,PD_SENSOR,0.0,0.0,0.0,OK,2026-05-09 09:39:55
2026-05-09 09:39:57,PD_SENSOR,0.0,0.0,0.0,OK,2026-05-09 09:39:57
2026-05-09 09:40:00,PD_SENSOR,0.0,0.0,0.0,OK,2026-05-09 09:40:00
2026-05-09 09:40:02,PD_SENSOR,0.0,0.0,0.0,OK,2026-05-09 09:40:02
2026-05-09 09:40:04,PD_SENSOR,0.0,0.0,0.0,OK,2026-05-09 09:40:04
2026-05-09 09:40:06,PD_SENSOR,0.0,0.0,0.0,OK,2026-05-09 09:40:06
2026-05-09 09:40:08,PD_SENSOR,0.0,0.0,0.0,OK,2026-05-09 09:40:08
2026-05-09 09:40:10,PD_SENSOR,0.0,0.0,0.0,OK,2026-05-09 09:40:10
2026-05-09 09:40:13,PD_SENSOR,0.0,0.0,0.0,OK,2026-05-09 09:40:13
2026-05-09 09:40:15,PD_SENSOR,0.0,0.0,0.0,OK,2026-05-09 09:40:15
2026-05-09 09:40:17,PD_SENSOR,0.0,0.0,0.0,OK,2026-05-09 09:40:17
2026-05-09 09:40:19,PD_SENSOR,0.0,0.0,0.0,OK,2026-05-09 09:40:19
2026-05-09 09:40:21,PD_SENSOR,0.0,0.0,0.0,OK,2026-05-09 09:40:21
2026-05-09 09:40:23,PD_SENSOR,0.0,0.0,0.0,OK,2026-05-09 09:40:23
2026-05-09 09:40:25,PD_SENSOR,0.0,0.0,0.0,OK,2026-05-09 09:40:25
2026-05-09 09:40:27,PD_SENSOR,0.0,0.0,0.0,OK,2026-05-09 09:40:27
2026-05-09 09:40:30,PD_SENSOR,0.0,0.0,0.0,OK,2026-05-09 09:40:30
2026-05-09 09:40:32,PD_SENSOR,0.0,0.0,0.0,OK,2026-05-09 09:40:32
2026-05-09 09:40:34,PD_SENSOR,0.0,0.0,0.0,OK,2026-05-09 09:40:34
2026-05-09 09:40:36,PD_SENSOR,0.0,0.0,0.0,OK,2026-05-09 09:40:36
2026-05-09 09:40:38,PD_SENSOR,0.0,0.0,0.0,OK,2026-05-09 09:40:38
2026-05-09 09:40:41,PD_SENSOR,0.0,0.0,0.0,OK,2026-05-09 09:40:41
2026-05-09 09:40:43,PD_SENSOR,0.0,0.0,0.0,OK,2026-05-09 09:40:43
2026-05-09 09:40:45,PD_SENSOR,0.0,0.0,0.0,OK,2026-05-09 09:40:45
2026-05-09 09:40:48,PD_SENSOR,0.0,0.0,0.0,OK,2026-05-09 09:40:48
2026-05-09 09:40:50,PD_SENSOR,0.0,0.0,0.0,OK,2026-05-09 09:40:50
2026-05-09 09:40:52,PD_SENSOR,0.0,0.0,0.0,OK,2026-05-09 09:40:52
2026-05-09 09:40:54,PD_SENSOR,0.0,0.0,0.0,OK,2026-05-09 09:40:54
2026-05-09 09:40:56,PD_SENSOR,0.0,0.0,0.0,OK,2026-05-09 09:40:56
2026-05-09 09:40:59,PD_SENSOR,0.0,0.0,0.0,OK,2026-05-09 09:40:59
2026-05-09 09:41:01,PD_SENSOR,0.0,0.0,0.0,OK,2026-05-09 09:41:01
2026-05-09 09:41:03,PD_SENSOR,0.0,0.0,0.0,OK,2026-05-09 09:41:03
2026-05-09 09:41:06,PD_SENSOR,0.0,0.0,0.0,OK,2026-05-09 09:41:06
2026-05-09 09:41:08,PD_SENSOR,0.0,0.0,0.0,OK,2026-05-09 09:41:08
2026-05-09 09:41:10,PD_SENSOR,0.0,0.0,0.0,OK,2026-05-09 09:41:10
2026-05-09 09:41:12,PD_SENSOR,0.0,0.0,0.0,OK,2026-05-09 09:41:12
2026-05-09 09:41:14,PD_SENSOR,0.0,0.0,0.0,OK,2026-05-09 09:41:14
2026-05-09 09:41:17,PD_SENSOR,0.0,0.0,0.0,OK,2026-05-09 09:41:17
2026-05-09 09:41:19,PD_SENSOR,0.0,0.0,0.0,OK,2026-05-09 09:41:19
2026-05-09 09:41:21,PD_SENSOR,0.0,0.0,0.0,OK,2026-05-09 09:41:21
2026-05-09 09:41:23,PD_SENSOR,0.0,0.0,0.0,OK,2026-05-09 09:41:23
2026-05-09 09:41:25,PD_SENSOR,0.0,0.0,0.0,OK,2026-05-09 09:41:25
2026-05-09 09:41:28,PD_SENSOR,0.0,0.0,0.0,OK,2026-05-09 09:41:28
2026-05-09 09:41:30,PD_SENSOR,0.0,0.0,0.0,OK,2026-05-09 09:41:30
2026-05-09 09:41:32,PD_SENSOR,0.0,0.0,0.0,OK,2026-05-09 09:41:32
2026-05-09 09:41:35,PD_SENSOR,0.0,0.0,0.0,OK,2026-05-09 09:41:35
2026-05-09 09:41:37,PD_SENSOR,0.0,0.0,0.0,OK,2026-05-09 09:41:37
2026-05-09 09:41:39,PD_SENSOR,0.0,0.0,0.0,OK,2026-05-09 09:41:39
2026-05-09 09:41:41,PD_SENSOR,0.0,0.0,0.0,OK,2026-05-09 09:41:41
2026-05-09 09:41:43,PD_SENSOR,0.0,0.0,0.0,OK,2026-05-09 09:41:43
2026-05-09 09:41:46,PD_SENSOR,0.0,0.0,0.0,OK,2026-05-09 09:41:46
2026-05-09 09:41:48,PD_SENSOR,0.0,0.0,0.0,OK,2026-05-09 09:41:48
2026-05-09 09:41:50,PD_SENSOR,0.0,0.0,0.0,OK,2026-05-09 09:41:50
2026-05-09 09:41:51,PD_SENSOR,0.0,0.0,0.0,OK,2026-05-09 09:41:51
2026-05-09 09:41:52,PD_SENSOR,0.0,0.0,0.0,OK,2026-05-09 09:41:52
2026-05-09 09:41:54,PD_SENSOR,0.0,0.0,0.0,OK,2026-05-09 09:41:54
2026-05-09 09:41:56,PD_SENSOR,0.0,0.0,0.0,OK,2026-05-09 09:41:56
2026-05-09 09:41:56,PD_SENSOR,0.0,0.0,0.0,OK,2026-05-09 09:41:56
2026-05-09 09:41:59,PD_SENSOR,0.0,0.0,0.0,OK,2026-05-09 09:41:59
2026-05-09 09:41:59,PD_SENSOR,0.0,0.0,0.0,OK,2026-05-09 09:41:59
2026-05-09 09:42:01,PD_SENSOR,0.0,0.0,0.0,OK,2026-05-09 09:42:01
2026-05-09 09:42:02,PD_SENSOR,0.0,0.0,0.0,OK,2026-05-09 09:42:02
2026-05-09 09:42:04,PD_SENSOR,0.0,0.0,0.0,OK,2026-05-09 09:42:04
2026-05-09 09:42:04,PD_SENSOR,0.0,0.0,0.0,OK,2026-05-09 09:42:04
2026-05-09 09:42:06,PD_SENSOR,0.0,0.0,0.0,OK,2026-05-09 09:42:06
2026-05-09 09:42:06,PD_SENSOR,0.0,0.0,0.0,OK,2026-05-09 09:42:06
2026-05-09 09:42:08,PD_SENSOR,0.0,0.0,0.0,OK,2026-05-09 09:42:08
2026-05-09 09:42:08,PD_SENSOR,0.0,0.0,0.0,OK,2026-05-09 09:42:08
2026-05-09 09:42:10,PD_SENSOR,0.0,0.0,0.0,OK,2026-05-09 09:42:10
2026-05-09 09:42:10,PD_SENSOR,0.0,0.0,0.0,OK,2026-05-09 09:42:10
2026-05-09 09:42:12,PD_SENSOR,0.0,0.0,0.0,OK,2026-05-09 09:42:12
2026-05-09 09:42:12,PD_SENSOR,0.0,0.0,0.0,OK,2026-05-09 09:42:12
2026-05-09 09:42:14,PD_SENSOR,0.0,0.0,0.0,OK,2026-05-09 09:42:14
2026-05-09 09:42:15,PD_SENSOR,0.0,0.0,0.0,OK,2026-05-09 09:42:15
2026-05-09 09:42:16,PD_SENSOR,0.0,0.0,0.0,OK,2026-05-09 09:42:16
2026-05-09 09:42:18,PD_SENSOR,0.0,0.0,0.0,OK,2026-05-09 09:42:18
2026-05-09 09:42:19,PD_SENSOR,0.0,0.0,0.0,OK,2026-05-09 09:42:19
2026-05-09 09:42:20,PD_SENSOR,0.0,0.0,0.0,OK,2026-05-09 09:42:20
2026-05-09 09:42:21,PD_SENSOR,0.0,0.0,0.0,OK,2026-05-09 09:42:21
2026-05-09 09:42:23,PD_SENSOR,0.0,0.0,0.0,OK,2026-05-09 09:42:23
2026-05-09 09:42:23,PD_SENSOR,0.0,0.0,0.0,OK,2026-05-09 09:42:23
2026-05-09 09:42:25,PD_SENSOR,0.0,0.0,0.0,OK,2026-05-09 09:42:25
2026-05-09 09:42:25,PD_SENSOR,0.0,0.0,0.0,OK,2026-05-09 09:42:25
2026-05-09 09:42:27,PD_SENSOR,0.0,0.0,0.0,OK,2026-05-09 09:42:27
2026-05-09 09:42:27,PD_SENSOR,0.0,0.0,0.0,OK,2026-05-09 09:42:27
2026-05-09 09:42:29,PD_SENSOR,0.0,0.0,0.0,OK,2026-05-09 09:42:29
2026-05-09 09:42:29,PD_SENSOR,0.0,0.0,0.0,OK,2026-05-09 09:42:29
2026-05-09 09:42:31,PD_SENSOR,0.0,0.0,0.0,OK,2026-05-09 09:42:31
2026-05-09 09:42:32,PD_SENSOR,0.0,0.0,0.0,OK,2026-05-09 09:42:32
2026-05-09 09:42:33,PD_SENSOR,0.0,0.0,0.0,OK,2026-05-09 09:42:33
2026-05-09 09:42:34,PD_SENSOR,0.0,0.0,0.0,OK,2026-05-09 09:42:34
2026-05-09 09:42:35,PD_SENSOR,0.0,0.0,0.0,OK,2026-05-09 09:42:35
2026-05-09 09:42:36,PD_SENSOR,0.0,0.0,0.0,OK,2026-05-09 09:42:36
2026-05-09 09:42:37,PD_SENSOR,0.0,0.0,0.0,OK,2026-05-09 09:42:37
2026-05-09 09:42:38,PD_SENSOR,0.0,0.0,0.0,OK,2026-05-09 09:42:38
2026-05-09 09:42:39,PD_SENSOR,0.0,0.0,0.0,OK,2026-05-09 09:42:39
2026-05-09 09:42:40,PD_SENSOR,0.0,0.0,0.0,OK,2026-05-09 09:42:40
2026-05-09 09:42:41,PD_SENSOR,0.0,0.0,0.0,OK,2026-05-09 09:42:41
2026-05-09 09:42:42,PD_SENSOR,0.0,0.0,0.0,OK,2026-05-09 09:42:42
2026-05-09 09:42:43,PD_SENSOR,0.0,0.0,0.0,OK,2026-05-09 09:42:43
2026-05-09 09:42:44,PD_SENSOR,0.0,0.0,0.0,OK,2026-05-09 09:42:44
2026-05-09 09:42:45,PD_SENSOR,0.0,0.0,0.0,OK,2026-05-09 09:42:45
2026-05-09 09:42:46,PD_SENSOR,0.0,0.0,0.0,OK,2026-05-09 09:42:46
2026-05-09 09:42:47,PD_SENSOR,0.0,0.0,0.0,OK,2026-05-09 09:42:47
2026-05-09 09:42:48,PD_SENSOR,0.0,0.0,0.0,OK,2026-05-09 09:42:48
2026-05-09 09:42:49,PD_SENSOR,0.0,0.0,0.0,OK,2026-05-09 09:42:49
2026-05-09 09:42:50,PD_SENSOR,0.0,0.0,0.0,OK,2026-05-09 09:42:50
2026-05-09 09:42:51,PD_SENSOR,0.0,0.0,0.0,OK,2026-05-09 09:42:51
2026-05-09 09:42:52,PD_SENSOR,0.0,0.0,0.0,OK,2026-05-09 09:42:52
2026-05-09 09:42:53,PD_SENSOR,0.0,0.0,0.0,OK,2026-05-09 09:42:53
2026-05-09 09:42:54,PD_SENSOR,0.0,0.0,0.0,OK,2026-05-09 09:42:54
2026-05-09 09:42:55,PD_SENSOR,0.0,0.0,0.0,OK,2026-05-09 09:42:55
2026-05-09 09:42:57,PD_SENSOR,0.0,0.0,0.0,OK,2026-05-09 09:42:57
2026-05-09 09:42:58,PD_SENSOR,0.0,0.0,0.0,OK,2026-05-09 09:42:58
2026-05-09 09:42:59,PD_SENSOR,0.0,0.0,0.0,OK,2026-05-09 09:42:59
2026-05-09 09:43:00,PD_SENSOR,0.0,0.0,0.0,OK,2026-05-09 09:43:00
2026-05-09 09:43:01,PD_SENSOR,0.0,0.0,0.0,OK,2026-05-09 09:43:01
2026-05-09 09:43:02,PD_SENSOR,0.0,0.0,0.0,OK,2026-05-09 09:43:02
2026-05-09 09:43:03,PD_SENSOR,0.0,0.0,0.0,OK,2026-05-09 09:43:03
2026-05-09 09:43:04,PD_SENSOR,0.0,0.0,0.0,OK,2026-05-09 09:43:04
2026-05-09 09:43:05,PD_SENSOR,0.0,0.0,0.0,OK,2026-05-09 09:43:05
2026-05-09 09:43:06,PD_SENSOR,0.0,0.0,0.0,OK,2026-05-09 09:43:06
2026-05-09 09:43:07,PD_SENSOR,0.0,0.0,0.0,OK,2026-05-09 09:43:07
2026-05-09 09:43:08,PD_SENSOR,0.0,0.0,0.0,OK,2026-05-09 09:43:08
2026-05-09 09:43:09,PD_SENSOR,0.0,0.0,0.0,OK,2026-05-09 09:43:09
2026-05-09 09:43:10,PD_SENSOR,0.0,0.0,0.0,OK,2026-05-09 09:43:10
2026-05-09 09:43:11,PD_SENSOR,0.0,0.0,0.0,OK,2026-05-09 09:43:11
2026-05-09 09:43:12,PD_SENSOR,0.0,0.0,0.0,OK,2026-05-09 09:43:12
2026-05-09 09:43:13,PD_SENSOR,0.0,0.0,0.0,OK,2026-05-09 09:43:13
2026-05-09 09:43:14,PD_SENSOR,0.0,0.0,0.0,OK,2026-05-09 09:43:14
2026-05-09 09:43:15,PD_SENSOR,0.0,0.0,0.0,OK,2026-05-09 09:43:15
2026-05-09 09:43:17,PD_SENSOR,0.0,0.0,0.0,OK,2026-05-09 09:43:17
2026-05-09 09:43:17,PD_SENSOR,0.0,0.0,0.0,OK,2026-05-09 09:43:17
2026-05-09 09:43:19,PD_SENSOR,0.0,0.0,0.0,OK,2026-05-09 09:43:19
2026-05-09 09:43:19,PD_SENSOR,0.0,0.0,0.0,OK,2026-05-09 09:43:19
2026-05-09 09:43:21,PD_SENSOR,0.0,0.0,0.0,OK,2026-05-09 09:43:21
2026-05-09 09:43:21,PD_SENSOR,0.0,0.0,0.0,OK,2026-05-09 09:43:21
2026-05-09 09:43:23,PD_SENSOR,0.0,0.0,0.0,OK,2026-05-09 09:43:23
2026-05-09 09:43:23,PD_SENSOR,0.0,0.0,0.0,OK,2026-05-09 09:43:23
2026-05-09 09:43:25,PD_SENSOR,0.0,0.0,0.0,OK,2026-05-09 09:43:25
2026-05-09 09:43:25,PD_SENSOR,0.0,0.0,0.0,OK,2026-05-09 09:43:25
2026-05-09 09:43:27,PD_SENSOR,0.0,0.0,0.0,OK,2026-05-09 09:43:27
2026-05-09 09:43:27,PD_SENSOR,0.0,0.0,0.0,OK,2026-05-09 09:43:27
2026-05-09 09:43:29,PD_SENSOR,0.0,0.0,0.0,OK,2026-05-09 09:43:29
2026-05-09 09:43:29,PD_SENSOR,0.0,0.0,0.0,OK,2026-05-09 09:43:29
2026-05-09 09:43:31,PD_SENSOR,0.0,0.0,0.0,OK,2026-05-09 09:43:31
2026-05-09 09:43:32,PD_SENSOR,0.0,0.0,0.0,OK,2026-05-09 09:43:32
2026-05-09 09:43:33,PD_SENSOR,0.0,0.0,0.0,OK,2026-05-09 09:43:33
2026-05-09 09:43:34,PD_SENSOR,0.0,0.0,0.0,OK,2026-05-09 09:43:34
2026-05-09 09:43:35,PD_SENSOR,0.0,0.0,0.0,OK,2026-05-09 09:43:35
2026-05-09 09:43:36,PD_SENSOR,0.0,0.0,0.0,OK,2026-05-09 09:43:36
2026-05-09 09:43:37,PD_SENSOR,0.0,0.0,0.0,OK,2026-05-09 09:43:37
2026-05-09 09:43:39,PD_SENSOR,0.0,0.0,0.0,OK,2026-05-09 09:43:39
2026-05-09 09:43:39,PD_SENSOR,0.0,0.0,0.0,OK,2026-05-09 09:43:39
2026-05-09 09:43:41,PD_SENSOR,0.0,0.0,0.0,OK,2026-05-09 09:43:41
2026-05-09 09:43:41,PD_SENSOR,0.0,0.0,0.0,OK,2026-05-09 09:43:41
2026-05-09 09:43:43,PD_SENSOR,0.0,0.0,0.0,OK,2026-05-09 09:43:43
2026-05-09 09:43:43,PD_SENSOR,0.0,0.0,0.0,OK,2026-05-09 09:43:43
2026-05-09 09:43:45,PD_SENSOR,0.0,0.0,0.0,OK,2026-05-09 09:43:45
2026-05-09 09:43:45,PD_SENSOR,0.0,0.0,0.0,OK,2026-05-09 09:43:45
2026-05-09 09:43:47,PD_SENSOR,0.0,0.0,0.0,OK,2026-05-09 09:43:47
2026-05-09 09:43:47,PD_SENSOR,0.0,0.0,0.0,OK,2026-05-09 09:43:47
2026-05-09 09:43:49,PD_SENSOR,0.0,0.0,0.0,OK,2026-05-09 09:43:49
2026-05-09 09:43:49,PD_SENSOR,0.0,0.0,0.0,OK,2026-05-09 09:43:49
2026-05-09 09:43:51,PD_SENSOR,0.0,0.0,0.0,OK,2026-05-09 09:43:51
2026-05-09 09:43:51,PD_SENSOR,0.0,0.0,0.0,OK,2026-05-09 09:43:51
2026-05-09 09:43:53,PD_SENSOR,0.0,0.0,0.0,OK,2026-05-09 09:43:53
2026-05-09 09:43:53,PD_SENSOR,0.0,0.0,0.0,OK,2026-05-09 09:43:53
2026-05-09 09:43:55,PD_SENSOR,0.0,0.0,0.0,OK,2026-05-09 09:43:55
2026-05-09 09:43:55,PD_SENSOR,0.0,0.0,0.0,OK,2026-05-09 09:43:55
2026-05-09 09:43:57,PD_SENSOR,0.0,0.0,0.0,OK,2026-05-09 09:43:57
2026-05-09 09:43:57,PD_SENSOR,0.0,0.0,0.0,OK,2026-05-09 09:43:57
2026-05-09 09:43:59,PD_SENSOR,0.0,0.0,0.0,OK,2026-05-09 09:43:59
2026-05-09 09:43:59,PD_SENSOR,0.0,0.0,0.0,OK,2026-05-09 09:43:59
2026-05-09 09:44:01,PD_SENSOR,0.0,0.0,0.0,OK,2026-05-09 09:44:01
2026-05-09 09:44:01,PD_SENSOR,0.0,0.0,0.0,OK,2026-05-09 09:44:01
2026-05-09 09:44:03,PD_SENSOR,0.0,0.0,0.0,OK,2026-05-09 09:44:03
2026-05-09 09:44:03,PD_SENSOR,0.0,0.0,0.0,OK,2026-05-09 09:44:03
2026-05-09 09:44:05,PD_SENSOR,0.0,0.0,0.0,OK,2026-05-09 09:44:05
2026-05-09 09:44:05,PD_SENSOR,0.0,0.0,0.0,OK,2026-05-09 09:44:05
2026-05-09 09:44:07,PD_SENSOR,0.0,0.0,0.0,OK,2026-05-09 09:44:07
2026-05-09 09:44:07,PD_SENSOR,0.0,0.0,0.0,OK,2026-05-09 09:44:07
2026-05-09 09:44:09,PD_SENSOR,0.0,0.0,0.0,OK,2026-05-09 09:44:09
2026-05-09 09:44:09,PD_SENSOR,0.0,0.0,0.0,OK,2026-05-09 09:44:09
2026-05-09 09:44:11,PD_SENSOR,0.0,0.0,0.0,OK,2026-05-09 09:44:11
2026-05-09 09:44:11,PD_SENSOR,0.0,0.0,0.0,OK,2026-05-09 09:44:11
2026-05-09 09:44:13,PD_SENSOR,0.0,0.0,0.0,OK,2026-05-09 09:44:13
2026-05-09 09:44:13,PD_SENSOR,0.0,0.0,0.0,OK,2026-05-09 09:44:13
2026-05-09 09:44:15,PD_SENSOR,0.0,0.0,0.0,OK,2026-05-09 09:44:15
2026-05-09 09:44:15,PD_SENSOR,0.0,0.0,0.0,OK,2026-05-09 09:44:15
2026-05-09 09:44:17,PD_SENSOR,0.0,0.0,0.0,OK,2026-05-09 09:44:17
2026-05-09 09:44:17,PD_SENSOR,0.0,0.0,0.0,OK,2026-05-09 09:44:17
2026-05-09 09:44:19,PD_SENSOR,0.0,0.0,0.0,OK,2026-05-09 09:44:19
2026-05-09 09:44:19,PD_SENSOR,0.0,0.0,0.0,OK,2026-05-09 09:44:19
2026-05-09 09:44:21,PD_SENSOR,0.0,0.0,0.0,OK,2026-05-09 09:44:21
2026-05-09 09:44:21,PD_SENSOR,0.0,0.0,0.0,OK,2026-05-09 09:44:21
2026-05-09 09:44:23,PD_SENSOR,0.0,0.0,0.0,OK,2026-05-09 09:44:23
2026-05-09 09:44:23,PD_SENSOR,0.0,0.0,0.0,OK,2026-05-09 09:44:23
2026-05-09 09:44:25,PD_SENSOR,0.0,0.0,0.0,OK,2026-05-09 09:44:25
2026-05-09 09:44:25,PD_SENSOR,0.0,0.0,0.0,OK,2026-05-09 09:44:25
2026-05-09 09:44:27,PD_SENSOR,0.0,0.0,0.0,OK,2026-05-09 09:44:27
2026-05-09 09:44:27,PD_SENSOR,0.0,0.0,0.0,OK,2026-05-09 09:44:27
2026-05-09 09:44:29,PD_SENSOR,0.0,0.0,0.0,OK,2026-05-09 09:44:29
2026-05-09 09:44:29,PD_SENSOR,0.0,0.0,0.0,OK,2026-05-09 09:44:29
2026-05-09 09:44:31,PD_SENSOR,0.0,0.0,0.0,OK,2026-05-09 09:44:31
2026-05-09 09:44:31,PD_SENSOR,0.0,0.0,0.0,OK,2026-05-09 09:44:31
2026-05-09 09:44:33,PD_SENSOR,0.0,0.0,0.0,OK,2026-05-09 09:44:33
2026-05-09 09:44:33,PD_SENSOR,0.0,0.0,0.0,OK,2026-05-09 09:44:33
2026-05-09 09:44:35,PD_SENSOR,0.0,0.0,0.0,OK,2026-05-09 09:44:35
2026-05-09 09:44:35,PD_SENSOR,0.0,0.0,0.0,OK,2026-05-09 09:44:35
2026-05-09 09:44:37,PD_SENSOR,0.0,0.0,0.0,OK,2026-05-09 09:44:37
2026-05-09 09:44:37,PD_SENSOR,0.0,0.0,0.0,OK,2026-05-09 09:44:37
2026-05-09 09:44:39,PD_SENSOR,0.0,0.0,0.0,OK,2026-05-09 09:44:39
2026-05-09 09:44:40,PD_SENSOR,0.0,0.0,0.0,OK,2026-05-09 09:44:40
2026-05-09 09:44:41,PD_SENSOR,0.0,0.0,0.0,OK,2026-05-09 09:44:41
2026-05-09 09:44:42,PD_SENSOR,0.0,0.0,0.0,OK,2026-05-09 09:44:42
2026-05-09 09:44:43,PD_SENSOR,0.0,0.0,0.0,OK,2026-05-09 09:44:43
2026-05-09 09:44:44,PD_SENSOR,0.0,0.0,0.0,OK,2026-05-09 09:44:44
2026-05-09 09:44:45,PD_SENSOR,0.0,0.0,0.0,OK,2026-05-09 09:44:45
2026-05-09 09:44:46,PD_SENSOR,0.0,0.0,0.0,OK,2026-05-09 09:44:46
2026-05-09 09:44:47,PD_SENSOR,0.0,0.0,0.0,OK,2026-05-09 09:44:47
2026-05-09 09:44:49,PD_SENSOR,0.0,0.0,0.0,OK,2026-05-09 09:44:49
2026-05-09 09:44:49,PD_SENSOR,0.0,0.0,0.0,OK,2026-05-09 09:44:49
2026-05-09 09:44:51,PD_SENSOR,0.0,0.0,0.0,OK,2026-05-09 09:44:51
2026-05-09 09:44:51,PD_SENSOR,0.0,0.0,0.0,OK,2026-05-09 09:44:51
2026-05-09 09:44:53,PD_SENSOR,0.0,0.0,0.0,OK,2026-05-09 09:44:53
2026-05-09 09:44:54,PD_SENSOR,0.0,0.0,0.0,OK,2026-05-09 09:44:53
2026-05-09 09:44:55,PD_SENSOR,0.0,0.0,0.0,OK,2026-05-09 09:44:55
2026-05-09 09:44:56,PD_SENSOR,0.0,0.0,0.0,OK,2026-05-09 09:44:56
2026-05-09 09:44:57,PD_SENSOR,0.0,0.0,0.0,OK,2026-05-09 09:44:57
2026-05-09 09:44:58,PD_SENSOR,0.0,0.0,0.0,OK,2026-05-09 09:44:58
2026-05-09 09:44:59,PD_SENSOR,0.0,0.0,0.0,OK,2026-05-09 09:44:59
2026-05-09 09:45:00,PD_SENSOR,0.0,0.0,0.0,OK,2026-05-09 09:45:00
2026-05-09 09:45:01,PD_SENSOR,0.0,0.0,0.0,OK,2026-05-09 09:45:01
2026-05-09 09:45:02,PD_SENSOR,0.0,0.0,0.0,OK,2026-05-09 09:45:02
2026-05-09 09:45:03,PD_SENSOR,0.0,0.0,0.0,OK,2026-05-09 09:45:03
2026-05-09 09:45:05,PD_SENSOR,0.0,0.0,0.0,OK,2026-05-09 09:45:05
2026-05-09 09:45:05,PD_SENSOR,0.0,0.0,0.0,OK,2026-05-09 09:45:05
2026-05-09 09:45:07,PD_SENSOR,0.0,0.0,0.0,OK,2026-05-09 09:45:07
2026-05-09 09:45:07,PD_SENSOR,0.0,0.0,0.0,OK,2026-05-09 09:45:07
2026-05-09 09:45:09,PD_SENSOR,0.0,0.0,0.0,OK,2026-05-09 09:45:09
2026-05-09 09:45:09,PD_SENSOR,0.0,0.0,0.0,OK,2026-05-09 09:45:09
2026-05-09 09:45:11,PD_SENSOR,0.0,0.0,0.0,OK,2026-05-09 09:45:11
2026-05-09 09:45:11,PD_SENSOR,0.0,0.0,0.0,OK,2026-05-09 09:45:11
2026-05-09 09:45:13,PD_SENSOR,0.0,0.0,0.0,OK,2026-05-09 09:45:13
2026-05-09 09:45:13,PD_SENSOR,0.0,0.0,0.0,OK,2026-05-09 09:45:13
2026-05-09 09:45:15,PD_SENSOR,0.0,0.0,0.0,OK,2026-05-09 09:45:15
2026-05-09 09:45:15,PD_SENSOR,0.0,0.0,0.0,OK,2026-05-09 09:45:15
2026-05-09 09:45:17,PD_SENSOR,0.0,0.0,0.0,OK,2026-05-09 09:45:17
2026-05-09 09:45:17,PD_SENSOR,0.0,0.0,0.0,OK,2026-05-09 09:45:17
2026-05-09 09:45:19,PD_SENSOR,0.0,0.0,0.0,OK,2026-05-09 09:45:19
2026-05-09 09:45:19,PD_SENSOR,0.0,0.0,0.0,OK,2026-05-09 09:45:19
2026-05-09 09:45:21,PD_SENSOR,0.0,0.0,0.0,OK,2026-05-09 09:45:21
2026-05-09 09:45:21,PD_SENSOR,0.0,0.0,0.0,OK,2026-05-09 09:45:21
2026-05-09 09:45:23,PD_SENSOR,0.0,0.0,0.0,OK,2026-05-09 09:45:23
2026-05-09 09:45:23,PD_SENSOR,0.0,0.0,0.0,OK,2026-05-09 09:45:23
2026-05-09 09:45:25,PD_SENSOR,0.0,0.0,0.0,OK,2026-05-09 09:45:25
2026-05-09 09:45:25,PD_SENSOR,0.0,0.0,0.0,OK,2026-05-09 09:45:25
2026-05-09 09:45:27,PD_SENSOR,0.0,0.0,0.0,OK,2026-05-09 09:45:27
2026-05-09 09:45:27,PD_SENSOR,0.0,0.0,0.0,OK,2026-05-09 09:45:27
2026-05-09 09:45:29,PD_SENSOR,0.0,0.0,0.0,OK,2026-05-09 09:45:29
2026-05-09 09:45:29,PD_SENSOR,0.0,0.0,0.0,OK,2026-05-09 09:45:29
2026-05-09 09:45:31,PD_SENSOR,0.0,0.0,0.0,OK,2026-05-09 09:45:31
2026-05-09 09:45:31,PD_SENSOR,0.0,0.0,0.0,OK,2026-05-09 09:45:31
2026-05-09 09:45:33,PD_SENSOR,0.0,0.0,0.0,OK,2026-05-09 09:45:33
2026-05-09 09:45:33,PD_SENSOR,0.0,0.0,0.0,OK,2026-05-09 09:45:33
2026-05-09 09:45:35,PD_SENSOR,0.0,0.0,0.0,OK,2026-05-09 09:45:35
2026-05-09 09:45:35,PD_SENSOR,0.0,0.0,0.0,OK,2026-05-09 09:45:35
2026-05-09 09:45:37,PD_SENSOR,0.0,0.0,0.0,OK,2026-05-09 09:45:37
2026-05-09 09:45:37,PD_SENSOR,0.0,0.0,0.0,OK,2026-05-09 09:45:37
2026-05-09 09:45:39,PD_SENSOR,0.0,0.0,0.0,OK,2026-05-09 09:45:39
2026-05-09 09:45:39,PD_SENSOR,0.0,0.0,0.0,OK,2026-05-09 09:45:39
2026-05-09 09:45:41,PD_SENSOR,0.0,0.0,0.0,OK,2026-05-09 09:45:41
2026-05-09 09:45:41,PD_SENSOR,0.0,0.0,0.0,OK,2026-05-09 09:45:41
2026-05-09 09:45:43,PD_SENSOR,0.0,0.0,0.0,OK,2026-05-09 09:45:43
2026-05-09 09:45:43,PD_SENSOR,0.0,0.0,0.0,OK,2026-05-09 09:45:43
2026-05-09 09:45:45,PD_SENSOR,0.0,0.0,0.0,OK,2026-05-09 09:45:45
2026-05-09 09:45:45,PD_SENSOR,0.0,0.0,0.0,OK,2026-05-09 09:45:45
2026-05-09 09:45:47,PD_SENSOR,0.0,0.0,0.0,OK,2026-05-09 09:45:47
2026-05-09 09:45:47,PD_SENSOR,0.0,0.0,0.0,OK,2026-05-09 09:45:47
2026-05-09 09:45:49,PD_SENSOR,0.0,0.0,0.0,OK,2026-05-09 09:45:49
2026-05-09 09:45:49,PD_SENSOR,0.0,0.0,0.0,OK,2026-05-09 09:45:49
2026-05-09 09:45:51,PD_SENSOR,0.0,0.0,0.0,OK,2026-05-09 09:45:51
2026-05-09 09:45:51,PD_SENSOR,0.0,0.0,0.0,OK,2026-05-09 09:45:51
2026-05-09 09:45:53,PD_SENSOR,0.0,0.0,0.0,OK,2026-05-09 09:45:53
2026-05-09 09:45:53,PD_SENSOR,0.0,0.0,0.0,OK,2026-05-09 09:45:53
2026-05-09 09:45:55,PD_SENSOR,0.0,0.0,0.0,OK,2026-05-09 09:45:55
2026-05-09 09:45:55,PD_SENSOR,0.0,0.0,0.0,OK,2026-05-09 09:45:55
2026-05-09 09:45:57,PD_SENSOR,0.0,0.0,0.0,OK,2026-05-09 09:45:57
2026-05-09 09:45:57,PD_SENSOR,0.0,0.0,0.0,OK,2026-05-09 09:45:57
2026-05-09 09:45:59,PD_SENSOR,0.0,0.0,0.0,OK,2026-05-09 09:45:59
2026-05-09 09:45:59,PD_SENSOR,0.0,0.0,0.0,OK,2026-05-09 09:45:59
2026-05-09 09:46:01,PD_SENSOR,0.0,0.0,0.0,OK,2026-05-09 09:46:01
2026-05-09 09:46:02,PD_SENSOR,0.0,0.0,0.0,OK,2026-05-09 09:46:02
2026-05-09 09:46:03,PD_SENSOR,0.0,0.0,0.0,OK,2026-05-09 09:46:03
2026-05-09 09:46:04,PD_SENSOR,0.0,0.0,0.0,OK,2026-05-09 09:46:04
2026-05-09 09:46:05,PD_SENSOR,0.0,0.0,0.0,OK,2026-05-09 09:46:05
2026-05-09 09:46:06,PD_SENSOR,0.0,0.0,0.0,OK,2026-05-09 09:46:06
2026-05-09 09:46:07,PD_SENSOR,0.0,0.0,0.0,OK,2026-05-09 09:46:07
2026-05-09 09:46:09,PD_SENSOR,0.0,0.0,0.0,OK,2026-05-09 09:46:08
2026-05-09 09:46:09,PD_SENSOR,0.0,0.0,0.0,OK,2026-05-09 09:46:09
2026-05-09 09:46:11,PD_SENSOR,0.0,0.0,0.0,OK,2026-05-09 09:46:11
2026-05-09 09:46:11,PD_SENSOR,0.0,0.0,0.0,OK,2026-05-09 09:46:11
2026-05-09 09:46:13,PD_SENSOR,0.0,0.0,0.0,OK,2026-05-09 09:46:13
2026-05-09 09:46:13,PD_SENSOR,0.0,0.0,0.0,OK,2026-05-09 09:46:13
2026-05-09 09:46:15,PD_SENSOR,0.0,0.0,0.0,OK,2026-05-09 09:46:15
2026-05-09 09:46:15,PD_SENSOR,0.0,0.0,0.0,OK,2026-05-09 09:46:15
2026-05-09 09:46:17,PD_SENSOR,0.0,0.0,0.0,OK,2026-05-09 09:46:17
2026-05-09 09:46:17,PD_SENSOR,0.0,0.0,0.0,OK,2026-05-09 09:46:17
2026-05-09 09:46:19,PD_SENSOR,0.0,0.0,0.0,OK,2026-05-09 09:46:19
2026-05-09 09:46:19,PD_SENSOR,0.0,0.0,0.0,OK,2026-05-09 09:46:19
2026-05-09 09:46:21,PD_SENSOR,0.0,0.0,0.0,OK,2026-05-09 09:46:21
2026-05-09 09:46:21,PD_SENSOR,0.0,0.0,0.0,OK,2026-05-09 09:46:21
2026-05-09 09:46:23,PD_SENSOR,0.0,0.0,0.0,OK,2026-05-09 09:46:23
2026-05-09 09:46:23,PD_SENSOR,0.0,0.0,0.0,OK,2026-05-09 09:46:23
2026-05-09 09:46:25,PD_SENSOR,0.0,0.0,0.0,OK,2026-05-09 09:46:25
2026-05-09 09:46:25,PD_SENSOR,0.0,0.0,0.0,OK,2026-05-09 09:46:25
2026-05-09 09:46:27,PD_SENSOR,0.0,0.0,0.0,OK,2026-05-09 09:46:27
2026-05-09 09:46:27,PD_SENSOR,0.0,0.0,0.0,OK,2026-05-09 09:46:27
2026-05-09 09:46:29,PD_SENSOR,0.0,0.0,0.0,OK,2026-05-09 09:46:29
2026-05-09 09:46:29,PD_SENSOR,0.0,0.0,0.0,OK,2026-05-09 09:46:29
2026-05-09 09:46:31,PD_SENSOR,0.0,0.0,0.0,OK,2026-05-09 09:46:31
2026-05-09 09:46:31,PD_SENSOR,0.0,0.0,0.0,OK,2026-05-09 09:46:31
2026-05-09 09:46:33,PD_SENSOR,0.0,0.0,0.0,OK,2026-05-09 09:46:33
2026-05-09 09:46:33,PD_SENSOR,0.0,0.0,0.0,OK,2026-05-09 09:46:33
2026-05-09 09:46:35,PD_SENSOR,0.0,0.0,0.0,OK,2026-05-09 09:46:35
2026-05-09 09:46:35,PD_SENSOR,0.0,0.0,0.0,OK,2026-05-09 09:46:35
2026-05-09 09:46:37,PD_SENSOR,0.0,0.0,0.0,OK,2026-05-09 09:46:37
2026-05-09 09:46:37,PD_SENSOR,0.0,0.0,0.0,OK,2026-05-09 09:46:37
2026-05-09 09:46:39,PD_SENSOR,0.0,0.0,0.0,OK,2026-05-09 09:46:39
2026-05-09 09:46:39,PD_SENSOR,0.0,0.0,0.0,OK,2026-05-09 09:46:39
2026-05-09 09:46:41,PD_SENSOR,0.0,0.0,0.0,OK,2026-05-09 09:46:41
2026-05-09 09:46:41,PD_SENSOR,0.0,0.0,0.0,OK,2026-05-09 09:46:41
2026-05-09 09:46:43,PD_SENSOR,0.0,0.0,0.0,OK,2026-05-09 09:46:43
2026-05-09 09:46:43,PD_SENSOR,0.0,0.0,0.0,OK,2026-05-09 09:46:43
2026-05-09 09:46:45,PD_SENSOR,0.0,0.0,0.0,OK,2026-05-09 09:46:45
2026-05-09 09:46:45,PD_SENSOR,0.0,0.0,0.0,OK,2026-05-09 09:46:45
2026-05-09 09:46:47,PD_SENSOR,0.0,0.0,0.0,OK,2026-05-09 09:46:47
2026-05-09 09:46:47,PD_SENSOR,0.0,0.0,0.0,OK,2026-05-09 09:46:47
2026-05-09 09:46:49,PD_SENSOR,0.0,0.0,0.0,OK,2026-05-09 09:46:49
2026-05-09 09:46:49,PD_SENSOR,0.0,0.0,0.0,OK,2026-05-09 09:46:49
2026-05-09 09:46:51,PD_SENSOR,0.0,0.0,0.0,OK,2026-05-09 09:46:51
2026-05-09 09:46:51,PD_SENSOR,0.0,0.0,0.0,OK,2026-05-09 09:46:51
2026-05-09 09:46:53,PD_SENSOR,0.0,0.0,0.0,OK,2026-05-09 09:46:53
2026-05-09 09:46:55,PD_SENSOR,0.0,0.0,0.0,OK,2026-05-09 09:46:55
2026-05-09 09:46:56,PD_SENSOR,0.0,0.0,0.0,OK,2026-05-09 09:46:56
2026-05-09 09:46:57,PD_SENSOR,0.0,0.0,0.0,OK,2026-05-09 09:46:57
2026-05-09 09:46:58,PD_SENSOR,0.0,0.0,0.0,OK,2026-05-09 09:46:58
2026-05-09 09:46:59,PD_SENSOR,0.0,0.0,0.0,OK,2026-05-09 09:46:59
2026-05-09 09:47:01,PD_SENSOR,0.0,0.0,0.0,OK,2026-05-09 09:47:01
2026-05-09 09:47:01,PD_SENSOR,0.0,0.0,0.0,OK,2026-05-09 09:47:01
2026-05-09 09:47:03,PD_SENSOR,0.0,0.0,0.0,OK,2026-05-09 09:47:03
2026-05-09 09:47:03,PD_SENSOR,0.0,0.0,0.0,OK,2026-05-09 09:47:03
2026-05-09 09:47:05,PD_SENSOR,0.0,0.0,0.0,OK,2026-05-09 09:47:05
2026-05-09 09:47:05,PD_SENSOR,0.0,0.0,0.0,OK,2026-05-09 09:47:05
2026-05-09 09:47:07,PD_SENSOR,0.0,0.0,0.0,OK,2026-05-09 09:47:07
2026-05-09 09:47:08,PD_SENSOR,0.0,0.0,0.0,OK,2026-05-09 09:47:08
2026-05-09 09:47:09,PD_SENSOR,0.0,0.0,0.0,OK,2026-05-09 09:47:09
2026-05-09 09:47:10,PD_SENSOR,0.0,0.0,0.0,OK,2026-05-09 09:47:10
2026-05-09 09:47:11,PD_SENSOR,0.0,0.0,0.0,OK,2026-05-09 09:47:11
2026-05-09 09:47:12,PD_SENSOR,0.0,0.0,0.0,OK,2026-05-09 09:47:12
2026-05-09 09:47:13,PD_SENSOR,0.0,0.0,0.0,OK,2026-05-09 09:47:13
2026-05-09 09:47:14,PD_SENSOR,0.0,0.0,0.0,OK,2026-05-09 09:47:14
2026-05-09 09:47:15,PD_SENSOR,0.0,0.0,0.0,OK,2026-05-09 09:47:15
2026-05-09 09:47:16,PD_SENSOR,0.0,0.0,0.0,OK,2026-05-09 09:47:16
2026-05-09 09:47:17,PD_SENSOR,0.0,0.0,0.0,OK,2026-05-09 09:47:17
2026-05-09 09:47:18,PD_SENSOR,0.0,0.0,0.0,OK,2026-05-09 09:47:18
2026-05-09 09:47:19,PD_SENSOR,0.0,0.0,0.0,OK,2026-05-09 09:47:19
2026-05-09 09:47:20,PD_SENSOR,0.0,0.0,0.0,OK,2026-05-09 09:47:20
2026-05-09 09:47:21,PD_SENSOR,0.0,0.0,0.0,OK,2026-05-09 09:47:21
2026-05-09 09:47:22,PD_SENSOR,0.0,0.0,0.0,OK,2026-05-09 09:47:22
2026-05-09 09:47:23,PD_SENSOR,0.0,0.0,0.0,OK,2026-05-09 09:47:23
2026-05-09 09:47:24,PD_SENSOR,0.0,0.0,0.0,OK,2026-05-09 09:47:24
2026-05-09 09:47:25,PD_SENSOR,0.0,0.0,0.0,OK,2026-05-09 09:47:25
2026-05-09 09:47:26,PD_SENSOR,0.0,0.0,0.0,OK,2026-05-09 09:47:26
2026-05-09 09:47:27,PD_SENSOR,0.0,0.0,0.0,OK,2026-05-09 09:47:27
2026-05-09 09:47:28,PD_SENSOR,0.0,0.0,0.0,OK,2026-05-09 09:47:28
2026-05-09 09:47:30,PD_SENSOR,0.0,0.0,0.0,OK,2026-05-09 09:47:30
2026-05-09 09:47:30,PD_SENSOR,0.0,0.0,0.0,OK,2026-05-09 09:47:30
2026-05-09 09:47:32,PD_SENSOR,0.0,0.0,0.0,OK,2026-05-09 09:47:32
2026-05-09 09:47:32,PD_SENSOR,0.0,0.0,0.0,OK,2026-05-09 09:47:32
2026-05-09 09:47:34,PD_SENSOR,0.0,0.0,0.0,OK,2026-05-09 09:47:34
2026-05-09 09:47:34,PD_SENSOR,0.0,0.0,0.0,OK,2026-05-09 09:47:34
2026-05-09 09:47:36,PD_SENSOR,0.0,0.0,0.0,OK,2026-05-09 09:47:36
2026-05-09 09:47:36,PD_SENSOR,0.0,0.0,0.0,OK,2026-05-09 09:47:36
2026-05-09 09:47:38,PD_SENSOR,0.0,0.0,0.0,OK,2026-05-09 09:47:38
2026-05-09 09:47:40,PD_SENSOR,0.0,0.0,0.0,OK,2026-05-09 09:47:40
2026-05-09 09:47:42,PD_SENSOR,0.0,0.0,0.0,OK,2026-05-09 09:47:42
2026-05-09 09:47:44,PD_SENSOR,0.0,0.0,0.0,OK,2026-05-09 09:47:44
2026-05-09 09:47:46,PD_SENSOR,0.0,0.0,0.0,OK,2026-05-09 09:47:46
2026-05-09 09:47:48,PD_SENSOR,0.0,0.0,0.0,OK,2026-05-09 09:47:48
2026-05-09 09:47:50,PD_SENSOR,0.0,0.0,0.0,OK,2026-05-09 09:47:50
2026-05-09 09:47:52,PD_SENSOR,0.0,0.0,0.0,OK,2026-05-09 09:47:52
2026-05-09 09:47:54,PD_SENSOR,0.0,0.0,0.0,OK,2026-05-09 09:47:54
2026-05-09 09:47:56,PD_SENSOR,0.0,0.0,0.0,OK,2026-05-09 09:47:56
2026-05-09 09:47:58,PD_SENSOR,0.0,0.0,0.0,OK,2026-05-09 09:47:58
2026-05-09 09:48:00,PD_SENSOR,0.0,0.0,0.0,OK,2026-05-09 09:48:00
2026-05-09 09:48:03,PD_SENSOR,0.0,0.0,0.0,OK,2026-05-09 09:48:03
2026-05-09 09:48:05,PD_SENSOR,0.0,0.0,0.0,OK,2026-05-09 09:48:05
2026-05-09 09:48:07,PD_SENSOR,0.0,0.0,0.0,OK,2026-05-09 09:48:07
2026-05-09 09:48:09,PD_SENSOR,0.0,0.0,0.0,OK,2026-05-09 09:48:09
2026-05-09 09:48:11,PD_SENSOR,0.0,0.0,0.0,OK,2026-05-09 09:48:11
2026-05-09 09:48:13,PD_SENSOR,0.0,0.0,0.0,OK,2026-05-09 09:48:13
2026-05-09 09:48:15,PD_SENSOR,0.0,0.0,0.0,OK,2026-05-09 09:48:15
2026-05-09 09:48:17,PD_SENSOR,0.0,0.0,0.0,OK,2026-05-09 09:48:17
2026-05-09 09:48:20,PD_SENSOR,0.0,0.0,0.0,OK,2026-05-09 09:48:20
2026-05-09 09:48:22,PD_SENSOR,0.0,0.0,0.0,OK,2026-05-09 09:48:22
2026-05-09 09:48:24,PD_SENSOR,0.0,0.0,0.0,OK,2026-05-09 09:48:24
2026-05-09 09:48:26,PD_SENSOR,0.0,0.0,0.0,OK,2026-05-09 09:48:26
2026-05-09 09:48:28,PD_SENSOR,0.0,0.0,0.0,OK,2026-05-09 09:48:28
2026-05-09 09:48:30,PD_SENSOR,0.0,0.0,0.0,OK,2026-05-09 09:48:30
2026-05-09 09:48:32,PD_SENSOR,0.0,0.0,0.0,OK,2026-05-09 09:48:32
2026-05-09 09:48:34,PD_SENSOR,0.0,0.0,0.0,OK,2026-05-09 09:48:34
2026-05-09 09:48:36,PD_SENSOR,0.0,0.0,0.0,OK,2026-05-09 09:48:36
2026-05-09 09:48:38,PD_SENSOR,0.0,0.0,0.0,OK,2026-05-09 09:48:38
2026-05-09 09:48:40,PD_SENSOR,0.0,0.0,0.0,OK,2026-05-09 09:48:40
2026-05-09 09:48:42,PD_SENSOR,0.0,0.0,0.0,OK,2026-05-09 09:48:42
2026-05-09 09:48:44,PD_SENSOR,0.0,0.0,0.0,OK,2026-05-09 09:48:44
2026-05-09 09:48:46,PD_SENSOR,0.0,0.0,0.0,OK,2026-05-09 09:48:46
2026-05-09 09:48:48,PD_SENSOR,0.0,0.0,0.0,OK,2026-05-09 09:48:48
2026-05-09 09:48:51,PD_SENSOR,0.0,0.0,0.0,OK,2026-05-09 09:48:51
2026-05-09 09:48:53,PD_SENSOR,0.0,0.0,0.0,OK,2026-05-09 09:48:53
2026-05-09 09:48:55,PD_SENSOR,0.0,0.0,0.0,OK,2026-05-09 09:48:55
2026-05-09 09:48:57,PD_SENSOR,0.0,0.0,0.0,OK,2026-05-09 09:48:57
2026-05-09 09:48:59,PD_SENSOR,0.0,0.0,0.0,OK,2026-05-09 09:48:59
2026-05-09 09:49:01,PD_SENSOR,0.0,0.0,0.0,OK,2026-05-09 09:49:01
2026-05-09 09:49:03,PD_SENSOR,0.0,0.0,0.0,OK,2026-05-09 09:49:03
2026-05-09 09:49:05,PD_SENSOR,0.0,0.0,0.0,OK,2026-05-09 09:49:05
2026-05-09 09:49:07,PD_SENSOR,0.0,0.0,0.0,OK,2026-05-09 09:49:07
2026-05-09 09:49:09,PD_SENSOR,0.0,0.0,0.0,OK,2026-05-09 09:49:09
2026-05-09 09:49:11,PD_SENSOR,0.0,0.0,0.0,OK,2026-05-09 09:49:11
2026-05-09 09:49:13,PD_SENSOR,0.0,0.0,0.0,OK,2026-05-09 09:49:13
2026-05-09 09:49:15,PD_SENSOR,0.0,0.0,0.0,OK,2026-05-09 09:49:15
2026-05-09 09:49:17,PD_SENSOR,0.0,0.0,0.0,OK,2026-05-09 09:49:17
2026-05-09 09:49:19,PD_SENSOR,0.0,0.0,0.0,OK,2026-05-09 09:49:19
2026-05-09 09:49:21,PD_SENSOR,0.0,0.0,0.0,OK,2026-05-09 09:49:21
2026-05-09 09:49:23,PD_SENSOR,0.0,0.0,0.0,OK,2026-05-09 09:49:23
2026-05-09 09:49:25,PD_SENSOR,0.0,0.0,0.0,OK,2026-05-09 09:49:25
2026-05-09 09:49:27,PD_SENSOR,0.0,0.0,0.0,OK,2026-05-09 09:49:27
2026-05-09 09:49:29,PD_SENSOR,0.0,0.0,0.0,OK,2026-05-09 09:49:29
2026-05-09 09:49:31,PD_SENSOR,0.0,0.0,0.0,OK,2026-05-09 09:49:31
2026-05-09 09:49:34,PD_SENSOR,0.0,0.0,0.0,OK,2026-05-09 09:49:34
2026-05-09 09:49:36,PD_SENSOR,0.0,0.0,0.0,OK,2026-05-09 09:49:36
2026-05-09 09:49:38,PD_SENSOR,0.0,0.0,0.0,OK,2026-05-09 09:49:38
2026-05-09 09:49:40,PD_SENSOR,0.0,0.0,0.0,OK,2026-05-09 09:49:40
2026-05-09 09:49:42,PD_SENSOR,0.0,0.0,0.0,OK,2026-05-09 09:49:42
2026-05-09 09:49:44,PD_SENSOR,0.0,0.0,0.0,OK,2026-05-09 09:49:44
2026-05-09 09:49:46,PD_SENSOR,0.0,0.0,0.0,OK,2026-05-09 09:49:46
2026-05-09 09:49:48,PD_SENSOR,0.0,0.0,0.0,OK,2026-05-09 09:49:48
2026-05-09 09:49:50,PD_SENSOR,0.0,0.0,0.0,OK,2026-05-09 09:49:50
2026-05-09 09:49:52,PD_SENSOR,0.0,0.0,0.0,OK,2026-05-09 09:49:52
2026-05-09 09:49:54,PD_SENSOR,0.0,0.0,0.0,OK,2026-05-09 09:49:54
2026-05-09 09:49:56,PD_SENSOR,0.0,0.0,0.0,OK,2026-05-09 09:49:56
2026-05-09 09:49:58,PD_SENSOR,0.0,0.0,0.0,OK,2026-05-09 09:49:58
2026-05-09 09:50:00,PD_SENSOR,0.0,0.0,0.0,OK,2026-05-09 09:50:00
2026-05-09 09:50:02,PD_SENSOR,0.0,0.0,0.0,OK,2026-05-09 09:50:02
2026-05-09 09:50:04,PD_SENSOR,0.0,0.0,0.0,OK,2026-05-09 09:50:04
2026-05-09 09:50:06,PD_SENSOR,0.0,0.0,0.0,OK,2026-05-09 09:50:06
2026-05-09 09:50:08,PD_SENSOR,0.0,0.0,0.0,OK,2026-05-09 09:50:08
2026-05-09 09:50:10,PD_SENSOR,0.0,0.0,0.0,OK,2026-05-09 09:50:10
2026-05-09 09:50:12,PD_SENSOR,0.0,0.0,0.0,OK,2026-05-09 09:50:12
2026-05-09 09:50:15,PD_SENSOR,0.0,0.0,0.0,OK,2026-05-09 09:50:15
2026-05-09 09:50:17,PD_SENSOR,0.0,0.0,0.0,OK,2026-05-09 09:50:17
2026-05-09 09:50:20,PD_SENSOR,0.0,0.0,0.0,OK,2026-05-09 09:50:20
2026-05-09 09:50:22,PD_SENSOR,0.0,0.0,0.0,OK,2026-05-09 09:50:22
2026-05-09 09:50:24,PD_SENSOR,0.0,0.0,0.0,OK,2026-05-09 09:50:24
2026-05-09 09:50:26,PD_SENSOR,0.0,0.0,0.0,OK,2026-05-09 09:50:26
2026-05-09 09:50:28,PD_SENSOR,0.0,0.0,0.0,OK,2026-05-09 09:50:28
2026-05-09 09:50:30,PD_SENSOR,0.0,0.0,0.0,OK,2026-05-09 09:50:30
2026-05-09 09:50:32,PD_SENSOR,0.0,0.0,0.0,OK,2026-05-09 09:50:32
2026-05-09 09:50:34,PD_SENSOR,0.0,0.0,0.0,OK,2026-05-09 09:50:34
2026-05-09 09:50:36,PD_SENSOR,0.0,0.0,0.0,OK,2026-05-09 09:50:36
2026-05-09 09:50:38,PD_SENSOR,0.0,0.0,0.0,OK,2026-05-09 09:50:38
2026-05-09 09:50:40,PD_SENSOR,0.0,0.0,0.0,OK,2026-05-09 09:50:40
2026-05-09 09:50:42,PD_SENSOR,0.0,0.0,0.0,OK,2026-05-09 09:50:42
2026-05-09 09:50:44,PD_SENSOR,0.0,0.0,0.0,OK,2026-05-09 09:50:44
2026-05-09 09:50:46,PD_SENSOR,0.0,0.0,0.0,OK,2026-05-09 09:50:46
2026-05-09 09:50:48,PD_SENSOR,0.0,0.0,0.0,OK,2026-05-09 09:50:48
2026-05-09 09:50:50,PD_SENSOR,0.0,0.0,0.0,OK,2026-05-09 09:50:50
2026-05-09 09:50:52,PD_SENSOR,0.0,0.0,0.0,OK,2026-05-09 09:50:52
2026-05-09 09:50:54,PD_SENSOR,0.0,0.0,0.0,OK,2026-05-09 09:50:54
2026-05-09 09:50:56,PD_SENSOR,0.0,0.0,0.0,OK,2026-05-09 09:50:56
2026-05-09 09:50:58,PD_SENSOR,0.0,0.0,0.0,OK,2026-05-09 09:50:58
2026-05-09 09:51:00,PD_SENSOR,0.0,0.0,0.0,OK,2026-05-09 09:51:00
2026-05-09 09:51:03,PD_SENSOR,0.0,0.0,0.0,OK,2026-05-09 09:51:03
2026-05-09 09:51:05,PD_SENSOR,0.0,0.0,0.0,OK,2026-05-09 09:51:05
2026-05-09 09:51:07,PD_SENSOR,0.0,0.0,0.0,OK,2026-05-09 09:51:07
2026-05-09 09:51:09,PD_SENSOR,0.0,0.0,0.0,OK,2026-05-09 09:51:09
2026-05-09 09:51:11,PD_SENSOR,0.0,0.0,0.0,OK,2026-05-09 09:51:11
2026-05-09 09:51:13,PD_SENSOR,0.0,0.0,0.0,OK,2026-05-09 09:51:13
2026-05-09 09:51:15,PD_SENSOR,0.0,0.0,0.0,OK,2026-05-09 09:51:15
2026-05-09 09:51:17,PD_SENSOR,0.0,0.0,0.0,OK,2026-05-09 09:51:17
2026-05-09 09:51:19,PD_SENSOR,0.0,0.0,0.0,OK,2026-05-09 09:51:19
2026-05-09 09:51:21,PD_SENSOR,0.0,0.0,0.0,OK,2026-05-09 09:51:21
2026-05-09 09:51:23,PD_SENSOR,0.0,0.0,0.0,OK,2026-05-09 09:51:23
2026-05-09 09:51:25,PD_SENSOR,0.0,0.0,0.0,OK,2026-05-09 09:51:25
2026-05-09 09:51:27,PD_SENSOR,0.0,0.0,0.0,OK,2026-05-09 09:51:27
2026-05-09 09:51:29,PD_SENSOR,0.0,0.0,0.0,OK,2026-05-09 09:51:29
2026-05-09 09:51:31,PD_SENSOR,0.0,0.0,0.0,OK,2026-05-09 09:51:31
2026-05-09 09:51:33,PD_SENSOR,0.0,0.0,0.0,OK,2026-05-09 09:51:33
2026-05-09 09:51:35,PD_SENSOR,0.0,0.0,0.0,OK,2026-05-09 09:51:35
2026-05-09 09:51:38,PD_SENSOR,0.0,0.0,0.0,OK,2026-05-09 09:51:38
2026-05-09 09:51:40,PD_SENSOR,0.0,0.0,0.0,OK,2026-05-09 09:51:40
2026-05-09 09:51:42,PD_SENSOR,0.0,0.0,0.0,OK,2026-05-09 09:51:42
2026-05-09 09:51:44,PD_SENSOR,0.0,0.0,0.0,OK,2026-05-09 09:51:44
2026-05-09 09:51:46,PD_SENSOR,0.0,0.0,0.0,OK,2026-05-09 09:51:46
2026-05-09 09:51:48,PD_SENSOR,0.0,0.0,0.0,OK,2026-05-09 09:51:48
2026-05-09 09:51:50,PD_SENSOR,0.0,0.0,0.0,OK,2026-05-09 09:51:50
2026-05-09 09:51:52,PD_SENSOR,0.0,0.0,0.0,OK,2026-05-09 09:51:52
2026-05-09 09:51:54,PD_SENSOR,0.0,0.0,0.0,OK,2026-05-09 09:51:54
2026-05-09 09:51:56,PD_SENSOR,0.0,0.0,0.0,OK,2026-05-09 09:51:56
2026-05-09 09:51:58,PD_SENSOR,0.0,0.0,0.0,OK,2026-05-09 09:51:58
2026-05-09 09:52:00,PD_SENSOR,0.0,0.0,0.0,OK,2026-05-09 09:52:00
2026-05-09 09:52:02,PD_SENSOR,0.0,0.0,0.0,OK,2026-05-09 09:52:02
2026-05-09 09:52:04,PD_SENSOR,0.0,0.0,0.0,OK,2026-05-09 09:52:04
2026-05-09 09:52:06,PD_SENSOR,0.0,0.0,0.0,OK,2026-05-09 09:52:06
2026-05-09 09:52:08,PD_SENSOR,0.0,0.0,0.0,OK,2026-05-09 09:52:08
2026-05-09 09:52:10,PD_SENSOR,0.0,0.0,0.0,OK,2026-05-09 09:52:10
2026-05-09 09:52:12,PD_SENSOR,0.0,0.0,0.0,OK,2026-05-09 09:52:12
2026-05-09 09:52:14,PD_SENSOR,0.0,0.0,0.0,OK,2026-05-09 09:52:14
2026-05-09 09:52:17,PD_SENSOR,0.0,0.0,0.0,OK,2026-05-09 09:52:17
2026-05-09 09:52:19,PD_SENSOR,0.0,0.0,0.0,OK,2026-05-09 09:52:19
2026-05-09 09:52:21,PD_SENSOR,0.0,0.0,0.0,OK,2026-05-09 09:52:21
2026-05-09 09:52:23,PD_SENSOR,0.0,0.0,0.0,OK,2026-05-09 09:52:23
2026-05-09 09:52:25,PD_SENSOR,0.0,0.0,0.0,OK,2026-05-09 09:52:25
2026-05-09 09:52:27,PD_SENSOR,0.0,0.0,0.0,OK,2026-05-09 09:52:27
2026-05-09 09:52:29,PD_SENSOR,0.0,0.0,0.0,OK,2026-05-09 09:52:29
2026-05-09 09:52:31,PD_SENSOR,0.0,0.0,0.0,OK,2026-05-09 09:52:31
2026-05-09 09:52:33,PD_SENSOR,0.0,0.0,0.0,OK,2026-05-09 09:52:33
2026-05-09 09:52:35,PD_SENSOR,0.0,0.0,0.0,OK,2026-05-09 09:52:35
2026-05-09 09:52:37,PD_SENSOR,0.0,0.0,0.0,OK,2026-05-09 09:52:37
2026-05-09 09:52:39,PD_SENSOR,0.0,0.0,0.0,OK,2026-05-09 09:52:39
2026-05-09 09:52:41,PD_SENSOR,0.0,0.0,0.0,OK,2026-05-09 09:52:41
2026-05-09 09:52:43,PD_SENSOR,0.0,0.0,0.0,OK,2026-05-09 09:52:43
2026-05-09 09:52:45,PD_SENSOR,0.0,0.0,0.0,OK,2026-05-09 09:52:45
2026-05-09 09:52:47,PD_SENSOR,0.0,0.0,0.0,OK,2026-05-09 09:52:47
2026-05-09 09:52:49,PD_SENSOR,0.0,0.0,0.0,OK,2026-05-09 09:52:49
2026-05-09 09:52:52,PD_SENSOR,0.0,0.0,0.0,OK,2026-05-09 09:52:52
2026-05-09 09:52:54,PD_SENSOR,0.0,0.0,0.0,OK,2026-05-09 09:52:54
2026-05-09 09:52:56,PD_SENSOR,0.0,0.0,0.0,OK,2026-05-09 09:52:56
2026-05-09 09:52:59,PD_SENSOR,0.0,0.0,0.0,OK,2026-05-09 09:52:59
2026-05-09 09:53:01,PD_SENSOR,0.0,0.0,0.0,OK,2026-05-09 09:53:01
2026-05-09 09:53:03,PD_SENSOR,0.0,0.0,0.0,OK,2026-05-09 09:53:03
2026-05-09 09:53:05,PD_SENSOR,0.0,0.0,0.0,OK,2026-05-09 09:53:05
2026-05-09 09:53:07,PD_SENSOR,0.0,0.0,0.0,OK,2026-05-09 09:53:07
2026-05-09 09:53:09,PD_SENSOR,0.0,0.0,0.0,OK,2026-05-09 09:53:09
2026-05-09 09:53:11,PD_SENSOR,0.0,0.0,0.0,OK,2026-05-09 09:53:11
2026-05-09 09:53:13,PD_SENSOR,0.0,0.0,0.0,OK,2026-05-09 09:53:13
2026-05-09 09:53:15,PD_SENSOR,0.0,0.0,0.0,OK,2026-05-09 09:53:15
2026-05-09 09:53:17,PD_SENSOR,0.0,0.0,0.0,OK,2026-05-09 09:53:17
2026-05-09 09:53:19,PD_SENSOR,0.0,0.0,0.0,OK,2026-05-09 09:53:19
2026-05-09 09:53:21,PD_SENSOR,0.0,0.0,0.0,OK,2026-05-09 09:53:21
2026-05-09 09:53:23,PD_SENSOR,0.0,0.0,0.0,OK,2026-05-09 09:53:23
2026-05-09 09:53:25,PD_SENSOR,0.0,0.0,0.0,OK,2026-05-09 09:53:25
2026-05-09 09:53:27,PD_SENSOR,0.0,0.0,0.0,OK,2026-05-09 09:53:27
2026-05-09 09:53:30,PD_SENSOR,0.0,0.0,0.0,OK,2026-05-09 09:53:30
2026-05-09 09:53:32,PD_SENSOR,0.0,0.0,0.0,OK,2026-05-09 09:53:32
2026-05-09 09:53:34,PD_SENSOR,0.0,0.0,0.0,OK,2026-05-09 09:53:34
2026-05-09 09:53:36,PD_SENSOR,0.0,0.0,0.0,OK,2026-05-09 09:53:36
2026-05-09 09:53:38,PD_SENSOR,0.0,0.0,0.0,OK,2026-05-09 09:53:38
2026-05-09 09:53:40,PD_SENSOR,0.0,0.0,0.0,OK,2026-05-09 09:53:40
2026-05-09 09:53:42,PD_SENSOR,0.0,0.0,0.0,OK,2026-05-09 09:53:42
2026-05-09 09:53:44,PD_SENSOR,0.0,0.0,0.0,OK,2026-05-09 09:53:44
2026-05-09 09:53:46,PD_SENSOR,0.0,0.0,0.0,OK,2026-05-09 09:53:46
2026-05-09 09:53:48,PD_SENSOR,0.0,0.0,0.0,OK,2026-05-09 09:53:48
2026-05-09 09:53:50,PD_SENSOR,0.0,0.0,0.0,OK,2026-05-09 09:53:50
2026-05-09 09:53:52,PD_SENSOR,0.0,0.0,0.0,OK,2026-05-09 09:53:52
2026-05-09 09:53:54,PD_SENSOR,0.0,0.0,0.0,OK,2026-05-09 09:53:54
2026-05-09 09:53:56,PD_SENSOR,0.0,0.0,0.0,OK,2026-05-09 09:53:56
2026-05-09 09:53:58,PD_SENSOR,0.0,0.0,0.0,OK,2026-05-09 09:53:58
2026-05-09 09:54:00,PD_SENSOR,0.0,0.0,0.0,OK,2026-05-09 09:54:00
2026-05-09 09:54:02,PD_SENSOR,0.0,0.0,0.0,OK,2026-05-09 09:54:02
2026-05-09 09:54:05,PD_SENSOR,0.0,0.0,0.0,OK,2026-05-09 09:54:05
2026-05-09 09:54:07,PD_SENSOR,0.0,0.0,0.0,OK,2026-05-09 09:54:07
2026-05-09 09:54:09,PD_SENSOR,0.0,0.0,0.0,OK,2026-05-09 09:54:09
2026-05-09 09:54:11,PD_SENSOR,0.0,0.0,0.0,OK,2026-05-09 09:54:11
2026-05-09 09:54:13,PD_SENSOR,0.0,0.0,0.0,OK,2026-05-09 09:54:13
2026-05-09 09:54:15,PD_SENSOR,0.0,0.0,0.0,OK,2026-05-09 09:54:15
2026-05-09 09:54:17,PD_SENSOR,0.0,0.0,0.0,OK,2026-05-09 09:54:17
2026-05-09 09:54:19,PD_SENSOR,0.0,0.0,0.0,OK,2026-05-09 09:54:19
2026-05-09 09:54:21,PD_SENSOR,0.0,0.0,0.0,OK,2026-05-09 09:54:21
2026-05-09 09:54:23,PD_SENSOR,0.0,0.0,0.0,OK,2026-05-09 09:54:23
2026-05-09 09:54:25,PD_SENSOR,0.0,0.0,0.0,OK,2026-05-09 09:54:25
2026-05-09 09:54:27,PD_SENSOR,0.0,0.0,0.0,OK,2026-05-09 09:54:27
2026-05-09 09:54:29,PD_SENSOR,0.0,0.0,0.0,OK,2026-05-09 09:54:29
2026-05-09 09:54:31,PD_SENSOR,0.0,0.0,0.0,OK,2026-05-09 09:54:31
2026-05-09 09:54:33,PD_SENSOR,0.0,0.0,0.0,OK,2026-05-09 09:54:33
2026-05-09 09:54:35,PD_SENSOR,0.0,0.0,0.0,OK,2026-05-09 09:54:35
2026-05-09 09:54:37,PD_SENSOR,0.0,0.0,0.0,OK,2026-05-09 09:54:37
2026-05-09 09:54:39,PD_SENSOR,0.0,0.0,0.0,OK,2026-05-09 09:54:39
2026-05-09 09:54:41,PD_SENSOR,0.0,0.0,0.0,OK,2026-05-09 09:54:41
2026-05-09 09:54:43,PD_SENSOR,0.0,0.0,0.0,OK,2026-05-09 09:54:43
2026-05-09 09:54:46,PD_SENSOR,0.0,0.0,0.0,OK,2026-05-09 09:54:46
2026-05-09 09:54:48,PD_SENSOR,0.0,0.0,0.0,OK,2026-05-09 09:54:48
2026-05-09 09:54:50,PD_SENSOR,0.0,0.0,0.0,OK,2026-05-09 09:54:50
2026-05-09 09:54:52,PD_SENSOR,0.0,0.0,0.0,OK,2026-05-09 09:54:52
2026-05-09 09:54:54,PD_SENSOR,0.0,0.0,0.0,OK,2026-05-09 09:54:54
2026-05-09 09:54:56,PD_SENSOR,0.0,0.0,0.0,OK,2026-05-09 09:54:56
2026-05-09 09:54:58,PD_SENSOR,0.0,0.0,0.0,OK,2026-05-09 09:54:58
2026-05-09 09:55:00,PD_SENSOR,0.0,0.0,0.0,OK,2026-05-09 09:55:00
2026-05-09 09:55:02,PD_SENSOR,0.0,0.0,0.0,OK,2026-05-09 09:55:02
2026-05-09 09:55:04,PD_SENSOR,0.0,0.0,0.0,OK,2026-05-09 09:55:04
2026-05-09 09:55:06,PD_SENSOR,0.0,0.0,0.0,OK,2026-05-09 09:55:06
2026-05-09 09:55:08,PD_SENSOR,0.0,0.0,0.0,OK,2026-05-09 09:55:08
2026-05-09 09:55:10,PD_SENSOR,0.0,0.0,0.0,OK,2026-05-09 09:55:10
2026-05-09 09:55:12,PD_SENSOR,0.0,0.0,0.0,OK,2026-05-09 09:55:12
2026-05-09 09:55:14,PD_SENSOR,0.0,0.0,0.0,OK,2026-05-09 09:55:14
2026-05-09 09:55:16,PD_SENSOR,0.0,0.0,0.0,OK,2026-05-09 09:55:16
2026-05-09 09:55:19,PD_SENSOR,0.0,0.0,0.0,OK,2026-05-09 09:55:19
2026-05-09 09:55:21,PD_SENSOR,0.0,0.0,0.0,OK,2026-05-09 09:55:21
2026-05-09 09:55:23,PD_SENSOR,0.0,0.0,0.0,OK,2026-05-09 09:55:23
2026-05-09 09:55:25,PD_SENSOR,0.0,0.0,0.0,OK,2026-05-09 09:55:25
2026-05-09 09:55:27,PD_SENSOR,0.0,0.0,0.0,OK,2026-05-09 09:55:27
2026-05-09 09:55:29,PD_SENSOR,0.0,0.0,0.0,OK,2026-05-09 09:55:29
2026-05-09 09:55:31,PD_SENSOR,0.0,0.0,0.0,OK,2026-05-09 09:55:31
2026-05-09 09:55:33,PD_SENSOR,0.0,0.0,0.0,OK,2026-05-09 09:55:33
2026-05-09 09:55:35,PD_SENSOR,0.0,0.0,0.0,OK,2026-05-09 09:55:35
2026-05-09 09:55:37,PD_SENSOR,0.0,0.0,0.0,OK,2026-05-09 09:55:37
2026-05-09 09:55:39,PD_SENSOR,0.0,0.0,0.0,OK,2026-05-09 09:55:39
2026-05-09 09:55:41,PD_SENSOR,0.0,0.0,0.0,OK,2026-05-09 09:55:41
2026-05-09 09:55:43,PD_SENSOR,0.0,0.0,0.0,OK,2026-05-09 09:55:43
2026-05-09 09:55:45,PD_SENSOR,0.0,0.0,0.0,OK,2026-05-09 09:55:45
2026-05-09 09:55:47,PD_SENSOR,0.0,0.0,0.0,OK,2026-05-09 09:55:47
2026-05-09 09:55:49,PD_SENSOR,0.0,0.0,0.0,OK,2026-05-09 09:55:49
2026-05-09 09:55:51,PD_SENSOR,0.0,0.0,0.0,OK,2026-05-09 09:55:51
2026-05-09 09:55:54,PD_SENSOR,0.0,0.0,0.0,OK,2026-05-09 09:55:54
2026-05-09 09:55:56,PD_SENSOR,0.0,0.0,0.0,OK,2026-05-09 09:55:56
2026-05-09 09:55:58,PD_SENSOR,0.0,0.0,0.0,OK,2026-05-09 09:55:58
2026-05-09 09:56:00,PD_SENSOR,0.0,0.0,0.0,OK,2026-05-09 09:56:00
2026-05-09 09:56:02,PD_SENSOR,0.0,0.0,0.0,OK,2026-05-09 09:56:02
2026-05-09 09:56:04,PD_SENSOR,0.0,0.0,0.0,OK,2026-05-09 09:56:04
2026-05-09 09:56:06,PD_SENSOR,0.0,0.0,0.0,OK,2026-05-09 09:56:06
2026-05-09 09:56:08,PD_SENSOR,0.0,0.0,0.0,OK,2026-05-09 09:56:08
2026-05-09 09:56:10,PD_SENSOR,0.0,0.0,0.0,OK,2026-05-09 09:56:10
2026-05-09 09:56:12,PD_SENSOR,0.0,0.0,0.0,OK,2026-05-09 09:56:12
2026-05-09 09:56:14,PD_SENSOR,0.0,0.0,0.0,OK,2026-05-09 09:56:14
2026-05-09 09:56:16,PD_SENSOR,0.0,0.0,0.0,OK,2026-05-09 09:56:16
2026-05-09 09:56:18,PD_SENSOR,0.0,0.0,0.0,OK,2026-05-09 09:56:18
2026-05-09 09:56:20,PD_SENSOR,0.0,0.0,0.0,OK,2026-05-09 09:56:20
2026-05-09 09:56:22,PD_SENSOR,0.0,0.0,0.0,OK,2026-05-09 09:56:22
2026-05-09 09:56:24,PD_SENSOR,0.0,0.0,0.0,OK,2026-05-09 09:56:24
2026-05-09 09:56:26,PD_SENSOR,0.0,0.0,0.0,OK,2026-05-09 09:56:26
2026-05-09 09:56:29,PD_SENSOR,0.0,0.0,0.0,OK,2026-05-09 09:56:29
2026-05-09 09:56:31,PD_SENSOR,0.0,0.0,0.0,OK,2026-05-09 09:56:31
2026-05-09 09:56:33,PD_SENSOR,0.0,0.0,0.0,OK,2026-05-09 09:56:33
2026-05-09 09:56:35,PD_SENSOR,0.0,0.0,0.0,OK,2026-05-09 09:56:35
2026-05-09 09:56:37,PD_SENSOR,0.0,0.0,0.0,OK,2026-05-09 09:56:37
2026-05-09 09:56:39,PD_SENSOR,0.0,0.0,0.0,OK,2026-05-09 09:56:39
2026-05-09 09:56:41,PD_SENSOR,0.0,0.0,0.0,OK,2026-05-09 09:56:41
2026-05-09 09:56:43,PD_SENSOR,0.0,0.0,0.0,OK,2026-05-09 09:56:43
2026-05-09 09:56:45,PD_SENSOR,0.0,0.0,0.0,OK,2026-05-09 09:56:45
2026-05-09 09:56:47,PD_SENSOR,0.0,0.0,0.0,OK,2026-05-09 09:56:47
2026-05-09 09:56:49,PD_SENSOR,0.0,0.0,0.0,OK,2026-05-09 09:56:49
2026-05-09 09:56:51,PD_SENSOR,0.0,0.0,0.0,OK,2026-05-09 09:56:51
2026-05-09 09:56:53,PD_SENSOR,0.0,0.0,0.0,OK,2026-05-09 09:56:53
2026-05-09 09:56:55,PD_SENSOR,0.0,0.0,0.0,OK,2026-05-09 09:56:55
2026-05-09 09:56:57,PD_SENSOR,0.0,0.0,0.0,OK,2026-05-09 09:56:57
2026-05-09 09:57:00,PD_SENSOR,0.0,0.0,0.0,OK,2026-05-09 09:57:00
2026-05-09 09:57:02,PD_SENSOR,0.0,0.0,0.0,OK,2026-05-09 09:57:02
2026-05-09 09:57:04,PD_SENSOR,0.0,0.0,0.0,OK,2026-05-09 09:57:04
2026-05-09 09:57:06,PD_SENSOR,0.0,0.0,0.0,OK,2026-05-09 09:57:06
2026-05-09 09:57:08,PD_SENSOR,0.0,0.0,0.0,OK,2026-05-09 09:57:08
2026-05-09 09:57:10,PD_SENSOR,0.0,0.0,0.0,OK,2026-05-09 09:57:10
2026-05-09 09:57:12,PD_SENSOR,0.0,0.0,0.0,OK,2026-05-09 09:57:12
2026-05-09 09:57:14,PD_SENSOR,0.0,0.0,0.0,OK,2026-05-09 09:57:14
2026-05-09 09:57:16,PD_SENSOR,0.0,0.0,0.0,OK,2026-05-09 09:57:16
2026-05-09 09:57:18,PD_SENSOR,0.0,0.0,0.0,OK,2026-05-09 09:57:18
2026-05-09 09:57:20,PD_SENSOR,0.0,0.0,0.0,OK,2026-05-09 09:57:20
2026-05-09 09:57:22,PD_SENSOR,0.0,0.0,0.0,OK,2026-05-09 09:57:22
2026-05-09 09:57:24,PD_SENSOR,0.0,0.0,0.0,OK,2026-05-09 09:57:24
2026-05-09 09:57:26,PD_SENSOR,0.0,0.0,0.0,OK,2026-05-09 09:57:26
2026-05-09 09:57:28,PD_SENSOR,0.0,0.0,0.0,OK,2026-05-09 09:57:28
2026-05-09 09:57:30,PD_SENSOR,0.0,0.0,0.0,OK,2026-05-09 09:57:30
2026-05-09 09:57:32,PD_SENSOR,0.0,0.0,0.0,OK,2026-05-09 09:57:32
2026-05-09 09:57:34,PD_SENSOR,0.0,0.0,0.0,OK,2026-05-09 09:57:34
2026-05-09 09:57:36,PD_SENSOR,0.0,0.0,0.0,OK,2026-05-09 09:57:36
2026-05-09 09:57:39,PD_SENSOR,0.0,0.0,0.0,OK,2026-05-09 09:57:39
2026-05-09 09:57:41,PD_SENSOR,0.0,0.0,0.0,OK,2026-05-09 09:57:41
2026-05-09 09:57:43,PD_SENSOR,0.0,0.0,0.0,OK,2026-05-09 09:57:43
2026-05-09 09:57:45,PD_SENSOR,0.0,0.0,0.0,OK,2026-05-09 09:57:45
2026-05-09 09:57:47,PD_SENSOR,0.0,0.0,0.0,OK,2026-05-09 09:57:47
2026-05-09 09:57:49,PD_SENSOR,0.0,0.0,0.0,OK,2026-05-09 09:57:49
2026-05-09 09:57:51,PD_SENSOR,0.0,0.0,0.0,OK,2026-05-09 09:57:51
2026-05-09 09:57:53,PD_SENSOR,0.0,0.0,0.0,OK,2026-05-09 09:57:53
2026-05-09 09:57:55,PD_SENSOR,0.0,0.0,0.0,OK,2026-05-09 09:57:55
2026-05-09 09:57:57,PD_SENSOR,0.0,0.0,0.0,OK,2026-05-09 09:57:57
2026-05-09 09:57:59,PD_SENSOR,0.0,0.0,0.0,OK,2026-05-09 09:57:59
2026-05-09 09:58:01,PD_SENSOR,0.0,0.0,0.0,OK,2026-05-09 09:58:01
2026-05-09 09:58:03,PD_SENSOR,0.0,0.0,0.0,OK,2026-05-09 09:58:03
2026-05-09 09:58:05,PD_SENSOR,0.0,0.0,0.0,OK,2026-05-09 09:58:05
2026-05-09 09:58:07,PD_SENSOR,0.0,0.0,0.0,OK,2026-05-09 09:58:07
2026-05-09 09:58:09,PD_SENSOR,0.0,0.0,0.0,OK,2026-05-09 09:58:09
2026-05-09 09:58:11,PD_SENSOR,0.0,0.0,0.0,OK,2026-05-09 09:58:11
2026-05-09 09:58:14,PD_SENSOR,0.0,0.0,0.0,OK,2026-05-09 09:58:14
2026-05-09 09:58:16,PD_SENSOR,0.0,0.0,0.0,OK,2026-05-09 09:58:16
2026-05-09 09:58:18,PD_SENSOR,0.0,0.0,0.0,OK,2026-05-09 09:58:18
2026-05-09 09:58:20,PD_SENSOR,0.0,0.0,0.0,OK,2026-05-09 09:58:20
2026-05-09 09:58:22,PD_SENSOR,0.0,0.0,0.0,OK,2026-05-09 09:58:22
2026-05-09 09:58:24,PD_SENSOR,0.0,0.0,0.0,OK,2026-05-09 09:58:24
2026-05-09 09:58:26,PD_SENSOR,0.0,0.0,0.0,OK,2026-05-09 09:58:26
2026-05-09 09:58:28,PD_SENSOR,0.0,0.0,0.0,OK,2026-05-09 09:58:28
2026-05-09 09:58:30,PD_SENSOR,0.0,0.0,0.0,OK,2026-05-09 09:58:30
2026-05-09 09:58:32,PD_SENSOR,0.0,0.0,0.0,OK,2026-05-09 09:58:32
2026-05-09 09:58:34,PD_SENSOR,0.0,0.0,0.0,OK,2026-05-09 09:58:34
2026-05-09 09:58:36,PD_SENSOR,0.0,0.0,0.0,OK,2026-05-09 09:58:36
2026-05-09 09:58:38,PD_SENSOR,0.0,0.0,0.0,OK,2026-05-09 09:58:38
2026-05-09 09:58:40,PD_SENSOR,0.0,0.0,0.0,OK,2026-05-09 09:58:40
2026-05-09 09:58:42,PD_SENSOR,0.0,0.0,0.0,OK,2026-05-09 09:58:42
2026-05-09 09:58:44,PD_SENSOR,0.0,0.0,0.0,OK,2026-05-09 09:58:44
2026-05-09 09:58:46,PD_SENSOR,0.0,0.0,0.0,OK,2026-05-09 09:58:46
2026-05-09 09:58:49,PD_SENSOR,0.0,0.0,0.0,OK,2026-05-09 09:58:49
2026-05-09 09:58:51,PD_SENSOR,0.0,0.0,0.0,OK,2026-05-09 09:58:51
2026-05-09 09:58:53,PD_SENSOR,0.0,0.0,0.0,OK,2026-05-09 09:58:53
2026-05-09 09:58:55,PD_SENSOR,0.0,0.0,0.0,OK,2026-05-09 09:58:55
2026-05-09 09:58:57,PD_SENSOR,0.0,0.0,0.0,OK,2026-05-09 09:58:57
2026-05-09 09:58:59,PD_SENSOR,0.0,0.0,0.0,OK,2026-05-09 09:58:59
2026-05-09 09:59:01,PD_SENSOR,0.0,0.0,0.0,OK,2026-05-09 09:59:01
2026-05-09 09:59:03,PD_SENSOR,0.0,0.0,0.0,OK,2026-05-09 09:59:03
2026-05-09 09:59:05,PD_SENSOR,0.0,0.0,0.0,OK,2026-05-09 09:59:05
2026-05-09 09:59:07,PD_SENSOR,0.0,0.0,0.0,OK,2026-05-09 09:59:07
2026-05-09 09:59:09,PD_SENSOR,0.0,0.0,0.0,OK,2026-05-09 09:59:09
2026-05-09 09:59:12,PD_SENSOR,0.0,0.0,0.0,OK,2026-05-09 09:59:12
2026-05-09 09:59:14,PD_SENSOR,0.0,0.0,0.0,OK,2026-05-09 09:59:14
2026-05-09 09:59:16,PD_SENSOR,0.0,0.0,0.0,OK,2026-05-09 09:59:16
2026-05-09 09:59:18,PD_SENSOR,0.0,0.0,0.0,OK,2026-05-09 09:59:18
2026-05-09 09:59:20,PD_SENSOR,0.0,0.0,0.0,OK,2026-05-09 09:59:20
2026-05-09 09:59:22,PD_SENSOR,0.0,0.0,0.0,OK,2026-05-09 09:59:22
2026-05-09 09:59:24,PD_SENSOR,0.0,0.0,0.0,OK,2026-05-09 09:59:24
2026-05-09 09:59:27,PD_SENSOR,0.0,0.0,0.0,OK,2026-05-09 09:59:27
2026-05-09 09:59:29,PD_SENSOR,0.0,0.0,0.0,OK,2026-05-09 09:59:29
2026-05-09 09:59:31,PD_SENSOR,0.0,0.0,0.0,OK,2026-05-09 09:59:31
2026-05-09 09:59:33,PD_SENSOR,0.0,0.0,0.0,OK,2026-05-09 09:59:33
2026-05-09 09:59:35,PD_SENSOR,0.0,0.0,0.0,OK,2026-05-09 09:59:35
2026-05-09 09:59:38,PD_SENSOR,0.0,0.0,0.0,OK,2026-05-09 09:59:38
2026-05-09 09:59:40,PD_SENSOR,0.0,0.0,0.0,OK,2026-05-09 09:59:40
2026-05-09 09:59:42,PD_SENSOR,0.0,0.0,0.0,OK,2026-05-09 09:59:42
2026-05-09 09:59:44,PD_SENSOR,0.0,0.0,0.0,OK,2026-05-09 09:59:44
2026-05-09 09:59:46,PD_SENSOR,0.0,0.0,0.0,OK,2026-05-09 09:59:46
2026-05-09 09:59:48,PD_SENSOR,0.0,0.0,0.0,OK,2026-05-09 09:59:48
2026-05-09 09:59:50,PD_SENSOR,0.0,0.0,0.0,OK,2026-05-09 09:59:50
2026-05-09 09:59:52,PD_SENSOR,0.0,0.0,0.0,OK,2026-05-09 09:59:52
2026-05-09 09:59:54,PD_SENSOR,0.0,0.0,0.0,OK,2026-05-09 09:59:54
2026-05-09 09:59:56,PD_SENSOR,0.0,0.0,0.0,OK,2026-05-09 09:59:56
2026-05-09 09:59:58,PD_SENSOR,0.0,0.0,0.0,OK,2026-05-09 09:59:58
2026-05-09 10:00:00,PD_SENSOR,0.0,0.0,0.0,OK,2026-05-09 10:00:00
2026-05-09 10:00:02,PD_SENSOR,0.0,0.0,0.0,OK,2026-05-09 10:00:02
2026-05-09 10:00:04,PD_SENSOR,0.0,0.0,0.0,OK,2026-05-09 10:00:04
2026-05-09 10:00:07,PD_SENSOR,0.0,0.0,0.0,OK,2026-05-09 10:00:07
2026-05-09 10:00:09,PD_SENSOR,0.0,0.0,0.0,OK,2026-05-09 10:00:09
2026-05-09 10:00:11,PD_SENSOR,0.0,0.0,0.0,OK,2026-05-09 10:00:11
2026-05-09 10:00:13,PD_SENSOR,0.0,0.0,0.0,OK,2026-05-09 10:00:13
2026-05-09 10:00:15,PD_SENSOR,0.0,0.0,0.0,OK,2026-05-09 10:00:15
2026-05-09 10:00:17,PD_SENSOR,0.0,0.0,0.0,OK,2026-05-09 10:00:17
2026-05-09 10:00:19,PD_SENSOR,0.0,0.0,0.0,OK,2026-05-09 10:00:19
2026-05-09 10:00:21,PD_SENSOR,0.0,0.0,0.0,OK,2026-05-09 10:00:21
2026-05-09 10:00:23,PD_SENSOR,0.0,0.0,0.0,OK,2026-05-09 10:00:23
2026-05-09 10:00:25,PD_SENSOR,0.0,0.0,0.0,OK,2026-05-09 10:00:25
2026-05-09 10:00:28,PD_SENSOR,0.0,0.0,0.0,OK,2026-05-09 10:00:28
2026-05-09 10:00:30,PD_SENSOR,0.0,0.0,0.0,OK,2026-05-09 10:00:30
2026-05-09 10:00:32,PD_SENSOR,0.0,0.0,0.0,OK,2026-05-09 10:00:32
2026-05-09 10:00:34,PD_SENSOR,0.0,0.0,0.0,OK,2026-05-09 10:00:34
2026-05-09 10:00:36,PD_SENSOR,0.0,0.0,0.0,OK,2026-05-09 10:00:36
2026-05-09 10:00:38,PD_SENSOR,0.0,0.0,0.0,OK,2026-05-09 10:00:38
2026-05-09 10:00:40,PD_SENSOR,0.0,0.0,0.0,OK,2026-05-09 10:00:40
2026-05-09 10:00:42,PD_SENSOR,0.0,0.0,0.0,OK,2026-05-09 10:00:42
2026-05-09 10:00:44,PD_SENSOR,0.0,0.0,0.0,OK,2026-05-09 10:00:44
2026-05-09 10:00:46,PD_SENSOR,0.0,0.0,0.0,OK,2026-05-09 10:00:46
2026-05-09 10:00:48,PD_SENSOR,0.0,0.0,0.0,OK,2026-05-09 10:00:48
2026-05-09 10:00:51,PD_SENSOR,0.0,0.0,0.0,OK,2026-05-09 10:00:51
2026-05-09 10:00:54,PD_SENSOR,0.0,0.0,0.0,OK,2026-05-09 10:00:54
2026-05-09 10:00:56,PD_SENSOR,0.0,0.0,0.0,OK,2026-05-09 10:00:56
2026-05-09 10:00:58,PD_SENSOR,0.0,0.0,0.0,OK,2026-05-09 10:00:58
2026-05-09 10:01:00,PD_SENSOR,0.0,0.0,0.0,OK,2026-05-09 10:01:00
2026-05-09 10:01:02,PD_SENSOR,0.0,0.0,0.0,OK,2026-05-09 10:01:02
2026-05-09 10:01:04,PD_SENSOR,0.0,0.0,0.0,OK,2026-05-09 10:01:04
2026-05-09 10:01:06,PD_SENSOR,0.0,0.0,0.0,OK,2026-05-09 10:01:06
2026-05-09 10:01:08,PD_SENSOR,0.0,0.0,0.0,OK,2026-05-09 10:01:08
2026-05-09 10:01:10,PD_SENSOR,0.0,0.0,0.0,OK,2026-05-09 10:01:10
2026-05-09 10:01:12,PD_SENSOR,0.0,0.0,0.0,OK,2026-05-09 10:01:12
2026-05-09 10:01:14,PD_SENSOR,0.0,0.0,0.0,OK,2026-05-09 10:01:14
2026-05-09 10:01:16,PD_SENSOR,0.0,0.0,0.0,OK,2026-05-09 10:01:16
2026-05-09 10:01:18,PD_SENSOR,0.0,0.0,0.0,OK,2026-05-09 10:01:18
2026-05-09 10:01:21,PD_SENSOR,0.0,0.0,0.0,OK,2026-05-09 10:01:20
2026-05-09 10:01:23,PD_SENSOR,0.0,0.0,0.0,OK,2026-05-09 10:01:23
2026-05-09 10:01:25,PD_SENSOR,0.0,0.0,0.0,OK,2026-05-09 10:01:25
2026-05-09 10:01:27,PD_SENSOR,0.0,0.0,0.0,OK,2026-05-09 10:01:27
2026-05-09 10:01:29,PD_SENSOR,0.0,0.0,0.0,OK,2026-05-09 10:01:29
2026-05-09 10:01:31,PD_SENSOR,0.0,0.0,0.0,OK,2026-05-09 10:01:31
2026-05-09 10:01:33,PD_SENSOR,0.0,0.0,0.0,OK,2026-05-09 10:01:33
2026-05-09 10:01:35,PD_SENSOR,0.0,0.0,0.0,OK,2026-05-09 10:01:35
2026-05-09 10:01:37,PD_SENSOR,0.0,0.0,0.0,OK,2026-05-09 10:01:37
2026-05-09 10:01:39,PD_SENSOR,0.0,0.0,0.0,OK,2026-05-09 10:01:39
2026-05-09 10:01:41,PD_SENSOR,0.0,0.0,0.0,OK,2026-05-09 10:01:41
2026-05-09 10:01:44,PD_SENSOR,0.0,0.0,0.0,OK,2026-05-09 10:01:44
2026-05-09 10:01:47,PD_SENSOR,0.0,0.0,0.0,OK,2026-05-09 10:01:47
2026-05-09 10:01:49,PD_SENSOR,0.0,0.0,0.0,OK,2026-05-09 10:01:49
2026-05-09 10:01:51,PD_SENSOR,0.0,0.0,0.0,OK,2026-05-09 10:01:51
2026-05-09 10:01:54,PD_SENSOR,0.0,0.0,0.0,OK,2026-05-09 10:01:54
2026-05-09 10:01:57,PD_SENSOR,0.0,0.0,0.0,OK,2026-05-09 10:01:57
2026-05-09 10:02:00,PD_SENSOR,0.0,0.0,0.0,OK,2026-05-09 10:02:00
2026-05-09 10:02:03,PD_SENSOR,0.0,0.0,0.0,OK,2026-05-09 10:02:03
2026-05-09 10:02:06,PD_SENSOR,0.0,0.0,0.0,OK,2026-05-09 10:02:06
2026-05-09 10:02:08,PD_SENSOR,0.0,0.0,0.0,OK,2026-05-09 10:02:08
2026-05-09 10:02:10,PD_SENSOR,0.0,0.0,0.0,OK,2026-05-09 10:02:10
2026-05-09 10:02:12,PD_SENSOR,0.0,0.0,0.0,OK,2026-05-09 10:02:12
2026-05-09 10:02:14,PD_SENSOR,0.0,0.0,0.0,OK,2026-05-09 10:02:14
2026-05-09 10:02:16,PD_SENSOR,0.0,0.0,0.0,OK,2026-05-09 10:02:16
2026-05-09 10:02:19,PD_SENSOR,0.0,0.0,0.0,OK,2026-05-09 10:02:19
2026-05-09 10:02:21,PD_SENSOR,0.0,0.0,0.0,OK,2026-05-09 10:02:21
2026-05-09 10:02:23,PD_SENSOR,0.0,0.0,0.0,OK,2026-05-09 10:02:23
2026-05-09 10:02:25,PD_SENSOR,0.0,0.0,0.0,OK,2026-05-09 10:02:25
2026-05-09 10:02:27,PD_SENSOR,0.0,0.0,0.0,OK,2026-05-09 10:02:27
2026-05-09 10:02:29,PD_SENSOR,0.0,0.0,0.0,OK,2026-05-09 10:02:29
2026-05-09 10:02:31,PD_SENSOR,0.0,0.0,0.0,OK,2026-05-09 10:02:31
2026-05-09 10:02:34,PD_SENSOR,0.0,0.0,0.0,OK,2026-05-09 10:02:34
2026-05-09 10:02:36,PD_SENSOR,0.0,0.0,0.0,OK,2026-05-09 10:02:36
2026-05-09 10:02:38,PD_SENSOR,0.0,0.0,0.0,OK,2026-05-09 10:02:38
2026-05-09 10:02:40,PD_SENSOR,0.0,0.0,0.0,OK,2026-05-09 10:02:40
2026-05-09 10:02:42,PD_SENSOR,0.0,0.0,0.0,OK,2026-05-09 10:02:42
2026-05-09 10:02:45,PD_SENSOR,0.0,0.0,0.0,OK,2026-05-09 10:02:45
2026-05-09 10:02:48,PD_SENSOR,0.0,0.0,0.0,OK,2026-05-09 10:02:48
2026-05-09 10:02:51,PD_SENSOR,0.0,0.0,0.0,OK,2026-05-09 10:02:51
2026-05-09 10:02:54,PD_SENSOR,0.0,0.0,0.0,OK,2026-05-09 10:02:54
2026-05-09 10:02:57,PD_SENSOR,0.0,0.0,0.0,OK,2026-05-09 10:02:57
2026-05-09 10:03:00,PD_SENSOR,0.0,0.0,0.0,OK,2026-05-09 10:03:00
2026-05-09 10:03:04,PD_SENSOR,0.0,0.0,0.0,OK,2026-05-09 10:03:04
2026-05-09 10:03:07,PD_SENSOR,0.0,0.0,0.0,OK,2026-05-09 10:03:07
2026-05-09 10:03:10,PD_SENSOR,0.0,0.0,0.0,OK,2026-05-09 10:03:10
2026-05-09 10:03:13,PD_SENSOR,0.0,0.0,0.0,OK,2026-05-09 10:03:13
2026-05-09 10:03:15,PD_SENSOR,0.0,0.0,0.0,OK,2026-05-09 10:03:15
2026-05-09 10:03:17,PD_SENSOR,0.0,0.0,0.0,OK,2026-05-09 10:03:17
2026-05-09 10:03:20,PD_SENSOR,0.0,0.0,0.0,OK,2026-05-09 10:03:20
2026-05-09 10:03:23,PD_SENSOR,0.0,0.0,0.0,OK,2026-05-09 10:03:23
2026-05-09 10:03:26,PD_SENSOR,0.0,0.0,0.0,OK,2026-05-09 10:03:26
2026-05-09 10:03:29,PD_SENSOR,0.0,0.0,0.0,OK,2026-05-09 10:03:29
2026-05-09 10:03:32,PD_SENSOR,0.0,0.0,0.0,OK,2026-05-09 10:03:32
2026-05-09 10:03:35,PD_SENSOR,0.0,0.0,0.0,OK,2026-05-09 10:03:35
2026-05-09 10:03:39,PD_SENSOR,0.0,0.0,0.0,OK,2026-05-09 10:03:39
2026-05-09 10:03:42,PD_SENSOR,0.0,0.0,0.0,OK,2026-05-09 10:03:42
2026-05-09 10:03:44,PD_SENSOR,0.0,0.0,0.0,OK,2026-05-09 10:03:44
2026-05-09 10:03:46,PD_SENSOR,0.0,0.0,0.0,OK,2026-05-09 10:03:46
2026-05-09 10:03:48,PD_SENSOR,0.0,0.0,0.0,OK,2026-05-09 10:03:48
2026-05-09 10:03:50,PD_SENSOR,0.0,0.0,0.0,OK,2026-05-09 10:03:50
2026-05-09 10:03:52,PD_SENSOR,0.0,0.0,0.0,OK,2026-05-09 10:03:52
2026-05-09 10:03:55,PD_SENSOR,0.0,0.0,0.0,OK,2026-05-09 10:03:55
2026-05-09 10:03:58,PD_SENSOR,0.0,0.0,0.0,OK,2026-05-09 10:03:58
2026-05-09 10:04:01,PD_SENSOR,0.0,0.0,0.0,OK,2026-05-09 10:04:01
2026-05-09 10:04:04,PD_SENSOR,0.0,0.0,0.0,OK,2026-05-09 10:04:04
2026-05-09 10:04:06,PD_SENSOR,0.0,0.0,0.0,OK,2026-05-09 10:04:06
2026-05-09 10:04:08,PD_SENSOR,0.0,0.0,0.0,OK,2026-05-09 10:04:08
2026-05-09 10:04:10,PD_SENSOR,0.0,0.0,0.0,OK,2026-05-09 10:04:10
2026-05-09 10:04:13,PD_SENSOR,0.0,0.0,0.0,OK,2026-05-09 10:04:13
2026-05-09 10:04:15,PD_SENSOR,0.0,0.0,0.0,OK,2026-05-09 10:04:15
2026-05-09 10:04:17,PD_SENSOR,0.0,0.0,0.0,OK,2026-05-09 10:04:17
2026-05-09 10:04:19,PD_SENSOR,0.0,0.0,0.0,OK,2026-05-09 10:04:19
2026-05-09 10:04:21,PD_SENSOR,0.0,0.0,0.0,OK,2026-05-09 10:04:21
2026-05-09 10:04:23,PD_SENSOR,0.0,0.0,0.0,OK,2026-05-09 10:04:23
2026-05-09 10:04:25,PD_SENSOR,0.0,0.0,0.0,OK,2026-05-09 10:04:25
2026-05-09 10:04:27,PD_SENSOR,0.0,0.0,0.0,OK,2026-05-09 10:04:27
2026-05-09 10:04:29,PD_SENSOR,0.0,0.0,0.0,OK,2026-05-09 10:04:29
2026-05-09 10:04:31,PD_SENSOR,0.0,0.0,0.0,OK,2026-05-09 10:04:31
2026-05-09 10:04:33,PD_SENSOR,0.0,0.0,0.0,OK,2026-05-09 10:04:33
2026-05-09 10:04:35,PD_SENSOR,0.0,0.0,0.0,OK,2026-05-09 10:04:35
2026-05-09 10:04:37,PD_SENSOR,0.0,0.0,0.0,OK,2026-05-09 10:04:37
2026-05-09 10:04:40,PD_SENSOR,0.0,0.0,0.0,OK,2026-05-09 10:04:40
2026-05-09 10:04:42,PD_SENSOR,0.0,0.0,0.0,OK,2026-05-09 10:04:42
2026-05-09 10:04:44,PD_SENSOR,0.0,0.0,0.0,OK,2026-05-09 10:04:44
2026-05-09 10:04:46,PD_SENSOR,0.0,0.0,0.0,OK,2026-05-09 10:04:46
2026-05-09 10:04:48,PD_SENSOR,0.0,0.0,0.0,OK,2026-05-09 10:04:48
2026-05-09 10:04:50,PD_SENSOR,0.0,0.0,0.0,OK,2026-05-09 10:04:50
2026-05-09 10:04:52,PD_SENSOR,0.0,0.0,0.0,OK,2026-05-09 10:04:52
2026-05-09 10:04:54,PD_SENSOR,0.0,0.0,0.0,OK,2026-05-09 10:04:54
2026-05-09 10:04:56,PD_SENSOR,0.0,0.0,0.0,OK,2026-05-09 10:04:56
2026-05-09 10:04:58,PD_SENSOR,0.0,0.0,0.0,OK,2026-05-09 10:04:58
2026-05-09 10:05:00,PD_SENSOR,0.0,0.0,0.0,OK,2026-05-09 10:05:00
2026-05-09 10:05:02,PD_SENSOR,0.0,0.0,0.0,OK,2026-05-09 10:05:02
2026-05-09 10:05:04,PD_SENSOR,0.0,0.0,0.0,OK,2026-05-09 10:05:04
2026-05-09 10:05:06,PD_SENSOR,0.0,0.0,0.0,OK,2026-05-09 10:05:06
2026-05-09 10:05:08,PD_SENSOR,0.0,0.0,0.0,OK,2026-05-09 10:05:08
2026-05-09 10:05:10,PD_SENSOR,0.0,0.0,0.0,OK,2026-05-09 10:05:10
2026-05-09 10:05:12,PD_SENSOR,0.0,0.0,0.0,OK,2026-05-09 10:05:12
2026-05-09 10:05:14,PD_SENSOR,0.0,0.0,0.0,OK,2026-05-09 10:05:14
2026-05-09 10:05:16,PD_SENSOR,0.0,0.0,0.0,OK,2026-05-09 10:05:16
2026-05-09 10:05:18,PD_SENSOR,0.0,0.0,0.0,OK,2026-05-09 10:05:18
2026-05-09 10:05:20,PD_SENSOR,0.0,0.0,0.0,OK,2026-05-09 10:05:20
2026-05-09 10:05:23,PD_SENSOR,0.0,0.0,0.0,OK,2026-05-09 10:05:22
2026-05-09 10:05:25,PD_SENSOR,0.0,0.0,0.0,OK,2026-05-09 10:05:25
2026-05-09 10:05:27,PD_SENSOR,0.0,0.0,0.0,OK,2026-05-09 10:05:27
2026-05-09 10:05:29,PD_SENSOR,0.0,0.0,0.0,OK,2026-05-09 10:05:29
2026-05-09 10:05:31,PD_SENSOR,0.0,0.0,0.0,OK,2026-05-09 10:05:31
2026-05-09 10:05:33,PD_SENSOR,0.0,0.0,0.0,OK,2026-05-09 10:05:33
2026-05-09 10:05:35,PD_SENSOR,0.0,0.0,0.0,OK,2026-05-09 10:05:35
2026-05-09 10:05:37,PD_SENSOR,0.0,0.0,0.0,OK,2026-05-09 10:05:37
2026-05-09 10:05:39,PD_SENSOR,0.0,0.0,0.0,OK,2026-05-09 10:05:39
2026-05-09 10:05:41,PD_SENSOR,0.0,0.0,0.0,OK,2026-05-09 10:05:41
2026-05-09 10:05:43,PD_SENSOR,0.0,0.0,0.0,OK,2026-05-09 10:05:43
2026-05-09 10:05:45,PD_SENSOR,0.0,0.0,0.0,OK,2026-05-09 10:05:45
2026-05-09 10:05:47,PD_SENSOR,0.0,0.0,0.0,OK,2026-05-09 10:05:47
2026-05-09 10:05:49,PD_SENSOR,0.0,0.0,0.0,OK,2026-05-09 10:05:49
2026-05-09 10:05:51,PD_SENSOR,0.0,0.0,0.0,OK,2026-05-09 10:05:51
2026-05-09 10:05:53,PD_SENSOR,0.0,0.0,0.0,OK,2026-05-09 10:05:53
2026-05-09 10:05:55,PD_SENSOR,0.0,0.0,0.0,OK,2026-05-09 10:05:55
2026-05-09 10:05:57,PD_SENSOR,0.0,0.0,0.0,OK,2026-05-09 10:05:57
2026-05-09 10:05:59,PD_SENSOR,0.0,0.0,0.0,OK,2026-05-09 10:05:59
2026-05-09 10:06:02,PD_SENSOR,0.0,0.0,0.0,OK,2026-05-09 10:06:02
2026-05-09 10:06:04,PD_SENSOR,0.0,0.0,0.0,OK,2026-05-09 10:06:04
2026-05-09 10:06:06,PD_SENSOR,0.0,0.0,0.0,OK,2026-05-09 10:06:06
2026-05-09 10:06:08,PD_SENSOR,0.0,0.0,0.0,OK,2026-05-09 10:06:08
2026-05-09 10:06:10,PD_SENSOR,0.0,0.0,0.0,OK,2026-05-09 10:06:10
2026-05-09 10:06:12,PD_SENSOR,0.0,0.0,0.0,OK,2026-05-09 10:06:12
2026-05-09 10:06:14,PD_SENSOR,0.0,0.0,0.0,OK,2026-05-09 10:06:14
2026-05-09 10:06:16,PD_SENSOR,0.0,0.0,0.0,OK,2026-05-09 10:06:16
2026-05-09 10:06:18,PD_SENSOR,0.0,0.0,0.0,OK,2026-05-09 10:06:18
2026-05-09 10:06:20,PD_SENSOR,0.0,0.0,0.0,OK,2026-05-09 10:06:20
2026-05-09 10:06:22,PD_SENSOR,0.0,0.0,0.0,OK,2026-05-09 10:06:22
2026-05-09 10:06:24,PD_SENSOR,0.0,0.0,0.0,OK,2026-05-09 10:06:24
2026-05-09 10:06:26,PD_SENSOR,0.0,0.0,0.0,OK,2026-05-09 10:06:26
2026-05-09 10:06:28,PD_SENSOR,0.0,0.0,0.0,OK,2026-05-09 10:06:28
2026-05-09 10:06:30,PD_SENSOR,0.0,0.0,0.0,OK,2026-05-09 10:06:30
2026-05-09 10:06:32,PD_SENSOR,0.0,0.0,0.0,OK,2026-05-09 10:06:32
2026-05-09 10:06:34,PD_SENSOR,0.0,0.0,0.0,OK,2026-05-09 10:06:34
2026-05-09 10:06:36,PD_SENSOR,0.0,0.0,0.0,OK,2026-05-09 10:06:36
2026-05-09 10:06:38,PD_SENSOR,0.0,0.0,0.0,OK,2026-05-09 10:06:38
2026-05-09 10:06:40,PD_SENSOR,0.0,0.0,0.0,OK,2026-05-09 10:06:40
2026-05-09 10:06:42,PD_SENSOR,0.0,0.0,0.0,OK,2026-05-09 10:06:42
2026-05-09 10:06:44,PD_SENSOR,0.0,0.0,0.0,OK,2026-05-09 10:06:44
2026-05-09 10:06:46,PD_SENSOR,0.0,0.0,0.0,OK,2026-05-09 10:06:46
2026-05-09 10:06:48,PD_SENSOR,0.0,0.0,0.0,OK,2026-05-09 10:06:48
2026-05-09 10:06:50,PD_SENSOR,0.0,0.0,0.0,OK,2026-05-09 10:06:50
2026-05-09 10:06:52,PD_SENSOR,0.0,0.0,0.0,OK,2026-05-09 10:06:52
2026-05-09 10:06:54,PD_SENSOR,0.0,0.0,0.0,OK,2026-05-09 10:06:54
2026-05-09 10:06:56,PD_SENSOR,0.0,0.0,0.0,OK,2026-05-09 10:06:56
2026-05-09 10:06:58,PD_SENSOR,0.0,0.0,0.0,OK,2026-05-09 10:06:58
2026-05-09 10:07:00,PD_SENSOR,0.0,0.0,0.0,OK,2026-05-09 10:07:00
2026-05-09 10:07:02,PD_SENSOR,0.0,0.0,0.0,OK,2026-05-09 10:07:02
2026-05-09 10:07:04,PD_SENSOR,0.0,0.0,0.0,OK,2026-05-09 10:07:04
2026-05-09 10:07:06,PD_SENSOR,0.0,0.0,0.0,OK,2026-05-09 10:07:06
2026-05-09 10:07:08,PD_SENSOR,0.0,0.0,0.0,OK,2026-05-09 10:07:08
2026-05-09 10:07:10,PD_SENSOR,0.0,0.0,0.0,OK,2026-05-09 10:07:10
2026-05-09 10:07:12,PD_SENSOR,0.0,0.0,0.0,OK,2026-05-09 10:07:12
2026-05-09 10:07:14,PD_SENSOR,0.0,0.0,0.0,OK,2026-05-09 10:07:14
2026-05-09 10:07:16,PD_SENSOR,0.0,0.0,0.0,OK,2026-05-09 10:07:16
2026-05-09 10:07:18,PD_SENSOR,0.0,0.0,0.0,OK,2026-05-09 10:07:18
2026-05-09 10:07:20,PD_SENSOR,0.0,0.0,0.0,OK,2026-05-09 10:07:20
2026-05-09 10:07:22,PD_SENSOR,0.0,0.0,0.0,OK,2026-05-09 10:07:22
2026-05-09 10:07:24,PD_SENSOR,0.0,0.0,0.0,OK,2026-05-09 10:07:24
2026-05-09 10:07:26,PD_SENSOR,0.0,0.0,0.0,OK,2026-05-09 10:07:26
2026-05-09 10:07:28,PD_SENSOR,0.0,0.0,0.0,OK,2026-05-09 10:07:28
2026-05-09 10:07:30,PD_SENSOR,0.0,0.0,0.0,OK,2026-05-09 10:07:30
2026-05-09 10:07:33,PD_SENSOR,0.0,0.0,0.0,OK,2026-05-09 10:07:33
2026-05-09 10:07:35,PD_SENSOR,0.0,0.0,0.0,OK,2026-05-09 10:07:35
2026-05-09 10:07:37,PD_SENSOR,0.0,0.0,0.0,OK,2026-05-09 10:07:37
2026-05-09 10:07:39,PD_SENSOR,0.0,0.0,0.0,OK,2026-05-09 10:07:39
2026-05-09 10:07:41,PD_SENSOR,0.0,0.0,0.0,OK,2026-05-09 10:07:41
2026-05-09 10:07:43,PD_SENSOR,0.0,0.0,0.0,OK,2026-05-09 10:07:43
2026-05-09 10:07:45,PD_SENSOR,0.0,0.0,0.0,OK,2026-05-09 10:07:45
2026-05-09 10:07:47,PD_SENSOR,0.0,0.0,0.0,OK,2026-05-09 10:07:47
2026-05-09 10:07:49,PD_SENSOR,0.0,0.0,0.0,OK,2026-05-09 10:07:49
2026-05-09 10:07:51,PD_SENSOR,0.0,0.0,0.0,OK,2026-05-09 10:07:51
2026-05-09 10:07:53,PD_SENSOR,0.0,0.0,0.0,OK,2026-05-09 10:07:53
2026-05-09 10:07:55,PD_SENSOR,0.0,0.0,0.0,OK,2026-05-09 10:07:55
2026-05-09 10:07:57,PD_SENSOR,0.0,0.0,0.0,OK,2026-05-09 10:07:57
2026-05-09 10:07:59,PD_SENSOR,0.0,0.0,0.0,OK,2026-05-09 10:07:59
2026-05-09 10:08:01,PD_SENSOR,0.0,0.0,0.0,OK,2026-05-09 10:08:01
2026-05-09 10:08:03,PD_SENSOR,0.0,0.0,0.0,OK,2026-05-09 10:08:03
2026-05-09 10:08:05,PD_SENSOR,0.0,0.0,0.0,OK,2026-05-09 10:08:05
2026-05-09 10:08:07,PD_SENSOR,0.0,0.0,0.0,OK,2026-05-09 10:08:07
2026-05-09 10:08:09,PD_SENSOR,0.0,0.0,0.0,OK,2026-05-09 10:08:09
2026-05-09 10:08:11,PD_SENSOR,0.0,0.0,0.0,OK,2026-05-09 10:08:11
2026-05-09 10:08:13,PD_SENSOR,0.0,0.0,0.0,OK,2026-05-09 10:08:13
2026-05-09 10:08:15,PD_SENSOR,0.0,0.0,0.0,OK,2026-05-09 10:08:15
2026-05-09 10:08:17,PD_SENSOR,0.0,0.0,0.0,OK,2026-05-09 10:08:17
2026-05-09 10:08:19,PD_SENSOR,0.0,0.0,0.0,OK,2026-05-09 10:08:19
2026-05-09 10:08:21,PD_SENSOR,0.0,0.0,0.0,OK,2026-05-09 10:08:21
2026-05-09 10:08:23,PD_SENSOR,0.0,0.0,0.0,OK,2026-05-09 10:08:23
2026-05-09 10:08:25,PD_SENSOR,0.0,0.0,0.0,OK,2026-05-09 10:08:25
2026-05-09 10:08:27,PD_SENSOR,0.0,0.0,0.0,OK,2026-05-09 10:08:27
2026-05-09 10:08:29,PD_SENSOR,0.0,0.0,0.0,OK,2026-05-09 10:08:29
2026-05-09 10:08:31,PD_SENSOR,0.0,0.0,0.0,OK,2026-05-09 10:08:31
2026-05-09 10:08:33,PD_SENSOR,0.0,0.0,0.0,OK,2026-05-09 10:08:33
2026-05-09 10:08:35,PD_SENSOR,0.0,0.0,0.0,OK,2026-05-09 10:08:35
2026-05-09 10:08:37,PD_SENSOR,0.0,0.0,0.0,OK,2026-05-09 10:08:37
2026-05-09 10:08:39,PD_SENSOR,0.0,0.0,0.0,OK,2026-05-09 10:08:39
2026-05-09 10:08:41,PD_SENSOR,0.0,0.0,0.0,OK,2026-05-09 10:08:41
2026-05-09 10:08:43,PD_SENSOR,0.0,0.0,0.0,OK,2026-05-09 10:08:43
2026-05-09 10:08:45,PD_SENSOR,0.0,0.0,0.0,OK,2026-05-09 10:08:45
2026-05-09 10:08:47,PD_SENSOR,0.0,0.0,0.0,OK,2026-05-09 10:08:47
2026-05-09 10:08:49,PD_SENSOR,0.0,0.0,0.0,OK,2026-05-09 10:08:49
2026-05-09 10:08:52,PD_SENSOR,0.0,0.0,0.0,OK,2026-05-09 10:08:52
2026-05-09 10:08:54,PD_SENSOR,0.0,0.0,0.0,OK,2026-05-09 10:08:54
2026-05-09 10:08:56,PD_SENSOR,0.0,0.0,0.0,OK,2026-05-09 10:08:56
2026-05-09 10:08:58,PD_SENSOR,0.0,0.0,0.0,OK,2026-05-09 10:08:58
2026-05-09 10:09:00,PD_SENSOR,0.0,0.0,0.0,OK,2026-05-09 10:09:00
2026-05-09 10:09:02,PD_SENSOR,0.0,0.0,0.0,OK,2026-05-09 10:09:02
2026-05-09 10:09:04,PD_SENSOR,0.0,0.0,0.0,OK,2026-05-09 10:09:04
2026-05-09 10:09:06,PD_SENSOR,0.0,0.0,0.0,OK,2026-05-09 10:09:06
2026-05-09 10:09:08,PD_SENSOR,0.0,0.0,0.0,OK,2026-05-09 10:09:08
2026-05-09 10:09:10,PD_SENSOR,0.0,0.0,0.0,OK,2026-05-09 10:09:10
2026-05-09 10:09:12,PD_SENSOR,0.0,0.0,0.0,OK,2026-05-09 10:09:12
2026-05-09 10:09:14,PD_SENSOR,0.0,0.0,0.0,OK,2026-05-09 10:09:14
2026-05-09 10:09:16,PD_SENSOR,0.0,0.0,0.0,OK,2026-05-09 10:09:16
2026-05-09 10:09:19,PD_SENSOR,0.0,0.0,0.0,OK,2026-05-09 10:09:19
2026-05-09 10:09:21,PD_SENSOR,0.0,0.0,0.0,OK,2026-05-09 10:09:21
2026-05-09 10:09:23,PD_SENSOR,0.0,0.0,0.0,OK,2026-05-09 10:09:23
2026-05-09 10:09:25,PD_SENSOR,0.0,0.0,0.0,OK,2026-05-09 10:09:25
2026-05-09 10:09:27,PD_SENSOR,0.0,0.0,0.0,OK,2026-05-09 10:09:27
2026-05-09 10:09:29,PD_SENSOR,0.0,0.0,0.0,OK,2026-05-09 10:09:29
2026-05-09 10:09:31,PD_SENSOR,0.0,0.0,0.0,OK,2026-05-09 10:09:31
2026-05-09 10:09:33,PD_SENSOR,0.0,0.0,0.0,OK,2026-05-09 10:09:33
2026-05-09 10:09:35,PD_SENSOR,0.0,0.0,0.0,OK,2026-05-09 10:09:35
2026-05-09 10:09:37,PD_SENSOR,0.0,0.0,0.0,OK,2026-05-09 10:09:37
2026-05-09 10:09:39,PD_SENSOR,0.0,0.0,0.0,OK,2026-05-09 10:09:39
2026-05-09 10:09:41,PD_SENSOR,0.0,0.0,0.0,OK,2026-05-09 10:09:41
2026-05-09 10:09:43,PD_SENSOR,0.0,0.0,0.0,OK,2026-05-09 10:09:43
2026-05-09 10:09:45,PD_SENSOR,0.0,0.0,0.0,OK,2026-05-09 10:09:45
2026-05-09 10:09:47,PD_SENSOR,0.0,0.0,0.0,OK,2026-05-09 10:09:47
2026-05-09 10:09:49,PD_SENSOR,0.0,0.0,0.0,OK,2026-05-09 10:09:49
2026-05-09 10:09:52,PD_SENSOR,0.0,0.0,0.0,OK,2026-05-09 10:09:52
2026-05-09 10:09:54,PD_SENSOR,0.0,0.0,0.0,OK,2026-05-09 10:09:54
2026-05-09 10:09:56,PD_SENSOR,0.0,0.0,0.0,OK,2026-05-09 10:09:56
2026-05-09 10:09:58,PD_SENSOR,0.0,0.0,0.0,OK,2026-05-09 10:09:58
2026-05-09 10:10:00,PD_SENSOR,0.0,0.0,0.0,OK,2026-05-09 10:10:00
2026-05-09 10:10:02,PD_SENSOR,0.0,0.0,0.0,OK,2026-05-09 10:10:02
2026-05-09 10:10:04,PD_SENSOR,0.0,0.0,0.0,OK,2026-05-09 10:10:04
2026-05-09 10:10:06,PD_SENSOR,0.0,0.0,0.0,OK,2026-05-09 10:10:06
2026-05-09 10:10:08,PD_SENSOR,0.0,0.0,0.0,OK,2026-05-09 10:10:08
2026-05-09 10:10:10,PD_SENSOR,0.0,0.0,0.0,OK,2026-05-09 10:10:10
2026-05-09 10:10:12,PD_SENSOR,0.0,0.0,0.0,OK,2026-05-09 10:10:12
2026-05-09 10:10:14,PD_SENSOR,0.0,0.0,0.0,OK,2026-05-09 10:10:14
2026-05-09 10:10:16,PD_SENSOR,0.0,0.0,0.0,OK,2026-05-09 10:10:16
2026-05-09 10:10:18,PD_SENSOR,0.0,0.0,0.0,OK,2026-05-09 10:10:18
2026-05-09 10:10:20,PD_SENSOR,0.0,0.0,0.0,OK,2026-05-09 10:10:20
2026-05-09 10:10:22,PD_SENSOR,0.0,0.0,0.0,OK,2026-05-09 10:10:22
2026-05-09 10:10:24,PD_SENSOR,0.0,0.0,0.0,OK,2026-05-09 10:10:24
2026-05-09 10:10:26,PD_SENSOR,0.0,0.0,0.0,OK,2026-05-09 10:10:26
2026-05-09 10:10:28,PD_SENSOR,0.0,0.0,0.0,OK,2026-05-09 10:10:28
2026-05-09 10:10:30,PD_SENSOR,0.0,0.0,0.0,OK,2026-05-09 10:10:30
2026-05-09 10:10:32,PD_SENSOR,0.0,0.0,0.0,OK,2026-05-09 10:10:32
2026-05-09 10:10:34,PD_SENSOR,0.0,0.0,0.0,OK,2026-05-09 10:10:34
2026-05-09 10:10:36,PD_SENSOR,0.0,0.0,0.0,OK,2026-05-09 10:10:36
2026-05-09 10:10:38,PD_SENSOR,0.0,0.0,0.0,OK,2026-05-09 10:10:38
2026-05-09 10:10:40,PD_SENSOR,0.0,0.0,0.0,OK,2026-05-09 10:10:40
2026-05-09 10:10:42,PD_SENSOR,0.0,0.0,0.0,OK,2026-05-09 10:10:42
2026-05-09 10:10:44,PD_SENSOR,0.0,0.0,0.0,OK,2026-05-09 10:10:44
2026-05-09 10:10:46,PD_SENSOR,0.0,0.0,0.0,OK,2026-05-09 10:10:46
2026-05-09 10:10:48,PD_SENSOR,0.0,0.0,0.0,OK,2026-05-09 10:10:48
2026-05-09 10:10:50,PD_SENSOR,0.0,0.0,0.0,OK,2026-05-09 10:10:50
2026-05-09 10:10:52,PD_SENSOR,0.0,0.0,0.0,OK,2026-05-09 10:10:52
2026-05-09 10:10:54,PD_SENSOR,0.0,0.0,0.0,OK,2026-05-09 10:10:54
2026-05-09 10:10:56,PD_SENSOR,0.0,0.0,0.0,OK,2026-05-09 10:10:56
2026-05-09 10:10:58,PD_SENSOR,0.0,0.0,0.0,OK,2026-05-09 10:10:58
2026-05-09 10:11:00,PD_SENSOR,0.0,0.0,0.0,OK,2026-05-09 10:11:00
2026-05-09 10:11:02,PD_SENSOR,0.0,0.0,0.0,OK,2026-05-09 10:11:02
2026-05-09 10:11:04,PD_SENSOR,0.0,0.0,0.0,OK,2026-05-09 10:11:04
2026-05-09 10:11:06,PD_SENSOR,0.0,0.0,0.0,OK,2026-05-09 10:11:06
2026-05-09 10:11:08,PD_SENSOR,0.0,0.0,0.0,OK,2026-05-09 10:11:08
2026-05-09 10:11:10,PD_SENSOR,0.0,0.0,0.0,OK,2026-05-09 10:11:10
2026-05-09 10:11:13,PD_SENSOR,0.0,0.0,0.0,OK,2026-05-09 10:11:13
2026-05-09 10:11:16,PD_SENSOR,0.0,0.0,0.0,OK,2026-05-09 10:11:16
2026-05-09 10:11:18,PD_SENSOR,0.0,0.0,0.0,OK,2026-05-09 10:11:18
2026-05-09 10:11:20,PD_SENSOR,0.0,0.0,0.0,OK,2026-05-09 10:11:20
2026-05-09 10:11:22,PD_SENSOR,0.0,0.0,0.0,OK,2026-05-09 10:11:22
2026-05-09 10:11:24,PD_SENSOR,0.0,0.0,0.0,OK,2026-05-09 10:11:24
2026-05-09 10:11:26,PD_SENSOR,0.0,0.0,0.0,OK,2026-05-09 10:11:26
2026-05-09 10:11:28,PD_SENSOR,0.0,0.0,0.0,OK,2026-05-09 10:11:28
2026-05-09 10:11:30,PD_SENSOR,0.0,0.0,0.0,OK,2026-05-09 10:11:30
2026-05-09 10:11:32,PD_SENSOR,0.0,0.0,0.0,OK,2026-05-09 10:11:32
2026-05-09 10:11:34,PD_SENSOR,0.0,0.0,0.0,OK,2026-05-09 10:11:34
2026-05-09 10:11:36,PD_SENSOR,0.0,0.0,0.0,OK,2026-05-09 10:11:36
2026-05-09 10:11:38,PD_SENSOR,0.0,0.0,0.0,OK,2026-05-09 10:11:38
2026-05-09 10:11:40,PD_SENSOR,0.0,0.0,0.0,OK,2026-05-09 10:11:40
2026-05-09 10:11:43,PD_SENSOR,0.0,0.0,0.0,OK,2026-05-09 10:11:43
2026-05-09 10:11:46,PD_SENSOR,0.0,0.0,0.0,OK,2026-05-09 10:11:46
2026-05-09 10:11:48,PD_SENSOR,0.0,0.0,0.0,OK,2026-05-09 10:11:48
2026-05-09 10:11:50,PD_SENSOR,0.0,0.0,0.0,OK,2026-05-09 10:11:50
2026-05-09 10:11:52,PD_SENSOR,0.0,0.0,0.0,OK,2026-05-09 10:11:52
2026-05-09 10:11:55,PD_SENSOR,0.0,0.0,0.0,OK,2026-05-09 10:11:55
2026-05-09 10:11:57,PD_SENSOR,0.0,0.0,0.0,OK,2026-05-09 10:11:57
2026-05-09 10:12:00,PD_SENSOR,0.0,0.0,0.0,OK,2026-05-09 10:12:00
2026-05-09 10:12:02,PD_SENSOR,0.0,0.0,0.0,OK,2026-05-09 10:12:02
2026-05-09 10:12:04,PD_SENSOR,0.0,0.0,0.0,OK,2026-05-09 10:12:04
2026-05-09 10:12:06,PD_SENSOR,0.0,0.0,0.0,OK,2026-05-09 10:12:06
2026-05-09 10:12:08,PD_SENSOR,0.0,0.0,0.0,OK,2026-05-09 10:12:08
2026-05-09 10:12:10,PD_SENSOR,0.0,0.0,0.0,OK,2026-05-09 10:12:10
2026-05-09 10:12:12,PD_SENSOR,0.0,0.0,0.0,OK,2026-05-09 10:12:12
2026-05-09 10:12:14,PD_SENSOR,0.0,0.0,0.0,OK,2026-05-09 10:12:14
2026-05-09 10:12:16,PD_SENSOR,0.0,0.0,0.0,OK,2026-05-09 10:12:16
2026-05-09 10:12:18,PD_SENSOR,0.0,0.0,0.0,OK,2026-05-09 10:12:18
2026-05-09 10:12:20,PD_SENSOR,0.0,0.0,0.0,OK,2026-05-09 10:12:20
2026-05-09 10:12:22,PD_SENSOR,0.0,0.0,0.0,OK,2026-05-09 10:12:22
2026-05-09 10:12:25,PD_SENSOR,0.0,0.0,0.0,OK,2026-05-09 10:12:25
2026-05-09 10:12:27,PD_SENSOR,0.0,0.0,0.0,OK,2026-05-09 10:12:27
2026-05-09 10:12:30,PD_SENSOR,0.0,0.0,0.0,OK,2026-05-09 10:12:30
2026-05-09 10:12:32,PD_SENSOR,0.0,0.0,0.0,OK,2026-05-09 10:12:32
2026-05-09 10:12:34,PD_SENSOR,0.0,0.0,0.0,OK,2026-05-09 10:12:34
2026-05-09 10:12:36,PD_SENSOR,0.0,0.0,0.0,OK,2026-05-09 10:12:36
2026-05-09 10:12:38,PD_SENSOR,0.0,0.0,0.0,OK,2026-05-09 10:12:38
2026-05-09 10:12:40,PD_SENSOR,0.0,0.0,0.0,OK,2026-05-09 10:12:40
2026-05-09 10:12:42,PD_SENSOR,0.0,0.0,0.0,OK,2026-05-09 10:12:42
2026-05-09 10:12:44,PD_SENSOR,0.0,0.0,0.0,OK,2026-05-09 10:12:44
2026-05-09 10:12:46,PD_SENSOR,0.0,0.0,0.0,OK,2026-05-09 10:12:46
2026-05-09 10:12:48,PD_SENSOR,0.0,0.0,0.0,OK,2026-05-09 10:12:48
2026-05-09 10:12:50,PD_SENSOR,0.0,0.0,0.0,OK,2026-05-09 10:12:50
2026-05-09 10:12:52,PD_SENSOR,0.0,0.0,0.0,OK,2026-05-09 10:12:52
2026-05-09 10:12:54,PD_SENSOR,0.0,0.0,0.0,OK,2026-05-09 10:12:54
2026-05-09 10:12:57,PD_SENSOR,0.0,0.0,0.0,OK,2026-05-09 10:12:57
2026-05-09 10:12:59,PD_SENSOR,0.0,0.0,0.0,OK,2026-05-09 10:12:59
2026-05-09 10:13:01,PD_SENSOR,0.0,0.0,0.0,OK,2026-05-09 10:13:01
2026-05-09 10:13:03,PD_SENSOR,0.0,0.0,0.0,OK,2026-05-09 10:13:03
2026-05-09 10:13:05,PD_SENSOR,0.0,0.0,0.0,OK,2026-05-09 10:13:05
2026-05-09 10:13:07,PD_SENSOR,0.0,0.0,0.0,OK,2026-05-09 10:13:07
2026-05-09 10:13:09,PD_SENSOR,0.0,0.0,0.0,OK,2026-05-09 10:13:09
2026-05-09 10:13:12,PD_SENSOR,0.0,0.0,0.0,OK,2026-05-09 10:13:12
2026-05-09 10:13:15,PD_SENSOR,0.0,0.0,0.0,OK,2026-05-09 10:13:15
2026-05-09 10:13:17,PD_SENSOR,0.0,0.0,0.0,OK,2026-05-09 10:13:17
2026-05-09 10:13:19,PD_SENSOR,0.0,0.0,0.0,OK,2026-05-09 10:13:19
2026-05-09 10:13:21,PD_SENSOR,0.0,0.0,0.0,OK,2026-05-09 10:13:21
2026-05-09 10:13:23,PD_SENSOR,0.0,0.0,0.0,OK,2026-05-09 10:13:23
2026-05-09 10:13:25,PD_SENSOR,0.0,0.0,0.0,OK,2026-05-09 10:13:25
2026-05-09 10:13:27,PD_SENSOR,0.0,0.0,0.0,OK,2026-05-09 10:13:27
2026-05-09 10:13:29,PD_SENSOR,0.0,0.0,0.0,OK,2026-05-09 10:13:29
2026-05-09 10:13:31,PD_SENSOR,0.0,0.0,0.0,OK,2026-05-09 10:13:31
2026-05-09 10:13:33,PD_SENSOR,0.0,0.0,0.0,OK,2026-05-09 10:13:33
2026-05-09 10:13:35,PD_SENSOR,0.0,0.0,0.0,OK,2026-05-09 10:13:35
2026-05-09 10:13:37,PD_SENSOR,0.0,0.0,0.0,OK,2026-05-09 10:13:37
2026-05-09 10:13:39,PD_SENSOR,0.0,0.0,0.0,OK,2026-05-09 10:13:39
2026-05-09 10:13:41,PD_SENSOR,0.0,0.0,0.0,OK,2026-05-09 10:13:41
2026-05-09 10:13:43,PD_SENSOR,0.0,0.0,0.0,OK,2026-05-09 10:13:43
2026-05-09 10:13:45,PD_SENSOR,0.0,0.0,0.0,OK,2026-05-09 10:13:45
2026-05-09 10:13:48,PD_SENSOR,0.0,0.0,0.0,OK,2026-05-09 10:13:48
2026-05-09 10:13:51,PD_SENSOR,0.0,0.0,0.0,OK,2026-05-09 10:13:51
2026-05-09 10:13:53,PD_SENSOR,0.0,0.0,0.0,OK,2026-05-09 10:13:53
2026-05-09 10:13:55,PD_SENSOR,0.0,0.0,0.0,OK,2026-05-09 10:13:55
2026-05-09 10:13:57,PD_SENSOR,0.0,0.0,0.0,OK,2026-05-09 10:13:57
2026-05-09 10:13:59,PD_SENSOR,0.0,0.0,0.0,OK,2026-05-09 10:13:59
2026-05-09 10:14:01,PD_SENSOR,0.0,0.0,0.0,OK,2026-05-09 10:14:01
2026-05-09 10:14:03,PD_SENSOR,0.0,0.0,0.0,OK,2026-05-09 10:14:03
2026-05-09 10:14:05,PD_SENSOR,0.0,0.0,0.0,OK,2026-05-09 10:14:05
2026-05-09 10:14:07,PD_SENSOR,0.0,0.0,0.0,OK,2026-05-09 10:14:07
2026-05-09 10:14:09,PD_SENSOR,0.0,0.0,0.0,OK,2026-05-09 10:14:09
2026-05-09 10:14:11,PD_SENSOR,0.0,0.0,0.0,OK,2026-05-09 10:14:11
2026-05-09 10:14:13,PD_SENSOR,0.0,0.0,0.0,OK,2026-05-09 10:14:13
2026-05-09 10:14:15,PD_SENSOR,0.0,0.0,0.0,OK,2026-05-09 10:14:15
2026-05-09 10:14:17,PD_SENSOR,0.0,0.0,0.0,OK,2026-05-09 10:14:17
2026-05-09 10:14:19,PD_SENSOR,0.0,0.0,0.0,OK,2026-05-09 10:14:19
2026-05-09 10:14:21,PD_SENSOR,0.0,0.0,0.0,OK,2026-05-09 10:14:21
2026-05-09 10:14:23,PD_SENSOR,0.0,0.0,0.0,OK,2026-05-09 10:14:23
2026-05-09 10:14:25,PD_SENSOR,0.0,0.0,0.0,OK,2026-05-09 10:14:25
2026-05-09 10:14:27,PD_SENSOR,0.0,0.0,0.0,OK,2026-05-09 10:14:27
2026-05-09 10:14:29,PD_SENSOR,0.0,0.0,0.0,OK,2026-05-09 10:14:29
2026-05-09 10:14:31,PD_SENSOR,0.0,0.0,0.0,OK,2026-05-09 10:14:31
2026-05-09 10:14:33,PD_SENSOR,0.0,0.0,0.0,OK,2026-05-09 10:14:33
2026-05-09 10:14:35,PD_SENSOR,0.0,0.0,0.0,OK,2026-05-09 10:14:35
2026-05-09 10:14:37,PD_SENSOR,0.0,0.0,0.0,OK,2026-05-09 10:14:37
2026-05-09 10:14:39,PD_SENSOR,0.0,0.0,0.0,OK,2026-05-09 10:14:39
2026-05-09 10:14:42,PD_SENSOR,0.0,0.0,0.0,OK,2026-05-09 10:14:42
2026-05-09 10:14:45,PD_SENSOR,0.0,0.0,0.0,OK,2026-05-09 10:14:45
2026-05-09 10:14:47,PD_SENSOR,0.0,0.0,0.0,OK,2026-05-09 10:14:47
2026-05-09 10:14:49,PD_SENSOR,0.0,0.0,0.0,OK,2026-05-09 10:14:49
2026-05-09 10:14:51,PD_SENSOR,0.0,0.0,0.0,OK,2026-05-09 10:14:51
2026-05-09 10:14:53,PD_SENSOR,0.0,0.0,0.0,OK,2026-05-09 10:14:53
2026-05-09 10:14:55,PD_SENSOR,0.0,0.0,0.0,OK,2026-05-09 10:14:55
2026-05-09 10:14:57,PD_SENSOR,0.0,0.0,0.0,OK,2026-05-09 10:14:57
2026-05-09 10:14:59,PD_SENSOR,0.0,0.0,0.0,OK,2026-05-09 10:14:59
2026-05-09 10:15:01,PD_SENSOR,0.0,0.0,0.0,OK,2026-05-09 10:15:01
2026-05-09 10:15:03,PD_SENSOR,0.0,0.0,0.0,OK,2026-05-09 10:15:03
2026-05-09 10:15:05,PD_SENSOR,0.0,0.0,0.0,OK,2026-05-09 10:15:05
2026-05-09 10:15:07,PD_SENSOR,0.0,0.0,0.0,OK,2026-05-09 10:15:07
2026-05-09 10:15:09,PD_SENSOR,0.0,0.0,0.0,OK,2026-05-09 10:15:09
2026-05-09 10:15:11,PD_SENSOR,0.0,0.0,0.0,OK,2026-05-09 10:15:11
2026-05-09 10:15:13,PD_SENSOR,0.0,0.0,0.0,OK,2026-05-09 10:15:13
2026-05-09 10:15:15,PD_SENSOR,0.0,0.0,0.0,OK,2026-05-09 10:15:15
2026-05-09 10:15:17,PD_SENSOR,0.0,0.0,0.0,OK,2026-05-09 10:15:17
2026-05-09 10:15:19,PD_SENSOR,0.0,0.0,0.0,OK,2026-05-09 10:15:19
2026-05-09 10:15:21,PD_SENSOR,0.0,0.0,0.0,OK,2026-05-09 10:15:21
2026-05-09 10:15:23,PD_SENSOR,0.0,0.0,0.0,OK,2026-05-09 10:15:23
2026-05-09 10:15:25,PD_SENSOR,0.0,0.0,0.0,OK,2026-05-09 10:15:25
2026-05-09 10:15:27,PD_SENSOR,0.0,0.0,0.0,OK,2026-05-09 10:15:27
2026-05-09 10:15:29,PD_SENSOR,0.0,0.0,0.0,OK,2026-05-09 10:15:29
2026-05-09 10:15:31,PD_SENSOR,0.0,0.0,0.0,OK,2026-05-09 10:15:31
2026-05-09 10:15:33,PD_SENSOR,0.0,0.0,0.0,OK,2026-05-09 10:15:33
2026-05-09 10:15:35,PD_SENSOR,0.0,0.0,0.0,OK,2026-05-09 10:15:35
2026-05-09 10:15:37,PD_SENSOR,0.0,0.0,0.0,OK,2026-05-09 10:15:37
2026-05-09 10:15:39,PD_SENSOR,0.0,0.0,0.0,OK,2026-05-09 10:15:39
2026-05-09 10:15:41,PD_SENSOR,0.0,0.0,0.0,OK,2026-05-09 10:15:41
2026-05-09 10:15:43,PD_SENSOR,0.0,0.0,0.0,OK,2026-05-09 10:15:43
2026-05-09 10:15:45,PD_SENSOR,0.0,0.0,0.0,OK,2026-05-09 10:15:45
2026-05-09 10:15:47,PD_SENSOR,0.0,0.0,0.0,OK,2026-05-09 10:15:47
2026-05-09 10:15:49,PD_SENSOR,0.0,0.0,0.0,OK,2026-05-09 10:15:49
2026-05-09 10:15:51,PD_SENSOR,0.0,0.0,0.0,OK,2026-05-09 10:15:51
2026-05-09 10:15:54,PD_SENSOR,0.0,0.0,0.0,OK,2026-05-09 10:15:54
2026-05-09 10:15:56,PD_SENSOR,0.0,0.0,0.0,OK,2026-05-09 10:15:56
2026-05-09 10:15:58,PD_SENSOR,0.0,0.0,0.0,OK,2026-05-09 10:15:58
2026-05-09 10:16:00,PD_SENSOR,0.0,0.0,0.0,OK,2026-05-09 10:16:00
2026-05-09 10:16:02,PD_SENSOR,0.0,0.0,0.0,OK,2026-05-09 10:16:02
2026-05-09 10:16:04,PD_SENSOR,0.0,0.0,0.0,OK,2026-05-09 10:16:04
2026-05-09 10:16:06,PD_SENSOR,0.0,0.0,0.0,OK,2026-05-09 10:16:06
2026-05-09 10:16:09,PD_SENSOR,0.0,0.0,0.0,OK,2026-05-09 10:16:09
2026-05-09 10:16:12,PD_SENSOR,0.0,0.0,0.0,OK,2026-05-09 10:16:12
2026-05-09 10:16:14,PD_SENSOR,0.0,0.0,0.0,OK,2026-05-09 10:16:14
2026-05-09 10:16:16,PD_SENSOR,0.0,0.0,0.0,OK,2026-05-09 10:16:16
2026-05-09 10:16:18,PD_SENSOR,0.0,0.0,0.0,OK,2026-05-09 10:16:18
2026-05-09 10:16:20,PD_SENSOR,0.0,0.0,0.0,OK,2026-05-09 10:16:20
2026-05-09 10:16:22,PD_SENSOR,0.0,0.0,0.0,OK,2026-05-09 10:16:22
2026-05-09 10:16:24,PD_SENSOR,0.0,0.0,0.0,OK,2026-05-09 10:16:24
2026-05-09 10:16:26,PD_SENSOR,0.0,0.0,0.0,OK,2026-05-09 10:16:26
2026-05-09 10:16:28,PD_SENSOR,0.0,0.0,0.0,OK,2026-05-09 10:16:28
2026-05-09 10:16:30,PD_SENSOR,0.0,0.0,0.0,OK,2026-05-09 10:16:30
2026-05-09 10:16:33,PD_SENSOR,0.0,0.0,0.0,OK,2026-05-09 10:16:33
2026-05-09 10:16:36,PD_SENSOR,0.0,0.0,0.0,OK,2026-05-09 10:16:36
2026-05-09 10:16:38,PD_SENSOR,0.0,0.0,0.0,OK,2026-05-09 10:16:38
2026-05-09 10:16:40,PD_SENSOR,0.0,0.0,0.0,OK,2026-05-09 10:16:40
2026-05-09 10:16:42,PD_SENSOR,0.0,0.0,0.0,OK,2026-05-09 10:16:42
2026-05-09 10:16:45,PD_SENSOR,0.0,0.0,0.0,OK,2026-05-09 10:16:45
2026-05-09 10:16:47,PD_SENSOR,0.0,0.0,0.0,OK,2026-05-09 10:16:47
2026-05-09 10:16:49,PD_SENSOR,0.0,0.0,0.0,OK,2026-05-09 10:16:49
2026-05-09 10:16:51,PD_SENSOR,0.0,0.0,0.0,OK,2026-05-09 10:16:51
