Timestamp,PointId,PredictedValue,Status
2026-05-06 17:07:06,P1,37.960880279541016,OK
2026-05-06 17:07:06,P2,38.116607666015625,OK
2026-05-06 17:07:06,P3,38.46408081054688,OK
2026-05-06 17:07:06,P4,38.26259613037109,OK
2026-05-06 17:07:06,P5,34.01660919189453,OK
2026-05-06 17:07:06,P6,38.38669967651367,OK
2026-05-06 17:07:12,ID:1,37.960880279541016,OK
2026-05-06 17:07:12,ID:2,38.116607666015625,OK
2026-05-06 17:07:12,ID:3,38.46408081054688,OK
2026-05-06 17:07:12,ID:4,38.26259613037109,OK
2026-05-06 17:07:12,ID:5,34.01660919189453,OK
2026-05-06 17:07:12,ID:6,38.38669967651367,OK
2026-05-06 17:08:49,P1,37.960880279541016,OK
2026-05-06 17:08:49,P2,38.116607666015625,OK
2026-05-06 17:08:49,P3,38.46408081054688,OK
2026-05-06 17:08:49,P4,38.26259613037109,OK
2026-05-06 17:08:49,P5,34.01660919189453,OK
2026-05-06 17:08:49,P6,38.38669967651367,OK
2026-05-06 17:09:29,ID:1,37.960880279541016,OK
2026-05-06 17:09:29,ID:2,38.116607666015625,OK
2026-05-06 17:09:29,ID:3,38.46408081054688,OK
2026-05-06 17:09:29,ID:4,38.26259613037109,OK
2026-05-06 17:09:29,ID:5,34.01660919189453,OK
2026-05-06 17:09:29,ID:6,38.38669967651367,OK
2026-05-06 17:10:20,ID:1,37.960880279541016,OK
2026-05-06 17:10:20,ID:2,38.116607666015625,OK
2026-05-06 17:10:20,ID:3,38.46408081054688,OK
2026-05-06 17:10:20,ID:4,38.26259613037109,OK
2026-05-06 17:10:20,ID:5,34.01660919189453,OK
2026-05-06 17:10:20,ID:6,38.38669967651367,OK
2026-05-06 17:12:07,P1,37.69908905029297,OK
2026-05-06 17:12:07,P2,37.81683349609375,OK
2026-05-06 17:12:07,P3,38.2374267578125,OK
2026-05-06 17:12:07,P4,38.21798706054688,OK
2026-05-06 17:12:07,P5,33.77033233642578,OK
2026-05-06 17:12:07,P6,38.25612258911133,OK
2026-05-06 17:12:12,ID:1,37.69908905029297,OK
2026-05-06 17:12:12,ID:2,37.81683349609375,OK
2026-05-06 17:12:12,ID:3,38.2374267578125,OK
2026-05-06 17:12:12,ID:4,38.21798706054688,OK
2026-05-06 17:12:12,ID:5,33.77033233642578,OK
2026-05-06 17:12:12,ID:6,38.25612258911133,OK
2026-05-06 17:13:49,P1,37.69908905029297,OK
2026-05-06 17:13:49,P2,37.81683349609375,OK
2026-05-06 17:13:49,P3,38.2374267578125,OK
2026-05-06 17:13:49,P4,38.21798706054688,OK
2026-05-06 17:13:49,P5,33.77033233642578,OK
2026-05-06 17:13:49,P6,38.25612258911133,OK
2026-05-06 17:14:29,ID:1,37.69908905029297,OK
2026-05-06 17:14:29,ID:2,37.81683349609375,OK
2026-05-06 17:14:29,ID:3,38.2374267578125,OK
2026-05-06 17:14:29,ID:4,38.21798706054688,OK
2026-05-06 17:14:29,ID:5,33.77033233642578,OK
2026-05-06 17:14:29,ID:6,38.25612258911133,OK
2026-05-06 17:15:20,ID:1,37.69908905029297,OK
2026-05-06 17:15:20,ID:2,37.81683349609375,OK
2026-05-06 17:15:20,ID:3,38.2374267578125,OK
2026-05-06 17:15:20,ID:4,38.21798706054688,OK
2026-05-06 17:15:20,ID:5,33.77033233642578,OK
2026-05-06 17:15:20,ID:6,38.25612258911133,OK
2026-05-06 17:17:07,P1,38.25400161743164,OK
2026-05-06 17:17:07,P2,38.45370101928711,OK
2026-05-06 17:17:07,P3,38.67797088623047,OK
2026-05-06 17:17:07,P4,38.478004455566406,OK
2026-05-06 17:17:07,P5,34.29240036010742,OK
2026-05-06 17:17:07,P6,38.609619140625,OK
2026-05-06 17:17:12,ID:1,38.25400161743164,OK
2026-05-06 17:17:12,ID:2,38.45370101928711,OK
2026-05-06 17:17:12,ID:3,38.67797088623047,OK
2026-05-06 17:17:12,ID:4,38.478004455566406,OK
2026-05-06 17:17:12,ID:5,34.29240036010742,OK
2026-05-06 17:17:12,ID:6,38.609619140625,OK
2026-05-06 17:18:50,P1,38.25400161743164,OK
2026-05-06 17:18:50,P2,38.45370101928711,OK
2026-05-06 17:18:50,P3,38.67797088623047,OK
2026-05-06 17:18:50,P4,38.478004455566406,OK
2026-05-06 17:18:50,P5,34.29240036010742,OK
2026-05-06 17:18:50,P6,38.609619140625,OK
2026-05-06 17:19:29,ID:1,38.25400161743164,OK
2026-05-06 17:19:29,ID:2,38.45370101928711,OK
2026-05-06 17:19:29,ID:3,38.67797088623047,OK
2026-05-06 17:19:29,ID:4,38.478004455566406,OK
2026-05-06 17:19:29,ID:5,34.29240036010742,OK
2026-05-06 17:19:29,ID:6,38.609619140625,OK
2026-05-06 17:20:21,ID:1,38.25400161743164,OK
2026-05-06 17:20:21,ID:2,38.45370101928711,OK
2026-05-06 17:20:21,ID:3,38.67797088623047,OK
2026-05-06 17:20:21,ID:4,38.478004455566406,OK
2026-05-06 17:20:21,ID:5,34.29240036010742,OK
2026-05-06 17:20:21,ID:6,38.609619140625,OK
2026-05-06 17:22:08,P1,37.6212043762207,OK
2026-05-06 17:22:08,P2,37.64736175537109,OK
2026-05-06 17:22:08,P3,38.17979049682617,OK
2026-05-06 17:22:08,P4,38.148624420166016,OK
2026-05-06 17:22:08,P5,33.686004638671875,OK
2026-05-06 17:22:08,P6,38.18380355834961,OK
2026-05-06 17:22:08,P1,37.6212043762207,OK
2026-05-06 17:22:08,P2,37.64736175537109,OK
2026-05-06 17:22:08,P3,38.17979049682617,OK
2026-05-06 17:22:08,P4,38.148624420166016,OK
2026-05-06 17:22:08,P5,33.686004638671875,OK
2026-05-06 17:22:08,P6,38.18380355834961,OK
2026-05-06 17:22:13,ID:1,37.6212043762207,OK
2026-05-06 17:22:13,ID:2,37.64736175537109,OK
2026-05-06 17:22:13,ID:3,38.17979049682617,OK
2026-05-06 17:22:13,ID:4,38.148624420166016,OK
2026-05-06 17:22:13,ID:5,33.686004638671875,OK
2026-05-06 17:22:13,ID:6,38.18380355834961,OK
2026-05-06 17:23:50,P1,37.6212043762207,OK
2026-05-06 17:23:50,P2,37.64736175537109,OK
2026-05-06 17:23:50,P3,38.17979049682617,OK
2026-05-06 17:23:50,P4,38.148624420166016,OK
2026-05-06 17:23:50,P5,33.686004638671875,OK
2026-05-06 17:23:50,P6,38.18380355834961,OK
2026-05-06 17:24:29,ID:1,37.6212043762207,OK
2026-05-06 17:24:29,ID:2,37.64736175537109,OK
2026-05-06 17:24:29,ID:3,38.17979049682617,OK
2026-05-06 17:24:29,ID:4,38.148624420166016,OK
2026-05-06 17:24:29,ID:5,33.686004638671875,OK
2026-05-06 17:24:29,ID:6,38.18380355834961,OK
2026-05-06 17:25:21,ID:1,37.6212043762207,OK
2026-05-06 17:25:21,ID:2,37.64736175537109,OK
2026-05-06 17:25:21,ID:3,38.17979049682617,OK
2026-05-06 17:25:21,ID:4,38.148624420166016,OK
2026-05-06 17:25:21,ID:5,33.686004638671875,OK
2026-05-06 17:25:21,ID:6,38.18380355834961,OK
2026-05-06 17:27:13,P1,37.69607925415039,OK
2026-05-06 17:27:13,P2,37.84782409667969,OK
2026-05-06 17:27:13,P3,38.19293594360352,OK
2026-05-06 17:27:13,P4,38.10749435424805,OK
2026-05-06 17:27:13,P5,33.77480697631836,OK
2026-05-06 17:27:13,P6,38.20205307006836,OK
2026-05-06 17:27:13,ID:1,37.69607925415039,OK
2026-05-06 17:27:13,P1,37.69607925415039,OK
2026-05-06 17:27:13,ID:2,37.84782409667969,OK
2026-05-06 17:27:13,P2,37.84782409667969,OK
2026-05-06 17:27:13,ID:3,38.19293594360352,OK
2026-05-06 17:27:13,P3,38.19293594360352,OK
2026-05-06 17:27:13,ID:4,38.10749435424805,OK
2026-05-06 17:27:13,P4,38.10749435424805,OK
2026-05-06 17:27:13,ID:5,33.77480697631836,OK
2026-05-06 17:27:13,P5,33.77480697631836,OK
2026-05-06 17:27:13,ID:6,38.20205307006836,OK
2026-05-06 17:27:13,P6,38.20205307006836,OK
2026-05-06 17:28:50,P1,37.69607925415039,OK
2026-05-06 17:28:50,P2,37.84782409667969,OK
2026-05-06 17:28:50,P3,38.19293594360352,OK
2026-05-06 17:28:50,P4,38.10749435424805,OK
2026-05-06 17:28:50,P5,33.77480697631836,OK
2026-05-06 17:28:50,P6,38.20205307006836,OK
2026-05-06 17:29:30,ID:1,37.69607925415039,OK
2026-05-06 17:29:30,ID:2,37.84782409667969,OK
2026-05-06 17:29:30,ID:3,38.19293594360352,OK
2026-05-06 17:29:30,ID:4,38.10749435424805,OK
2026-05-06 17:29:30,ID:5,33.77480697631836,OK
2026-05-06 17:29:30,ID:6,38.20205307006836,OK
2026-05-06 17:30:21,ID:1,37.69607925415039,OK
2026-05-06 17:30:21,ID:2,37.84782409667969,OK
2026-05-06 17:30:21,ID:3,38.19293594360352,OK
2026-05-06 17:30:21,ID:4,38.10749435424805,OK
2026-05-06 17:30:21,ID:5,33.77480697631836,OK
2026-05-06 17:30:21,ID:6,38.20205307006836,OK
2026-05-06 17:32:19,ID:1,37.75579452514648,OK
2026-05-06 17:32:19,ID:2,37.86959457397461,OK
2026-05-06 17:32:19,ID:3,38.25323486328125,OK
2026-05-06 17:32:19,ID:4,38.18172073364258,OK
2026-05-06 17:32:19,ID:5,33.82584762573242,OK
2026-05-06 17:32:19,ID:6,38.25690460205078,OK
2026-05-06 17:32:19,ID:1,37.75579452514648,OK
2026-05-06 17:32:19,ID:2,37.86959457397461,OK
2026-05-06 17:32:19,ID:3,38.25323486328125,OK
2026-05-06 17:32:19,ID:4,38.18172073364258,OK
2026-05-06 17:32:19,ID:5,33.82584762573242,OK
2026-05-06 17:32:19,ID:6,38.25690460205078,OK
2026-05-06 17:32:19,P1,37.75579452514648,OK
2026-05-06 17:32:19,P1,37.75579452514648,OK
2026-05-06 17:32:19,P2,37.86959457397461,OK
2026-05-06 17:32:19,P2,37.86959457397461,OK
2026-05-06 17:32:19,P3,38.25323486328125,OK
2026-05-06 17:32:19,P3,38.25323486328125,OK
2026-05-06 17:32:19,P4,38.18172073364258,OK
2026-05-06 17:32:19,P4,38.18172073364258,OK
2026-05-06 17:32:19,P5,33.82584762573242,OK
2026-05-06 17:32:19,P5,33.82584762573242,OK
2026-05-06 17:32:19,P6,38.25690460205078,OK
2026-05-06 17:32:19,P6,38.25690460205078,OK
2026-05-06 17:33:51,P1,37.75579452514648,OK
2026-05-06 17:33:51,P2,37.86959457397461,OK
2026-05-06 17:33:51,P3,38.25323486328125,OK
2026-05-06 17:33:51,P4,38.18172073364258,OK
2026-05-06 17:33:51,P5,33.82584762573242,OK
2026-05-06 17:33:51,P6,38.25690460205078,OK
2026-05-06 17:34:30,ID:1,37.75579452514648,OK
2026-05-06 17:34:30,ID:2,37.86959457397461,OK
2026-05-06 17:34:30,ID:3,38.25323486328125,OK
2026-05-06 17:34:30,ID:4,38.18172073364258,OK
2026-05-06 17:34:30,ID:5,33.82584762573242,OK
2026-05-06 17:34:30,ID:6,38.25690460205078,OK
2026-05-06 17:35:22,ID:1,37.75579452514648,OK
2026-05-06 17:35:22,ID:2,37.86959457397461,OK
2026-05-06 17:35:22,ID:3,38.25323486328125,OK
2026-05-06 17:35:22,ID:4,38.18172073364258,OK
2026-05-06 17:35:22,ID:5,33.82584762573242,OK
2026-05-06 17:35:22,ID:6,38.25690460205078,OK
2026-05-06 17:37:24,ID:1,37.92440032958984,OK
2026-05-06 17:37:24,ID:2,38.10823822021485,OK
2026-05-06 17:37:24,ID:3,38.38252639770508,OK
2026-05-06 17:37:24,ID:4,38.2373046875,OK
2026-05-06 17:37:24,ID:5,34.01814651489258,OK
2026-05-06 17:37:24,ID:6,38.402828216552734,OK
2026-05-06 17:37:24,P1,37.92440032958984,OK
2026-05-06 17:37:24,ID:1,37.92440032958984,OK
2026-05-06 17:37:24,P2,38.10823822021485,OK
2026-05-06 17:37:24,ID:2,38.10823822021485,OK
2026-05-06 17:37:24,P3,38.38252639770508,OK
2026-05-06 17:37:24,P4,38.2373046875,OK
2026-05-06 17:37:24,ID:3,38.38252639770508,OK
2026-05-06 17:37:24,P5,34.01814651489258,OK
2026-05-06 17:37:24,P6,38.402828216552734,OK
2026-05-06 17:37:24,ID:4,38.2373046875,OK
2026-05-06 17:37:24,ID:5,34.01814651489258,OK
2026-05-06 17:37:24,ID:6,38.402828216552734,OK
2026-05-06 17:37:24,P1,37.92440032958984,OK
2026-05-06 17:37:24,P2,38.10823822021485,OK
2026-05-06 17:37:24,P3,38.38252639770508,OK
2026-05-06 17:37:24,P4,38.2373046875,OK
2026-05-06 17:37:24,P5,34.01814651489258,OK
2026-05-06 17:37:24,P6,38.402828216552734,OK
2026-05-06 17:38:51,P1,37.92440032958984,OK
2026-05-06 17:38:51,P2,38.10823822021485,OK
2026-05-06 17:38:51,P3,38.38252639770508,OK
2026-05-06 17:38:51,P4,38.2373046875,OK
2026-05-06 17:38:51,P5,34.01814651489258,OK
2026-05-06 17:38:51,P6,38.402828216552734,OK
2026-05-06 17:39:30,ID:1,37.92440032958984,OK
2026-05-06 17:39:30,ID:2,38.10823822021485,OK
2026-05-06 17:39:30,ID:3,38.38252639770508,OK
2026-05-06 17:39:30,ID:4,38.2373046875,OK
2026-05-06 17:39:30,ID:5,34.01814651489258,OK
2026-05-06 17:39:30,ID:6,38.402828216552734,OK
2026-05-06 17:40:22,ID:1,37.92440032958984,OK
2026-05-06 17:40:22,ID:2,38.10823822021485,OK
2026-05-06 17:40:22,ID:3,38.38252639770508,OK
2026-05-06 17:40:22,ID:4,38.2373046875,OK
2026-05-06 17:40:22,ID:5,34.01814651489258,OK
2026-05-06 17:40:22,ID:6,38.402828216552734,OK
2026-05-06 17:42:29,ID:1,37.625282287597656,OK
2026-05-06 17:42:29,ID:2,37.6308822631836,OK
2026-05-06 17:42:29,ID:3,38.17091369628906,OK
2026-05-06 17:42:29,ID:4,38.17748260498047,OK
2026-05-06 17:42:29,ID:5,33.69780349731445,OK
2026-05-06 17:42:29,ID:6,38.18656539916992,OK
2026-05-06 17:42:29,P1,37.625282287597656,OK
2026-05-06 17:42:29,P2,37.6308822631836,OK
2026-05-06 17:42:29,P3,38.17091369628906,OK
2026-05-06 17:42:29,ID:1,37.625282287597656,OK
2026-05-06 17:42:29,P4,38.17748260498047,OK
2026-05-06 17:42:29,P5,33.69780349731445,OK
2026-05-06 17:42:29,ID:2,37.6308822631836,OK
2026-05-06 17:42:29,P6,38.18656539916992,OK
2026-05-06 17:42:29,ID:3,38.17091369628906,OK
2026-05-06 17:42:29,ID:4,38.17748260498047,OK
2026-05-06 17:42:29,ID:5,33.69780349731445,OK
2026-05-06 17:42:29,ID:6,38.18656539916992,OK
2026-05-06 17:42:29,P1,37.625282287597656,OK
2026-05-06 17:42:29,P2,37.6308822631836,OK
2026-05-06 17:42:29,P3,38.17091369628906,OK
2026-05-06 17:42:29,P4,38.17748260498047,OK
2026-05-06 17:42:29,P5,33.69780349731445,OK
2026-05-06 17:42:29,P6,38.18656539916992,OK
2026-05-06 17:43:51,P1,37.625282287597656,OK
2026-05-06 17:43:51,P2,37.6308822631836,OK
2026-05-06 17:43:51,P3,38.17091369628906,OK
2026-05-06 17:43:51,P4,38.17748260498047,OK
2026-05-06 17:43:51,P5,33.69780349731445,OK
2026-05-06 17:43:51,P6,38.18656539916992,OK
2026-05-06 17:44:31,ID:1,37.625282287597656,OK
2026-05-06 17:44:31,ID:2,37.6308822631836,OK
2026-05-06 17:44:31,ID:3,38.17091369628906,OK
2026-05-06 17:44:31,ID:4,38.17748260498047,OK
2026-05-06 17:44:31,ID:5,33.69780349731445,OK
2026-05-06 17:44:31,ID:6,38.18656539916992,OK
2026-05-06 17:45:22,ID:1,37.625282287597656,OK
2026-05-06 17:45:22,ID:2,37.6308822631836,OK
2026-05-06 17:45:22,ID:3,38.17091369628906,OK
2026-05-06 17:45:22,ID:4,38.17748260498047,OK
2026-05-06 17:45:22,ID:5,33.69780349731445,OK
2026-05-06 17:45:22,ID:6,38.18656539916992,OK
2026-05-06 17:47:34,ID:1,37.70353698730469,OK
2026-05-06 17:47:34,ID:2,37.81572723388672,OK
2026-05-06 17:47:34,ID:3,38.21485137939453,OK
2026-05-06 17:47:34,ID:4,38.16477966308594,OK
2026-05-06 17:47:34,ID:5,33.79240417480469,OK
2026-05-06 17:47:34,ID:6,38.23531723022461,OK
2026-05-06 17:47:34,P1,37.70353698730469,OK
2026-05-06 17:47:34,P2,37.81572723388672,OK
2026-05-06 17:47:34,P3,38.21485137939453,OK
2026-05-06 17:47:34,P4,38.16477966308594,OK
2026-05-06 17:47:34,P5,33.79240417480469,OK
2026-05-06 17:47:34,P6,38.23531723022461,OK
2026-05-06 17:47:34,P1,37.70353698730469,OK
2026-05-06 17:47:34,P2,37.81572723388672,OK
2026-05-06 17:47:34,P3,38.21485137939453,OK
2026-05-06 17:47:34,P4,38.16477966308594,OK
2026-05-06 17:47:34,P5,33.79240417480469,OK
2026-05-06 17:47:34,P6,38.23531723022461,OK
2026-05-06 17:47:34,ID:1,37.70353698730469,OK
2026-05-06 17:47:34,ID:2,37.81572723388672,OK
2026-05-06 17:47:34,ID:3,38.21485137939453,OK
2026-05-06 17:47:34,ID:4,38.16477966308594,OK
2026-05-06 17:47:34,ID:5,33.79240417480469,OK
2026-05-06 17:47:34,ID:6,38.23531723022461,OK
2026-05-06 17:48:52,P1,37.70353698730469,OK
2026-05-06 17:48:52,P2,37.81572723388672,OK
2026-05-06 17:48:52,P3,38.21485137939453,OK
2026-05-06 17:48:52,P4,38.16477966308594,OK
2026-05-06 17:48:52,P5,33.79240417480469,OK
2026-05-06 17:48:52,P6,38.23531723022461,OK
2026-05-06 17:49:31,ID:1,37.70353698730469,OK
2026-05-06 17:49:31,ID:2,37.81572723388672,OK
2026-05-06 17:49:31,ID:3,38.21485137939453,OK
2026-05-06 17:49:31,ID:4,38.16477966308594,OK
2026-05-06 17:49:31,ID:5,33.79240417480469,OK
2026-05-06 17:49:31,ID:6,38.23531723022461,OK
2026-05-06 17:50:23,ID:1,37.70353698730469,OK
2026-05-06 17:50:23,ID:2,37.81572723388672,OK
2026-05-06 17:50:23,ID:3,38.21485137939453,OK
2026-05-06 17:50:23,ID:4,38.16477966308594,OK
2026-05-06 17:50:23,ID:5,33.79240417480469,OK
2026-05-06 17:50:23,ID:6,38.23531723022461,OK
2026-05-06 17:52:39,P1,37.81008529663086,OK
2026-05-06 17:52:39,P2,37.78188705444336,OK
2026-05-06 17:52:39,P3,38.37114334106445,OK
2026-05-06 17:52:39,P4,38.27760696411133,OK
2026-05-06 17:52:39,P5,33.84311294555664,OK
2026-05-06 17:52:39,P6,38.276214599609375,OK
2026-05-06 17:52:39,ID:1,37.81008529663086,OK
2026-05-06 17:52:39,ID:2,37.78188705444336,OK
2026-05-06 17:52:39,ID:3,38.37114334106445,OK
2026-05-06 17:52:39,ID:4,38.27760696411133,OK
2026-05-06 17:52:39,ID:5,33.84311294555664,OK
2026-05-06 17:52:39,ID:6,38.276214599609375,OK
2026-05-06 17:52:39,P1,37.81008529663086,OK
2026-05-06 17:52:39,P2,37.78188705444336,OK
2026-05-06 17:52:39,P3,38.37114334106445,OK
2026-05-06 17:52:39,P4,38.27760696411133,OK
2026-05-06 17:52:39,P5,33.84311294555664,OK
2026-05-06 17:52:39,P6,38.276214599609375,OK
2026-05-06 17:52:39,P1,37.81008529663086,OK
2026-05-06 17:52:39,P2,37.78188705444336,OK
2026-05-06 17:52:39,P3,38.37114334106445,OK
2026-05-06 17:52:39,P4,38.27760696411133,OK
2026-05-06 17:52:39,P5,33.84311294555664,OK
2026-05-06 17:52:39,P6,38.276214599609375,OK
2026-05-06 17:52:39,ID:1,37.81008529663086,OK
2026-05-06 17:52:39,ID:2,37.78188705444336,OK
2026-05-06 17:52:39,ID:3,38.37114334106445,OK
2026-05-06 17:52:39,ID:4,38.27760696411133,OK
2026-05-06 17:52:39,ID:5,33.84311294555664,OK
2026-05-06 17:52:39,ID:6,38.276214599609375,OK
2026-05-06 17:53:52,P1,37.81008529663086,OK
2026-05-06 17:53:52,P2,37.78188705444336,OK
2026-05-06 17:53:52,P3,38.37114334106445,OK
2026-05-06 17:53:52,P4,38.27760696411133,OK
2026-05-06 17:53:52,P5,33.84311294555664,OK
2026-05-06 17:53:52,P6,38.276214599609375,OK
2026-05-06 17:54:31,ID:1,37.81008529663086,OK
2026-05-06 17:54:31,ID:2,37.78188705444336,OK
2026-05-06 17:54:31,ID:3,38.37114334106445,OK
2026-05-06 17:54:31,ID:4,38.27760696411133,OK
2026-05-06 17:54:31,ID:5,33.84311294555664,OK
2026-05-06 17:54:31,ID:6,38.276214599609375,OK
2026-05-06 17:55:23,ID:1,37.81008529663086,OK
2026-05-06 17:55:23,ID:2,37.78188705444336,OK
2026-05-06 17:55:23,ID:3,38.37114334106445,OK
2026-05-06 17:55:23,ID:4,38.27760696411133,OK
2026-05-06 17:55:23,ID:5,33.84311294555664,OK
2026-05-06 17:55:23,ID:6,38.276214599609375,OK
2026-05-06 17:57:44,P1,37.34030151367188,OK
2026-05-06 17:57:44,P2,37.46665191650391,OK
2026-05-06 17:57:44,P3,37.9379768371582,OK
2026-05-06 17:57:44,P4,37.9395751953125,OK
2026-05-06 17:57:44,P5,33.43996810913086,OK
2026-05-06 17:57:44,P6,38.01139450073242,OK
2026-05-06 17:57:44,P1,37.34030151367188,OK
2026-05-06 17:57:44,P2,37.46665191650391,OK
2026-05-06 17:57:44,P3,37.9379768371582,OK
2026-05-06 17:57:44,P1,37.34030151367188,OK
2026-05-06 17:57:44,P4,37.9395751953125,OK
2026-05-06 17:57:44,P2,37.46665191650391,OK
2026-05-06 17:57:44,P5,33.43996810913086,OK
2026-05-06 17:57:44,ID:1,37.34030151367188,OK
2026-05-06 17:57:44,ID:1,37.34030151367188,OK
2026-05-06 17:57:44,P6,38.01139450073242,OK
2026-05-06 17:57:44,P3,37.9379768371582,OK
2026-05-06 17:57:44,ID:2,37.46665191650391,OK
2026-05-06 17:57:44,P4,37.9395751953125,OK
2026-05-06 17:57:44,ID:2,37.46665191650391,OK
2026-05-06 17:57:44,ID:3,37.9379768371582,OK
2026-05-06 17:57:44,P5,33.43996810913086,OK
2026-05-06 17:57:44,P6,38.01139450073242,OK
2026-05-06 17:57:44,ID:4,37.9395751953125,OK
2026-05-06 17:57:44,ID:3,37.9379768371582,OK
2026-05-06 17:57:44,ID:5,33.43996810913086,OK
2026-05-06 17:57:44,ID:4,37.9395751953125,OK
2026-05-06 17:57:44,ID:6,38.01139450073242,OK
2026-05-06 17:57:44,ID:5,33.43996810913086,OK
2026-05-06 17:57:44,ID:6,38.01139450073242,OK
2026-05-06 17:58:53,P1,37.34030151367188,OK
2026-05-06 17:58:53,P2,37.46665191650391,OK
2026-05-06 17:58:53,P3,37.9379768371582,OK
2026-05-06 17:58:53,P4,37.9395751953125,OK
2026-05-06 17:58:53,P5,33.43996810913086,OK
2026-05-06 17:58:53,P6,38.01139450073242,OK
2026-05-06 17:59:31,ID:1,37.34030151367188,OK
2026-05-06 17:59:31,ID:2,37.46665191650391,OK
2026-05-06 17:59:31,ID:3,37.9379768371582,OK
2026-05-06 17:59:31,ID:4,37.9395751953125,OK
2026-05-06 17:59:31,ID:5,33.43996810913086,OK
2026-05-06 17:59:31,ID:6,38.01139450073242,OK
2026-05-06 18:00:23,ID:1,37.34030151367188,OK
2026-05-06 18:00:23,ID:2,37.46665191650391,OK
2026-05-06 18:00:23,ID:3,37.9379768371582,OK
2026-05-06 18:00:23,ID:4,37.9395751953125,OK
2026-05-06 18:00:23,ID:5,33.43996810913086,OK
2026-05-06 18:00:23,ID:6,38.01139450073242,OK
2026-05-06 18:02:50,P1,38.07032775878906,OK
2026-05-06 18:02:50,P2,38.278133392333984,OK
2026-05-06 18:02:50,P3,38.55263137817383,OK
2026-05-06 18:02:50,P4,38.32175064086914,OK
2026-05-06 18:02:50,P5,34.11177444458008,OK
2026-05-06 18:02:50,P6,38.459232330322266,OK
2026-05-06 18:02:50,ID:1,38.07032775878906,OK
2026-05-06 18:02:50,ID:2,38.278133392333984,OK
2026-05-06 18:02:50,ID:3,38.55263137817383,OK
2026-05-06 18:02:50,ID:4,38.32175064086914,OK
2026-05-06 18:02:50,ID:5,34.11177444458008,OK
2026-05-06 18:02:50,ID:6,38.459232330322266,OK
2026-05-06 18:02:50,ID:1,38.07032775878906,OK
2026-05-06 18:02:50,ID:2,38.278133392333984,OK
2026-05-06 18:02:50,ID:3,38.55263137817383,OK
2026-05-06 18:02:50,P1,38.07032775878906,OK
2026-05-06 18:02:50,ID:4,38.32175064086914,OK
2026-05-06 18:02:50,ID:5,34.11177444458008,OK
2026-05-06 18:02:50,P2,38.278133392333984,OK
2026-05-06 18:02:50,ID:6,38.459232330322266,OK
2026-05-06 18:02:50,P3,38.55263137817383,OK
2026-05-06 18:02:50,P4,38.32175064086914,OK
2026-05-06 18:02:50,P5,34.11177444458008,OK
2026-05-06 18:02:50,P6,38.459232330322266,OK
2026-05-06 18:02:50,P1,38.07032775878906,OK
2026-05-06 18:02:50,P2,38.278133392333984,OK
2026-05-06 18:02:50,P3,38.55263137817383,OK
2026-05-06 18:02:50,P4,38.32175064086914,OK
2026-05-06 18:02:50,P5,34.11177444458008,OK
2026-05-06 18:02:50,P6,38.459232330322266,OK
2026-05-06 18:03:54,P1,38.07032775878906,OK
2026-05-06 18:03:54,P2,38.278133392333984,OK
2026-05-06 18:03:54,P3,38.55263137817383,OK
2026-05-06 18:03:54,P4,38.32175064086914,OK
2026-05-06 18:03:54,P5,34.11177444458008,OK
2026-05-06 18:03:54,P6,38.459232330322266,OK
2026-05-06 18:04:32,ID:1,38.07032775878906,OK
2026-05-06 18:04:32,ID:2,38.278133392333984,OK
2026-05-06 18:04:32,ID:3,38.55263137817383,OK
2026-05-06 18:04:32,ID:4,38.32175064086914,OK
2026-05-06 18:04:32,ID:5,34.11177444458008,OK
2026-05-06 18:04:32,ID:6,38.459232330322266,OK
2026-05-06 18:05:23,ID:1,38.07032775878906,OK
2026-05-06 18:05:23,ID:2,38.278133392333984,OK
2026-05-06 18:05:23,ID:3,38.55263137817383,OK
2026-05-06 18:05:23,ID:4,38.32175064086914,OK
2026-05-06 18:05:23,ID:5,34.11177444458008,OK
2026-05-06 18:05:23,ID:6,38.459232330322266,OK
2026-05-06 18:07:55,P1,37.489479064941406,OK
2026-05-06 18:07:55,P2,37.67111587524414,OK
2026-05-06 18:07:55,P3,38.03525161743164,OK
2026-05-06 18:07:55,P4,37.96738052368164,OK
2026-05-06 18:07:55,P5,33.60946273803711,OK
2026-05-06 18:07:55,P6,38.090431213378906,OK
2026-05-06 18:07:55,ID:1,37.489479064941406,OK
2026-05-06 18:07:55,ID:2,37.67111587524414,OK
2026-05-06 18:07:55,ID:3,38.03525161743164,OK
2026-05-06 18:07:55,ID:4,37.96738052368164,OK
2026-05-06 18:07:55,ID:5,33.60946273803711,OK
2026-05-06 18:07:55,ID:6,38.090431213378906,OK
2026-05-06 18:07:55,P1,37.489479064941406,OK
2026-05-06 18:07:55,ID:1,37.489479064941406,OK
2026-05-06 18:07:55,P2,37.67111587524414,OK
2026-05-06 18:07:55,P3,38.03525161743164,OK
2026-05-06 18:07:55,P1,37.489479064941406,OK
2026-05-06 18:07:55,ID:2,37.67111587524414,OK
2026-05-06 18:07:55,P4,37.96738052368164,OK
2026-05-06 18:07:55,P5,33.60946273803711,OK
2026-05-06 18:07:55,P2,37.67111587524414,OK
2026-05-06 18:07:55,ID:3,38.03525161743164,OK
2026-05-06 18:07:55,P6,38.090431213378906,OK
2026-05-06 18:07:55,ID:4,37.96738052368164,OK
2026-05-06 18:07:55,P3,38.03525161743164,OK
2026-05-06 18:07:55,P4,37.96738052368164,OK
2026-05-06 18:07:55,ID:5,33.60946273803711,OK
2026-05-06 18:07:55,P5,33.60946273803711,OK
2026-05-06 18:07:55,ID:6,38.090431213378906,OK
2026-05-06 18:07:55,P6,38.090431213378906,OK
2026-05-06 18:08:54,P1,37.489479064941406,OK
2026-05-06 18:08:54,P2,37.67111587524414,OK
2026-05-06 18:08:54,P3,38.03525161743164,OK
2026-05-06 18:08:54,P4,37.96738052368164,OK
2026-05-06 18:08:54,P5,33.60946273803711,OK
2026-05-06 18:08:54,P6,38.090431213378906,OK
2026-05-06 18:09:32,ID:1,37.489479064941406,OK
2026-05-06 18:09:32,ID:2,37.67111587524414,OK
2026-05-06 18:09:32,ID:3,38.03525161743164,OK
2026-05-06 18:09:32,ID:4,37.96738052368164,OK
2026-05-06 18:09:32,ID:5,33.60946273803711,OK
2026-05-06 18:09:32,ID:6,38.090431213378906,OK
2026-05-06 18:10:23,ID:1,37.489479064941406,OK
2026-05-06 18:10:23,ID:2,37.67111587524414,OK
2026-05-06 18:10:23,ID:3,38.03525161743164,OK
2026-05-06 18:10:23,ID:4,37.96738052368164,OK
2026-05-06 18:10:23,ID:5,33.60946273803711,OK
2026-05-06 18:10:23,ID:6,38.090431213378906,OK
2026-05-06 18:13:00,P1,37.684349060058594,OK
2026-05-06 18:13:00,P2,37.86523818969727,OK
2026-05-06 18:13:00,P3,38.2076416015625,OK
2026-05-06 18:13:00,P4,38.10936737060547,OK
2026-05-06 18:13:00,P5,33.791603088378906,OK
2026-05-06 18:13:00,P6,38.23093032836914,OK
2026-05-06 18:13:00,P1,37.684349060058594,OK
2026-05-06 18:13:00,ID:1,37.684349060058594,OK
2026-05-06 18:13:00,P1,37.684349060058594,OK
2026-05-06 18:13:00,P2,37.86523818969727,OK
2026-05-06 18:13:00,ID:2,37.86523818969727,OK
2026-05-06 18:13:00,ID:1,37.684349060058594,OK
2026-05-06 18:13:00,P2,37.86523818969727,OK
2026-05-06 18:13:00,P3,38.2076416015625,OK
2026-05-06 18:13:00,ID:3,38.2076416015625,OK
2026-05-06 18:13:00,P3,38.2076416015625,OK
2026-05-06 18:13:00,ID:2,37.86523818969727,OK
2026-05-06 18:13:00,P4,38.10936737060547,OK
2026-05-06 18:13:00,ID:4,38.10936737060547,OK
2026-05-06 18:13:00,P4,38.10936737060547,OK
2026-05-06 18:13:00,P5,33.791603088378906,OK
2026-05-06 18:13:00,ID:3,38.2076416015625,OK
2026-05-06 18:13:00,ID:5,33.791603088378906,OK
2026-05-06 18:13:00,P5,33.791603088378906,OK
2026-05-06 18:13:00,P6,38.23093032836914,OK
2026-05-06 18:13:00,ID:4,38.10936737060547,OK
2026-05-06 18:13:00,ID:6,38.23093032836914,OK
2026-05-06 18:13:00,P6,38.23093032836914,OK
2026-05-06 18:13:00,ID:5,33.791603088378906,OK
2026-05-06 18:13:00,ID:6,38.23093032836914,OK
2026-05-06 18:13:54,P1,37.684349060058594,OK
2026-05-06 18:13:54,P2,37.86523818969727,OK
2026-05-06 18:13:54,P3,38.2076416015625,OK
2026-05-06 18:13:54,P4,38.10936737060547,OK
2026-05-06 18:13:54,P5,33.791603088378906,OK
2026-05-06 18:13:54,P6,38.23093032836914,OK
2026-05-06 18:14:32,ID:1,37.684349060058594,OK
2026-05-06 18:14:32,ID:2,37.86523818969727,OK
2026-05-06 18:14:32,ID:3,38.2076416015625,OK
2026-05-06 18:14:32,ID:4,38.10936737060547,OK
2026-05-06 18:14:32,ID:5,33.791603088378906,OK
2026-05-06 18:14:32,ID:6,38.23093032836914,OK
2026-05-06 18:15:24,ID:1,37.684349060058594,OK
2026-05-06 18:15:24,ID:2,37.86523818969727,OK
2026-05-06 18:15:24,ID:3,38.2076416015625,OK
2026-05-06 18:15:24,ID:4,38.10936737060547,OK
2026-05-06 18:15:24,ID:5,33.791603088378906,OK
2026-05-06 18:15:24,ID:6,38.23093032836914,OK
2026-05-06 18:18:05,P1,37.88333511352539,OK
2026-05-06 18:18:05,P2,38.13498306274414,OK
2026-05-06 18:18:05,P3,38.37154006958008,OK
2026-05-06 18:18:05,P1,37.88333511352539,OK
2026-05-06 18:18:05,ID:1,37.88333511352539,OK
2026-05-06 18:18:05,P2,38.13498306274414,OK
2026-05-06 18:18:05,P4,38.1989631652832,OK
2026-05-06 18:18:05,P3,38.37154006958008,OK
2026-05-06 18:18:05,ID:2,38.13498306274414,OK
2026-05-06 18:18:05,P5,33.992897033691406,OK
2026-05-06 18:18:05,P4,38.1989631652832,OK
2026-05-06 18:18:05,ID:3,38.37154006958008,OK
2026-05-06 18:18:05,P5,33.992897033691406,OK
2026-05-06 18:18:05,ID:4,38.1989631652832,OK
2026-05-06 18:18:05,P1,37.88333511352539,OK
2026-05-06 18:18:05,P6,38.36750793457031,OK
2026-05-06 18:18:05,P6,38.36750793457031,OK
2026-05-06 18:18:05,ID:5,33.992897033691406,OK
2026-05-06 18:18:05,P2,38.13498306274414,OK
2026-05-06 18:18:05,ID:6,38.36750793457031,OK
2026-05-06 18:18:05,P3,38.37154006958008,OK
2026-05-06 18:18:05,P4,38.1989631652832,OK
2026-05-06 18:18:05,P5,33.992897033691406,OK
2026-05-06 18:18:05,P6,38.36750793457031,OK
2026-05-06 18:18:05,ID:1,37.88333511352539,OK
2026-05-06 18:18:05,ID:2,38.13498306274414,OK
2026-05-06 18:18:05,ID:3,38.37154006958008,OK
2026-05-06 18:18:05,ID:4,38.1989631652832,OK
2026-05-06 18:18:05,ID:5,33.992897033691406,OK
2026-05-06 18:18:05,ID:6,38.36750793457031,OK
2026-05-06 18:18:54,P1,37.88333511352539,OK
2026-05-06 18:18:54,P2,38.13498306274414,OK
2026-05-06 18:18:54,P3,38.37154006958008,OK
2026-05-06 18:18:54,P4,38.1989631652832,OK
2026-05-06 18:18:54,P5,33.992897033691406,OK
2026-05-06 18:18:54,P6,38.36750793457031,OK
2026-05-06 18:19:32,ID:1,37.88333511352539,OK
2026-05-06 18:19:32,ID:2,38.13498306274414,OK
2026-05-06 18:19:32,ID:3,38.37154006958008,OK
2026-05-06 18:19:32,ID:4,38.1989631652832,OK
2026-05-06 18:19:32,ID:5,33.992897033691406,OK
2026-05-06 18:19:32,ID:6,38.36750793457031,OK
2026-05-06 18:20:24,ID:1,37.88333511352539,OK
2026-05-06 18:20:24,ID:2,38.13498306274414,OK
2026-05-06 18:20:24,ID:3,38.37154006958008,OK
2026-05-06 18:20:24,ID:4,38.1989631652832,OK
2026-05-06 18:20:24,ID:5,33.992897033691406,OK
2026-05-06 18:20:24,ID:6,38.36750793457031,OK
2026-05-06 18:23:10,P1,37.2749252319336,OK
2026-05-06 18:23:10,P2,37.47428512573242,OK
2026-05-06 18:23:10,P3,37.82019805908203,OK
2026-05-06 18:23:10,P4,37.91373443603516,OK
2026-05-06 18:23:10,P5,33.44582748413086,OK
2026-05-06 18:23:10,P6,38.04300308227539,OK
2026-05-06 18:23:10,ID:1,37.2749252319336,OK
2026-05-06 18:23:10,ID:2,37.47428512573242,OK
2026-05-06 18:23:10,ID:3,37.82019805908203,OK
2026-05-06 18:23:10,ID:4,37.91373443603516,OK
2026-05-06 18:23:10,ID:5,33.44582748413086,OK
2026-05-06 18:23:10,ID:6,38.04300308227539,OK
2026-05-06 18:23:10,P1,37.2749252319336,OK
2026-05-06 18:23:10,P2,37.47428512573242,OK
2026-05-06 18:23:10,P3,37.82019805908203,OK
2026-05-06 18:23:10,P4,37.91373443603516,OK
2026-05-06 18:23:10,P5,33.44582748413086,OK
2026-05-06 18:23:10,P6,38.04300308227539,OK
2026-05-06 18:23:10,P1,37.2749252319336,OK
2026-05-06 18:23:10,P2,37.47428512573242,OK
2026-05-06 18:23:10,P3,37.82019805908203,OK
2026-05-06 18:23:10,P4,37.91373443603516,OK
2026-05-06 18:23:10,P5,33.44582748413086,OK
2026-05-06 18:23:10,P6,38.04300308227539,OK
2026-05-06 18:23:10,ID:1,37.2749252319336,OK
2026-05-06 18:23:10,ID:2,37.47428512573242,OK
2026-05-06 18:23:10,ID:3,37.82019805908203,OK
2026-05-06 18:23:10,ID:4,37.91373443603516,OK
2026-05-06 18:23:10,ID:5,33.44582748413086,OK
2026-05-06 18:23:10,ID:6,38.04300308227539,OK
2026-05-06 18:23:55,P1,37.2749252319336,OK
2026-05-06 18:23:55,P2,37.47428512573242,OK
2026-05-06 18:23:55,P3,37.82019805908203,OK
2026-05-06 18:23:55,P4,37.91373443603516,OK
2026-05-06 18:23:55,P5,33.44582748413086,OK
2026-05-06 18:23:55,P6,38.04300308227539,OK
2026-05-06 18:24:33,ID:1,37.2749252319336,OK
2026-05-06 18:24:33,ID:2,37.47428512573242,OK
2026-05-06 18:24:33,ID:3,37.82019805908203,OK
2026-05-06 18:24:33,ID:4,37.91373443603516,OK
2026-05-06 18:24:33,ID:5,33.44582748413086,OK
2026-05-06 18:24:33,ID:6,38.04300308227539,OK
2026-05-06 18:25:24,ID:1,37.2749252319336,OK
2026-05-06 18:25:24,ID:2,37.47428512573242,OK
2026-05-06 18:25:24,ID:3,37.82019805908203,OK
2026-05-06 18:25:24,ID:4,37.91373443603516,OK
2026-05-06 18:25:24,ID:5,33.44582748413086,OK
2026-05-06 18:25:24,ID:6,38.04300308227539,OK
2026-05-06 18:28:15,ID:1,37.12469100952149,OK
2026-05-06 18:28:15,ID:2,37.32430267333984,OK
2026-05-06 18:28:15,ID:3,37.70442962646485,OK
2026-05-06 18:28:15,ID:4,37.799686431884766,OK
2026-05-06 18:28:15,ID:5,33.29425811767578,OK
2026-05-06 18:28:15,ID:6,37.92591857910156,OK
2026-05-06 18:28:15,ID:1,37.12469100952149,OK
2026-05-06 18:28:15,P1,37.12469100952149,OK
2026-05-06 18:28:15,ID:2,37.32430267333984,OK
2026-05-06 18:28:15,ID:3,37.70442962646485,OK
2026-05-06 18:28:15,P2,37.32430267333984,OK
2026-05-06 18:28:15,ID:4,37.799686431884766,OK
2026-05-06 18:28:15,ID:5,33.29425811767578,OK
2026-05-06 18:28:15,P3,37.70442962646485,OK
2026-05-06 18:28:15,ID:6,37.92591857910156,OK
2026-05-06 18:28:15,P4,37.799686431884766,OK
2026-05-06 18:28:15,P5,33.29425811767578,OK
2026-05-06 18:28:15,P1,37.12469100952149,OK
2026-05-06 18:28:15,P6,37.92591857910156,OK
2026-05-06 18:28:15,P2,37.32430267333984,OK
2026-05-06 18:28:15,P3,37.70442962646485,OK
2026-05-06 18:28:15,P4,37.799686431884766,OK
2026-05-06 18:28:15,P5,33.29425811767578,OK
2026-05-06 18:28:15,P6,37.92591857910156,OK
2026-05-06 18:28:15,P1,37.12469100952149,OK
2026-05-06 18:28:15,P2,37.32430267333984,OK
2026-05-06 18:28:15,P3,37.70442962646485,OK
2026-05-06 18:28:15,P4,37.799686431884766,OK
2026-05-06 18:28:15,P5,33.29425811767578,OK
2026-05-06 18:28:15,P6,37.92591857910156,OK
2026-05-06 18:28:55,P1,37.12469100952149,OK
2026-05-06 18:28:55,P2,37.32430267333984,OK
2026-05-06 18:28:55,P3,37.70442962646485,OK
2026-05-06 18:28:55,P4,37.799686431884766,OK
2026-05-06 18:28:55,P5,33.29425811767578,OK
2026-05-06 18:28:55,P6,37.92591857910156,OK
2026-05-06 18:29:33,ID:1,37.12469100952149,OK
2026-05-06 18:29:33,ID:2,37.32430267333984,OK
2026-05-06 18:29:33,ID:3,37.70442962646485,OK
2026-05-06 18:29:33,ID:4,37.799686431884766,OK
2026-05-06 18:29:33,ID:5,33.29425811767578,OK
2026-05-06 18:29:33,ID:6,37.92591857910156,OK
2026-05-06 18:30:24,ID:1,37.12469100952149,OK
2026-05-06 18:30:24,ID:2,37.32430267333984,OK
2026-05-06 18:30:24,ID:3,37.70442962646485,OK
2026-05-06 18:30:24,ID:4,37.799686431884766,OK
2026-05-06 18:30:24,ID:5,33.29425811767578,OK
2026-05-06 18:30:24,ID:6,37.92591857910156,OK
2026-05-06 18:33:20,ID:1,37.61724853515625,OK
2026-05-06 18:33:20,ID:2,37.83009338378906,OK
2026-05-06 18:33:20,ID:3,38.13744735717773,OK
2026-05-06 18:33:20,ID:4,38.04586410522461,OK
2026-05-06 18:33:20,ID:5,33.7490234375,OK
2026-05-06 18:33:20,ID:6,38.201541900634766,OK
2026-05-06 18:33:20,ID:1,37.61724853515625,OK
2026-05-06 18:33:20,ID:2,37.83009338378906,OK
2026-05-06 18:33:20,ID:3,38.13744735717773,OK
2026-05-06 18:33:20,ID:4,38.04586410522461,OK
2026-05-06 18:33:20,ID:5,33.7490234375,OK
2026-05-06 18:33:20,ID:6,38.201541900634766,OK
2026-05-06 18:33:20,P1,37.61724853515625,OK
2026-05-06 18:33:20,P1,37.61724853515625,OK
2026-05-06 18:33:20,P2,37.83009338378906,OK
2026-05-06 18:33:20,P2,37.83009338378906,OK
2026-05-06 18:33:20,P3,38.13744735717773,OK
2026-05-06 18:33:20,P4,38.04586410522461,OK
2026-05-06 18:33:20,P3,38.13744735717773,OK
2026-05-06 18:33:20,P5,33.7490234375,OK
2026-05-06 18:33:20,P4,38.04586410522461,OK
2026-05-06 18:33:20,P6,38.201541900634766,OK
2026-05-06 18:33:20,P5,33.7490234375,OK
2026-05-06 18:33:20,P6,38.201541900634766,OK
2026-05-06 18:33:20,P1,37.61724853515625,OK
2026-05-06 18:33:20,P2,37.83009338378906,OK
2026-05-06 18:33:20,P3,38.13744735717773,OK
2026-05-06 18:33:20,P4,38.04586410522461,OK
2026-05-06 18:33:20,P5,33.7490234375,OK
2026-05-06 18:33:20,P6,38.201541900634766,OK
2026-05-06 18:33:55,P1,37.61724853515625,OK
2026-05-06 18:33:55,P2,37.83009338378906,OK
2026-05-06 18:33:55,P3,38.13744735717773,OK
2026-05-06 18:33:55,P4,38.04586410522461,OK
2026-05-06 18:33:55,P5,33.7490234375,OK
2026-05-06 18:33:55,P6,38.201541900634766,OK
2026-05-06 18:34:33,ID:1,37.61724853515625,OK
2026-05-06 18:34:33,ID:2,37.83009338378906,OK
2026-05-06 18:34:33,ID:3,38.13744735717773,OK
2026-05-06 18:34:33,ID:4,38.04586410522461,OK
2026-05-06 18:34:33,ID:5,33.7490234375,OK
2026-05-06 18:34:33,ID:6,38.201541900634766,OK
2026-05-06 18:35:25,ID:1,37.61724853515625,OK
2026-05-06 18:35:25,ID:2,37.83009338378906,OK
2026-05-06 18:35:25,ID:3,38.13744735717773,OK
2026-05-06 18:35:25,ID:4,38.04586410522461,OK
2026-05-06 18:35:25,ID:5,33.7490234375,OK
2026-05-06 18:35:25,ID:6,38.201541900634766,OK
2026-05-06 18:38:26,ID:1,37.46087646484375,OK
2026-05-06 18:38:26,ID:2,37.65418243408203,OK
2026-05-06 18:38:26,ID:3,37.99482345581055,OK
2026-05-06 18:38:26,ID:4,38.03562545776367,OK
2026-05-06 18:38:26,ID:5,33.599552154541016,OK
2026-05-06 18:38:26,ID:6,38.14815139770508,OK
2026-05-06 18:38:26,P1,37.46087646484375,OK
2026-05-06 18:38:26,P1,37.46087646484375,OK
2026-05-06 18:38:26,P2,37.65418243408203,OK
2026-05-06 18:38:26,P2,37.65418243408203,OK
2026-05-06 18:38:26,P3,37.99482345581055,OK
2026-05-06 18:38:26,P3,37.99482345581055,OK
2026-05-06 18:38:26,P4,38.03562545776367,OK
2026-05-06 18:38:26,P1,37.46087646484375,OK
2026-05-06 18:38:26,ID:1,37.46087646484375,OK
2026-05-06 18:38:26,P4,38.03562545776367,OK
2026-05-06 18:38:26,P5,33.599552154541016,OK
2026-05-06 18:38:26,P2,37.65418243408203,OK
2026-05-06 18:38:26,ID:2,37.65418243408203,OK
2026-05-06 18:38:26,P6,38.14815139770508,OK
2026-05-06 18:38:26,P5,33.599552154541016,OK
2026-05-06 18:38:26,P3,37.99482345581055,OK
2026-05-06 18:38:26,ID:3,37.99482345581055,OK
2026-05-06 18:38:26,P4,38.03562545776367,OK
2026-05-06 18:38:26,P6,38.14815139770508,OK
2026-05-06 18:38:26,ID:4,38.03562545776367,OK
2026-05-06 18:38:26,P5,33.599552154541016,OK
2026-05-06 18:38:26,ID:5,33.599552154541016,OK
2026-05-06 18:38:26,P6,38.14815139770508,OK
2026-05-06 18:38:26,ID:6,38.14815139770508,OK
2026-05-06 18:38:56,P1,37.46087646484375,OK
2026-05-06 18:38:56,P2,37.65418243408203,OK
2026-05-06 18:38:56,P3,37.99482345581055,OK
2026-05-06 18:38:56,P4,38.03562545776367,OK
2026-05-06 18:38:56,P5,33.599552154541016,OK
2026-05-06 18:38:56,P6,38.14815139770508,OK
2026-05-06 18:39:33,ID:1,37.46087646484375,OK
2026-05-06 18:39:33,ID:2,37.65418243408203,OK
2026-05-06 18:39:33,ID:3,37.99482345581055,OK
2026-05-06 18:39:33,ID:4,38.03562545776367,OK
2026-05-06 18:39:33,ID:5,33.599552154541016,OK
2026-05-06 18:39:33,ID:6,38.14815139770508,OK
2026-05-06 18:40:25,ID:1,37.46087646484375,OK
2026-05-06 18:40:25,ID:2,37.65418243408203,OK
2026-05-06 18:40:25,ID:3,37.99482345581055,OK
2026-05-06 18:40:25,ID:4,38.03562545776367,OK
2026-05-06 18:40:25,ID:5,33.599552154541016,OK
2026-05-06 18:40:25,ID:6,38.14815139770508,OK
2026-05-06 18:43:31,P1,37.12334442138672,OK
2026-05-06 18:43:31,P2,37.34261322021485,OK
2026-05-06 18:43:31,P3,37.71187210083008,OK
2026-05-06 18:43:31,P4,37.793575286865234,OK
2026-05-06 18:43:31,P5,33.29338455200195,OK
2026-05-06 18:43:31,P6,37.9275016784668,OK
2026-05-06 18:43:31,P1,37.12334442138672,OK
2026-05-06 18:43:31,P2,37.34261322021485,OK
2026-05-06 18:43:31,P3,37.71187210083008,OK
2026-05-06 18:43:31,P4,37.793575286865234,OK
2026-05-06 18:43:31,P5,33.29338455200195,OK
2026-05-06 18:43:31,P6,37.9275016784668,OK
2026-05-06 18:43:31,ID:1,37.12334442138672,OK
2026-05-06 18:43:31,ID:2,37.34261322021485,OK
2026-05-06 18:43:31,ID:3,37.71187210083008,OK
2026-05-06 18:43:31,ID:4,37.793575286865234,OK
2026-05-06 18:43:31,ID:5,33.29338455200195,OK
2026-05-06 18:43:31,ID:6,37.9275016784668,OK
2026-05-06 18:43:31,ID:1,37.12334442138672,OK
2026-05-06 18:43:31,ID:2,37.34261322021485,OK
2026-05-06 18:43:31,ID:3,37.71187210083008,OK
2026-05-06 18:43:31,ID:4,37.793575286865234,OK
2026-05-06 18:43:31,ID:5,33.29338455200195,OK
2026-05-06 18:43:31,ID:6,37.9275016784668,OK
2026-05-06 18:43:31,P1,37.12334442138672,OK
2026-05-06 18:43:31,P2,37.34261322021485,OK
2026-05-06 18:43:31,P3,37.71187210083008,OK
2026-05-06 18:43:31,P4,37.793575286865234,OK
2026-05-06 18:43:31,P5,33.29338455200195,OK
2026-05-06 18:43:31,P6,37.9275016784668,OK
2026-05-06 18:43:56,P1,37.12334442138672,OK
2026-05-06 18:43:56,P2,37.34261322021485,OK
2026-05-06 18:43:56,P3,37.71187210083008,OK
2026-05-06 18:43:56,P4,37.793575286865234,OK
2026-05-06 18:43:56,P5,33.29338455200195,OK
2026-05-06 18:43:56,P6,37.9275016784668,OK
2026-05-06 18:44:34,ID:1,37.12334442138672,OK
2026-05-06 18:44:34,ID:2,37.34261322021485,OK
2026-05-06 18:44:34,ID:3,37.71187210083008,OK
2026-05-06 18:44:34,ID:4,37.793575286865234,OK
2026-05-06 18:44:34,ID:5,33.29338455200195,OK
2026-05-06 18:44:34,ID:6,37.9275016784668,OK
2026-05-06 18:45:26,ID:1,37.12334442138672,OK
2026-05-06 18:45:26,ID:2,37.34261322021485,OK
2026-05-06 18:45:26,ID:3,37.71187210083008,OK
2026-05-06 18:45:26,ID:4,37.793575286865234,OK
2026-05-06 18:45:26,ID:5,33.29338455200195,OK
2026-05-06 18:45:26,ID:6,37.9275016784668,OK
2026-05-06 18:48:36,P1,37.45331954956055,OK
2026-05-06 18:48:36,P2,37.75943374633789,OK
2026-05-06 18:48:36,P3,37.961944580078125,OK
2026-05-06 18:48:36,P4,37.931095123291016,OK
2026-05-06 18:48:36,P5,33.63344192504883,OK
2026-05-06 18:48:36,P6,38.12915802001953,OK
2026-05-06 18:48:36,ID:1,37.45331954956055,OK
2026-05-06 18:48:36,P1,37.45331954956055,OK
2026-05-06 18:48:36,P2,37.75943374633789,OK
2026-05-06 18:48:36,ID:2,37.75943374633789,OK
2026-05-06 18:48:36,ID:3,37.961944580078125,OK
2026-05-06 18:48:36,P3,37.961944580078125,OK
2026-05-06 18:48:36,P4,37.931095123291016,OK
2026-05-06 18:48:36,ID:4,37.931095123291016,OK
2026-05-06 18:48:36,P5,33.63344192504883,OK
2026-05-06 18:48:36,ID:5,33.63344192504883,OK
2026-05-06 18:48:36,P6,38.12915802001953,OK
2026-05-06 18:48:36,ID:6,38.12915802001953,OK
2026-05-06 18:48:36,P1,37.45331954956055,OK
2026-05-06 18:48:36,P2,37.75943374633789,OK
2026-05-06 18:48:36,P3,37.961944580078125,OK
2026-05-06 18:48:36,P4,37.931095123291016,OK
2026-05-06 18:48:36,P5,33.63344192504883,OK
2026-05-06 18:48:36,P6,38.12915802001953,OK
2026-05-06 18:48:36,ID:1,37.45331954956055,OK
2026-05-06 18:48:36,ID:2,37.75943374633789,OK
2026-05-06 18:48:36,ID:3,37.961944580078125,OK
2026-05-06 18:48:36,ID:4,37.931095123291016,OK
2026-05-06 18:48:36,ID:5,33.63344192504883,OK
2026-05-06 18:48:36,ID:6,38.12915802001953,OK
2026-05-06 18:48:56,P1,37.45331954956055,OK
2026-05-06 18:48:56,P2,37.75943374633789,OK
2026-05-06 18:48:56,P3,37.961944580078125,OK
2026-05-06 18:48:56,P4,37.931095123291016,OK
2026-05-06 18:48:56,P5,33.63344192504883,OK
2026-05-06 18:48:56,P6,38.12915802001953,OK
2026-05-06 18:49:34,ID:1,37.45331954956055,OK
2026-05-06 18:49:34,ID:2,37.75943374633789,OK
2026-05-06 18:49:34,ID:3,37.961944580078125,OK
2026-05-06 18:49:34,ID:4,37.931095123291016,OK
2026-05-06 18:49:34,ID:5,33.63344192504883,OK
2026-05-06 18:49:34,ID:6,38.12915802001953,OK
2026-05-06 18:50:26,ID:1,37.45331954956055,OK
2026-05-06 18:50:26,ID:2,37.75943374633789,OK
2026-05-06 18:50:26,ID:3,37.961944580078125,OK
2026-05-06 18:50:26,ID:4,37.931095123291016,OK
2026-05-06 18:50:26,ID:5,33.63344192504883,OK
2026-05-06 18:50:26,ID:6,38.12915802001953,OK
2026-05-06 18:53:41,P1,37.06084442138672,OK
2026-05-06 18:53:41,ID:1,37.06084442138672,OK
2026-05-06 18:53:41,P2,37.33592987060547,OK
2026-05-06 18:53:41,ID:2,37.33592987060547,OK
2026-05-06 18:53:41,P3,37.64237594604492,OK
2026-05-06 18:53:41,ID:3,37.64237594604492,OK
2026-05-06 18:53:41,P4,37.75299453735352,OK
2026-05-06 18:53:41,ID:4,37.75299453735352,OK
2026-05-06 18:53:41,P5,33.24846649169922,OK
2026-05-06 18:53:41,P6,37.90393829345703,OK
2026-05-06 18:53:41,ID:5,33.24846649169922,OK
2026-05-06 18:53:41,ID:6,37.90393829345703,OK
2026-05-06 18:53:41,P1,37.06084442138672,OK
2026-05-06 18:53:41,P2,37.33592987060547,OK
2026-05-06 18:53:41,P3,37.64237594604492,OK
2026-05-06 18:53:41,P1,37.06084442138672,OK
2026-05-06 18:53:41,P4,37.75299453735352,OK
2026-05-06 18:53:41,P2,37.33592987060547,OK
2026-05-06 18:53:41,P5,33.24846649169922,OK
2026-05-06 18:53:41,P3,37.64237594604492,OK
2026-05-06 18:53:41,P6,37.90393829345703,OK
2026-05-06 18:53:41,P4,37.75299453735352,OK
2026-05-06 18:53:41,P5,33.24846649169922,OK
2026-05-06 18:53:41,P6,37.90393829345703,OK
2026-05-06 18:53:41,ID:1,37.06084442138672,OK
2026-05-06 18:53:41,ID:2,37.33592987060547,OK
2026-05-06 18:53:41,ID:3,37.64237594604492,OK
2026-05-06 18:53:41,ID:4,37.75299453735352,OK
2026-05-06 18:53:41,ID:5,33.24846649169922,OK
2026-05-06 18:53:41,ID:6,37.90393829345703,OK
2026-05-06 18:53:56,P1,37.06084442138672,OK
2026-05-06 18:53:56,P2,37.33592987060547,OK
2026-05-06 18:53:56,P3,37.64237594604492,OK
2026-05-06 18:53:56,P4,37.75299453735352,OK
2026-05-06 18:53:56,P5,33.24846649169922,OK
2026-05-06 18:53:56,P6,37.90393829345703,OK
2026-05-06 18:54:34,ID:1,37.06084442138672,OK
2026-05-06 18:54:34,ID:2,37.33592987060547,OK
2026-05-06 18:54:34,ID:3,37.64237594604492,OK
2026-05-06 18:54:34,ID:4,37.75299453735352,OK
2026-05-06 18:54:34,ID:5,33.24846649169922,OK
2026-05-06 18:54:34,ID:6,37.90393829345703,OK
2026-05-06 18:55:26,ID:1,37.06084442138672,OK
2026-05-06 18:55:26,ID:2,37.33592987060547,OK
2026-05-06 18:55:26,ID:3,37.64237594604492,OK
2026-05-06 18:55:26,ID:4,37.75299453735352,OK
2026-05-06 18:55:26,ID:5,33.24846649169922,OK
2026-05-06 18:55:26,ID:6,37.90393829345703,OK
2026-05-06 18:58:46,P1,37.449249267578125,OK
2026-05-06 18:58:46,P1,37.449249267578125,OK
2026-05-06 18:58:46,P2,36.56717300415039,OK
2026-05-06 18:58:46,P2,36.56717300415039,OK
2026-05-06 18:58:46,P3,38.304290771484375,OK
2026-05-06 18:58:46,P4,39.75880432128906,OK
2026-05-06 18:58:46,P3,38.304290771484375,OK
2026-05-06 18:58:46,P5,33.77467727661133,OK
2026-05-06 18:58:46,P6,38.78318786621094,OK
2026-05-06 18:58:46,P4,39.75880432128906,OK
2026-05-06 18:58:46,P5,33.77467727661133,OK
2026-05-06 18:58:46,P6,38.78318786621094,OK
2026-05-06 18:58:46,ID:1,37.449249267578125,OK
2026-05-06 18:58:46,ID:2,36.56717300415039,OK
2026-05-06 18:58:46,ID:3,38.304290771484375,OK
2026-05-06 18:58:46,ID:4,39.75880432128906,OK
2026-05-06 18:58:46,ID:5,33.77467727661133,OK
2026-05-06 18:58:46,ID:6,38.78318786621094,OK
2026-05-06 18:58:46,P1,37.449249267578125,OK
2026-05-06 18:58:46,P2,36.56717300415039,OK
2026-05-06 18:58:46,P3,38.304290771484375,OK
2026-05-06 18:58:46,P4,39.75880432128906,OK
2026-05-06 18:58:46,P5,33.77467727661133,OK
2026-05-06 18:58:46,P6,38.78318786621094,OK
2026-05-06 18:58:47,ID:1,37.449249267578125,OK
2026-05-06 18:58:47,ID:2,36.56717300415039,OK
2026-05-06 18:58:47,ID:3,38.304290771484375,OK
2026-05-06 18:58:47,ID:4,39.75880432128906,OK
2026-05-06 18:58:47,ID:5,33.77467727661133,OK
2026-05-06 18:58:47,ID:6,38.78318786621094,OK
2026-05-06 18:58:57,P1,37.449249267578125,OK
2026-05-06 18:58:57,P2,36.56717300415039,OK
2026-05-06 18:58:57,P3,38.304290771484375,OK
2026-05-06 18:58:57,P4,39.75880432128906,OK
2026-05-06 18:58:57,P5,33.77467727661133,OK
2026-05-06 18:58:57,P6,38.78318786621094,OK
2026-05-06 18:59:35,ID:1,37.449249267578125,OK
2026-05-06 18:59:35,ID:2,36.56717300415039,OK
2026-05-06 18:59:35,ID:3,38.304290771484375,OK
2026-05-06 18:59:35,ID:4,39.75880432128906,OK
2026-05-06 18:59:35,ID:5,33.77467727661133,OK
2026-05-06 18:59:35,ID:6,38.78318786621094,OK
2026-05-06 19:00:26,ID:1,37.449249267578125,OK
2026-05-06 19:00:26,ID:2,36.56717300415039,OK
2026-05-06 19:00:26,ID:3,38.304290771484375,OK
2026-05-06 19:00:26,ID:4,39.75880432128906,OK
2026-05-06 19:00:26,ID:5,33.77467727661133,OK
2026-05-06 19:00:26,ID:6,38.78318786621094,OK
2026-05-06 19:03:51,ID:1,34.36129379272461,OK
2026-05-06 19:03:51,ID:2,33.42294692993164,OK
2026-05-06 19:03:51,ID:3,35.40096664428711,OK
2026-05-06 19:03:51,ID:4,37.15550231933594,OK
2026-05-06 19:03:51,ID:5,30.4945011138916,OK
2026-05-06 19:03:51,ID:6,36.38298416137695,OK
2026-05-06 19:03:51,P1,34.36129379272461,OK
2026-05-06 19:03:51,P2,33.42294692993164,OK
2026-05-06 19:03:51,P3,35.40096664428711,OK
2026-05-06 19:03:51,P4,37.15550231933594,OK
2026-05-06 19:03:51,P5,30.4945011138916,OK
2026-05-06 19:03:51,P6,36.38298416137695,OK
2026-05-06 19:03:51,P1,34.36129379272461,OK
2026-05-06 19:03:51,ID:1,34.36129379272461,OK
2026-05-06 19:03:51,P2,33.42294692993164,OK
2026-05-06 19:03:51,ID:2,33.42294692993164,OK
2026-05-06 19:03:51,P3,35.40096664428711,OK
2026-05-06 19:03:51,ID:3,35.40096664428711,OK
2026-05-06 19:03:51,P4,37.15550231933594,OK
2026-05-06 19:03:51,ID:4,37.15550231933594,OK
2026-05-06 19:03:51,P5,30.4945011138916,OK
2026-05-06 19:03:51,ID:5,30.4945011138916,OK
2026-05-06 19:03:51,P6,36.38298416137695,OK
2026-05-06 19:03:51,ID:6,36.38298416137695,OK
2026-05-06 19:03:51,P1,34.36129379272461,OK
2026-05-06 19:03:51,P2,33.42294692993164,OK
2026-05-06 19:03:51,P3,35.40096664428711,OK
2026-05-06 19:03:51,P4,37.15550231933594,OK
2026-05-06 19:03:51,P5,30.4945011138916,OK
2026-05-06 19:03:51,P6,36.38298416137695,OK
2026-05-06 19:03:57,P1,34.36129379272461,OK
2026-05-06 19:03:57,P2,33.42294692993164,OK
2026-05-06 19:03:57,P3,35.40096664428711,OK
2026-05-06 19:03:57,P4,37.15550231933594,OK
2026-05-06 19:03:57,P5,30.4945011138916,OK
2026-05-06 19:03:57,P6,36.38298416137695,OK
2026-05-06 19:04:35,ID:1,34.36129379272461,OK
2026-05-06 19:04:35,ID:2,33.42294692993164,OK
2026-05-06 19:04:35,ID:3,35.40096664428711,OK
2026-05-06 19:04:35,ID:4,37.15550231933594,OK
2026-05-06 19:04:35,ID:5,30.4945011138916,OK
2026-05-06 19:04:35,ID:6,36.38298416137695,OK
2026-05-06 19:05:27,ID:1,34.36129379272461,OK
2026-05-06 19:05:27,ID:2,33.42294692993164,OK
2026-05-06 19:05:27,ID:3,35.40096664428711,OK
2026-05-06 19:05:27,ID:4,37.15550231933594,OK
2026-05-06 19:05:27,ID:5,30.4945011138916,OK
2026-05-06 19:05:27,ID:6,36.38298416137695,OK
2026-05-06 19:08:57,ID:1,37.87214279174805,OK
2026-05-06 19:08:57,ID:2,37.13111114501953,OK
2026-05-06 19:08:57,ID:3,38.927852630615234,OK
2026-05-06 19:08:57,ID:4,40.77382659912109,OK
2026-05-06 19:08:57,ID:5,34.1867561340332,OK
2026-05-06 19:08:57,ID:6,39.69660568237305,OK
2026-05-06 19:08:57,P1,37.87214279174805,OK
2026-05-06 19:08:57,ID:1,37.87214279174805,OK
2026-05-06 19:08:57,P2,37.13111114501953,OK
2026-05-06 19:08:57,ID:2,37.13111114501953,OK
2026-05-06 19:08:57,P3,38.927852630615234,OK
2026-05-06 19:08:57,P4,40.77382659912109,OK
2026-05-06 19:08:57,P5,34.1867561340332,OK
2026-05-06 19:08:57,ID:3,38.927852630615234,OK
2026-05-06 19:08:57,P6,39.69660568237305,OK
2026-05-06 19:08:57,ID:4,40.77382659912109,OK
2026-05-06 19:08:57,ID:5,34.1867561340332,OK
2026-05-06 19:08:57,ID:6,39.69660568237305,OK
2026-05-06 19:08:57,P1,37.87214279174805,OK
2026-05-06 19:08:57,P1,37.87214279174805,OK
2026-05-06 19:08:57,P2,37.13111114501953,OK
2026-05-06 19:08:57,P2,37.13111114501953,OK
2026-05-06 19:08:57,P3,38.927852630615234,OK
2026-05-06 19:08:57,P3,38.927852630615234,OK
2026-05-06 19:08:57,P4,40.77382659912109,OK
2026-05-06 19:08:57,P4,40.77382659912109,OK
2026-05-06 19:08:57,P5,34.1867561340332,OK
2026-05-06 19:08:57,P5,34.1867561340332,OK
2026-05-06 19:08:57,P6,39.69660568237305,OK
2026-05-06 19:08:57,P6,39.69660568237305,OK
2026-05-06 19:08:57,P1,37.87214279174805,OK
2026-05-06 19:08:57,P2,37.13111114501953,OK
2026-05-06 19:08:57,P3,38.927852630615234,OK
2026-05-06 19:08:57,P4,40.77382659912109,OK
2026-05-06 19:08:57,P5,34.1867561340332,OK
2026-05-06 19:08:57,P6,39.69660568237305,OK
2026-05-06 19:09:35,ID:1,37.87214279174805,OK
2026-05-06 19:09:35,ID:2,37.13111114501953,OK
2026-05-06 19:09:35,ID:3,38.927852630615234,OK
2026-05-06 19:09:35,ID:4,40.77382659912109,OK
2026-05-06 19:09:35,ID:5,34.1867561340332,OK
2026-05-06 19:09:35,ID:6,39.69660568237305,OK
2026-05-06 19:10:27,ID:1,37.87214279174805,OK
2026-05-06 19:10:27,ID:2,37.13111114501953,OK
2026-05-06 19:10:27,ID:3,38.927852630615234,OK
2026-05-06 19:10:27,ID:4,40.77382659912109,OK
2026-05-06 19:10:27,ID:5,34.1867561340332,OK
2026-05-06 19:10:27,ID:6,39.69660568237305,OK
2026-05-06 19:14:02,ID:1,35.91585922241211,OK
2026-05-06 19:14:02,ID:2,34.84619903564453,OK
2026-05-06 19:14:02,ID:3,37.24776840209961,OK
2026-05-06 19:14:02,ID:4,39.0418815612793,OK
2026-05-06 19:14:02,ID:5,32.28650665283203,OK
2026-05-06 19:14:02,ID:6,38.02915954589844,OK
2026-05-06 19:14:02,P1,35.91585922241211,OK
2026-05-06 19:14:02,P2,34.84619903564453,OK
2026-05-06 19:14:02,P3,37.24776840209961,OK
2026-05-06 19:14:02,P4,39.0418815612793,OK
2026-05-06 19:14:02,P5,32.28650665283203,OK
2026-05-06 19:14:02,P6,38.02915954589844,OK
2026-05-06 19:14:02,P1,35.91585922241211,OK
2026-05-06 19:14:02,P2,34.84619903564453,OK
2026-05-06 19:14:02,P3,37.24776840209961,OK
2026-05-06 19:14:02,P4,39.0418815612793,OK
2026-05-06 19:14:02,P5,32.28650665283203,OK
2026-05-06 19:14:02,P6,38.02915954589844,OK
2026-05-06 19:14:02,P1,35.91585922241211,OK
2026-05-06 19:14:02,ID:1,35.91585922241211,OK
2026-05-06 19:14:02,P2,34.84619903564453,OK
2026-05-06 19:14:02,P1,35.91585922241211,OK
2026-05-06 19:14:02,ID:2,34.84619903564453,OK
2026-05-06 19:14:02,P3,37.24776840209961,OK
2026-05-06 19:14:02,ID:3,37.24776840209961,OK
2026-05-06 19:14:02,P2,34.84619903564453,OK
2026-05-06 19:14:02,P4,39.0418815612793,OK
2026-05-06 19:14:02,ID:4,39.0418815612793,OK
2026-05-06 19:14:02,P3,37.24776840209961,OK
2026-05-06 19:14:02,P5,32.28650665283203,OK
2026-05-06 19:14:02,ID:5,32.28650665283203,OK
2026-05-06 19:14:02,P4,39.0418815612793,OK
2026-05-06 19:14:02,P6,38.02915954589844,OK
2026-05-06 19:14:02,ID:6,38.02915954589844,OK
2026-05-06 19:14:02,P5,32.28650665283203,OK
2026-05-06 19:14:02,P6,38.02915954589844,OK
2026-05-06 19:14:35,ID:1,35.91585922241211,OK
2026-05-06 19:14:35,ID:2,34.84619903564453,OK
2026-05-06 19:14:35,ID:3,37.24776840209961,OK
2026-05-06 19:14:35,ID:4,39.0418815612793,OK
2026-05-06 19:14:35,ID:5,32.28650665283203,OK
2026-05-06 19:14:35,ID:6,38.02915954589844,OK
2026-05-06 19:15:27,ID:1,35.91585922241211,OK
2026-05-06 19:15:27,ID:2,34.84619903564453,OK
2026-05-06 19:15:27,ID:3,37.24776840209961,OK
2026-05-06 19:15:27,ID:4,39.0418815612793,OK
2026-05-06 19:15:27,ID:5,32.28650665283203,OK
2026-05-06 19:15:27,ID:6,38.02915954589844,OK
2026-05-06 19:19:07,P1,36.04252624511719,OK
2026-05-06 19:19:07,P2,34.96503448486328,OK
2026-05-06 19:19:07,P3,37.389591217041016,OK
2026-05-06 19:19:07,P4,39.19586563110352,OK
2026-05-06 19:19:07,P5,32.40481185913086,OK
2026-05-06 19:19:07,P6,38.15605163574219,OK
2026-05-06 19:19:07,P1,36.04252624511719,OK
2026-05-06 19:19:07,P1,36.04252624511719,OK
2026-05-06 19:19:07,P2,34.96503448486328,OK
2026-05-06 19:19:07,P2,34.96503448486328,OK
2026-05-06 19:19:07,P3,37.389591217041016,OK
2026-05-06 19:19:07,P3,37.389591217041016,OK
2026-05-06 19:19:07,P4,39.19586563110352,OK
2026-05-06 19:19:07,P4,39.19586563110352,OK
2026-05-06 19:19:07,P5,32.40481185913086,OK
2026-05-06 19:19:07,P5,32.40481185913086,OK
2026-05-06 19:19:07,P6,38.15605163574219,OK
2026-05-06 19:19:07,P6,38.15605163574219,OK
2026-05-06 19:19:07,ID:1,36.04252624511719,OK
2026-05-06 19:19:07,ID:2,34.96503448486328,OK
2026-05-06 19:19:07,ID:3,37.389591217041016,OK
2026-05-06 19:19:07,ID:4,39.19586563110352,OK
2026-05-06 19:19:07,ID:5,32.40481185913086,OK
2026-05-06 19:19:07,ID:6,38.15605163574219,OK
2026-05-06 19:19:07,ID:1,36.04252624511719,OK
2026-05-06 19:19:07,ID:2,34.96503448486328,OK
2026-05-06 19:19:07,ID:3,37.389591217041016,OK
2026-05-06 19:19:07,ID:4,39.19586563110352,OK
2026-05-06 19:19:07,ID:5,32.40481185913086,OK
2026-05-06 19:19:07,P1,36.04252624511719,OK
2026-05-06 19:19:07,ID:6,38.15605163574219,OK
2026-05-06 19:19:07,P2,34.96503448486328,OK
2026-05-06 19:19:07,P3,37.389591217041016,OK
2026-05-06 19:19:07,P4,39.19586563110352,OK
2026-05-06 19:19:07,P5,32.40481185913086,OK
2026-05-06 19:19:07,P6,38.15605163574219,OK
2026-05-06 19:19:36,ID:1,36.04252624511719,OK
2026-05-06 19:19:36,ID:2,34.96503448486328,OK
2026-05-06 19:19:36,ID:3,37.389591217041016,OK
2026-05-06 19:19:36,ID:4,39.19586563110352,OK
2026-05-06 19:19:36,ID:5,32.40481185913086,OK
2026-05-06 19:19:36,ID:6,38.15605163574219,OK
2026-05-06 19:20:27,ID:1,36.04252624511719,OK
2026-05-06 19:20:27,ID:2,34.96503448486328,OK
2026-05-06 19:20:27,ID:3,37.389591217041016,OK
2026-05-06 19:20:27,ID:4,39.19586563110352,OK
2026-05-06 19:20:27,ID:5,32.40481185913086,OK
2026-05-06 19:20:27,ID:6,38.15605163574219,OK
2026-05-06 19:24:12,P1,36.64596176147461,OK
2026-05-06 19:24:12,P2,35.45384979248047,OK
2026-05-06 19:24:12,P3,37.77195739746094,OK
2026-05-06 19:24:12,P4,39.74126434326172,OK
2026-05-06 19:24:12,P5,32.858909606933594,OK
2026-05-06 19:24:12,P6,38.6318244934082,OK
2026-05-06 19:24:12,P1,36.64596176147461,OK
2026-05-06 19:24:12,P2,35.45384979248047,OK
2026-05-06 19:24:12,P3,37.77195739746094,OK
2026-05-06 19:24:12,P4,39.74126434326172,OK
2026-05-06 19:24:12,P5,32.858909606933594,OK
2026-05-06 19:24:12,P6,38.6318244934082,OK
2026-05-06 19:24:12,P1,36.64596176147461,OK
2026-05-06 19:24:12,P2,35.45384979248047,OK
2026-05-06 19:24:12,P3,37.77195739746094,OK
2026-05-06 19:24:12,P4,39.74126434326172,OK
2026-05-06 19:24:12,P5,32.858909606933594,OK
2026-05-06 19:24:12,P6,38.6318244934082,OK
2026-05-06 19:24:12,ID:1,36.64596176147461,OK
2026-05-06 19:24:12,ID:2,35.45384979248047,OK
2026-05-06 19:24:12,ID:1,36.64596176147461,OK
2026-05-06 19:24:12,ID:3,37.77195739746094,OK
2026-05-06 19:24:12,ID:4,39.74126434326172,OK
2026-05-06 19:24:12,ID:2,35.45384979248047,OK
2026-05-06 19:24:12,ID:5,32.858909606933594,OK
2026-05-06 19:24:12,ID:3,37.77195739746094,OK
2026-05-06 19:24:12,ID:6,38.6318244934082,OK
2026-05-06 19:24:12,ID:4,39.74126434326172,OK
2026-05-06 19:24:12,ID:5,32.858909606933594,OK
2026-05-06 19:24:12,ID:6,38.6318244934082,OK
2026-05-06 19:24:12,P1,36.64596176147461,OK
2026-05-06 19:24:12,P2,35.45384979248047,OK
2026-05-06 19:24:12,P3,37.77195739746094,OK
2026-05-06 19:24:12,P4,39.74126434326172,OK
2026-05-06 19:24:12,P5,32.858909606933594,OK
2026-05-06 19:24:12,P6,38.6318244934082,OK
2026-05-06 19:24:36,ID:1,36.64596176147461,OK
2026-05-06 19:24:36,ID:2,35.45384979248047,OK
2026-05-06 19:24:36,ID:3,37.77195739746094,OK
2026-05-06 19:24:36,ID:4,39.74126434326172,OK
2026-05-06 19:24:36,ID:5,32.858909606933594,OK
2026-05-06 19:24:36,ID:6,38.6318244934082,OK
2026-05-06 19:25:28,ID:1,36.64596176147461,OK
2026-05-06 19:25:28,ID:2,35.45384979248047,OK
2026-05-06 19:25:28,ID:3,37.77195739746094,OK
2026-05-06 19:25:28,ID:4,39.74126434326172,OK
2026-05-06 19:25:28,ID:5,32.858909606933594,OK
2026-05-06 19:25:28,ID:6,38.6318244934082,OK
2026-05-06 19:29:17,P1,36.062782287597656,OK
2026-05-06 19:29:17,P2,34.82860565185547,OK
2026-05-06 19:29:17,P3,36.86920928955078,OK
2026-05-06 19:29:17,P4,38.67178726196289,OK
2026-05-06 19:29:17,P5,32.2230339050293,OK
2026-05-06 19:29:17,P6,37.700042724609375,OK
2026-05-06 19:29:17,P1,36.062782287597656,OK
2026-05-06 19:29:17,P2,34.82860565185547,OK
2026-05-06 19:29:17,P3,36.86920928955078,OK
2026-05-06 19:29:17,P4,38.67178726196289,OK
2026-05-06 19:29:17,P5,32.2230339050293,OK
2026-05-06 19:29:17,P6,37.700042724609375,OK
2026-05-06 19:29:17,ID:1,36.062782287597656,OK
2026-05-06 19:29:17,ID:2,34.82860565185547,OK
2026-05-06 19:29:17,ID:3,36.86920928955078,OK
2026-05-06 19:29:17,ID:4,38.67178726196289,OK
2026-05-06 19:29:17,ID:5,32.2230339050293,OK
2026-05-06 19:29:17,ID:6,37.700042724609375,OK
2026-05-06 19:29:17,P1,36.062782287597656,OK
2026-05-06 19:29:17,P2,34.82860565185547,OK
2026-05-06 19:29:17,P3,36.86920928955078,OK
2026-05-06 19:29:17,P4,38.67178726196289,OK
2026-05-06 19:29:17,P5,32.2230339050293,OK
2026-05-06 19:29:17,P6,37.700042724609375,OK
2026-05-06 19:29:17,P1,36.062782287597656,OK
2026-05-06 19:29:17,P2,34.82860565185547,OK
2026-05-06 19:29:17,P3,36.86920928955078,OK
2026-05-06 19:29:17,P4,38.67178726196289,OK
2026-05-06 19:29:17,P5,32.2230339050293,OK
2026-05-06 19:29:17,P6,37.700042724609375,OK
2026-05-06 19:29:17,ID:1,36.062782287597656,OK
2026-05-06 19:29:17,ID:2,34.82860565185547,OK
2026-05-06 19:29:17,ID:3,36.86920928955078,OK
2026-05-06 19:29:17,ID:4,38.67178726196289,OK
2026-05-06 19:29:17,ID:5,32.2230339050293,OK
2026-05-06 19:29:17,ID:6,37.700042724609375,OK
2026-05-06 19:29:36,ID:1,36.062782287597656,OK
2026-05-06 19:29:36,ID:2,34.82860565185547,OK
2026-05-06 19:29:36,ID:3,36.86920928955078,OK
2026-05-06 19:29:36,ID:4,38.67178726196289,OK
2026-05-06 19:29:36,ID:5,32.2230339050293,OK
2026-05-06 19:29:36,ID:6,37.700042724609375,OK
2026-05-06 19:30:28,ID:1,36.062782287597656,OK
2026-05-06 19:30:28,ID:2,34.82860565185547,OK
2026-05-06 19:30:28,ID:3,36.86920928955078,OK
2026-05-06 19:30:28,ID:4,38.67178726196289,OK
2026-05-06 19:30:28,ID:5,32.2230339050293,OK
2026-05-06 19:30:28,ID:6,37.700042724609375,OK
2026-05-06 19:34:22,ID:1,34.73667907714844,OK
2026-05-06 19:34:22,ID:2,33.696556091308594,OK
2026-05-06 19:34:22,ID:3,35.6878662109375,OK
2026-05-06 19:34:22,ID:4,37.50099182128906,OK
2026-05-06 19:34:22,ID:5,30.84525489807129,OK
2026-05-06 19:34:22,ID:6,36.66439056396485,OK
2026-05-06 19:34:22,P1,34.73667907714844,OK
2026-05-06 19:34:22,P2,33.696556091308594,OK
2026-05-06 19:34:22,P3,35.6878662109375,OK
2026-05-06 19:34:22,P4,37.50099182128906,OK
2026-05-06 19:34:22,P5,30.84525489807129,OK
2026-05-06 19:34:22,P6,36.66439056396485,OK
2026-05-06 19:34:22,P1,34.73667907714844,OK
2026-05-06 19:34:22,P2,33.696556091308594,OK
2026-05-06 19:34:22,P3,35.6878662109375,OK
2026-05-06 19:34:22,P4,37.50099182128906,OK
2026-05-06 19:34:22,P5,30.84525489807129,OK
2026-05-06 19:34:22,P6,36.66439056396485,OK
2026-05-06 19:34:22,ID:1,34.73667907714844,OK
2026-05-06 19:34:22,ID:2,33.696556091308594,OK
2026-05-06 19:34:22,ID:3,35.6878662109375,OK
2026-05-06 19:34:22,ID:4,37.50099182128906,OK
2026-05-06 19:34:22,ID:5,30.84525489807129,OK
2026-05-06 19:34:22,ID:6,36.66439056396485,OK
2026-05-06 19:34:22,P1,34.73667907714844,OK
2026-05-06 19:34:22,P2,33.696556091308594,OK
2026-05-06 19:34:22,P3,35.6878662109375,OK
2026-05-06 19:34:22,P4,37.50099182128906,OK
2026-05-06 19:34:22,P5,30.84525489807129,OK
2026-05-06 19:34:22,P6,36.66439056396485,OK
2026-05-06 19:34:22,P1,34.73667907714844,OK
2026-05-06 19:34:22,P2,33.696556091308594,OK
2026-05-06 19:34:22,P3,35.6878662109375,OK
2026-05-06 19:34:22,P4,37.50099182128906,OK
2026-05-06 19:34:22,P5,30.84525489807129,OK
2026-05-06 19:34:22,P6,36.66439056396485,OK
2026-05-06 19:34:36,ID:1,34.73667907714844,OK
2026-05-06 19:34:36,ID:2,33.696556091308594,OK
2026-05-06 19:34:36,ID:3,35.6878662109375,OK
2026-05-06 19:34:36,ID:4,37.50099182128906,OK
2026-05-06 19:34:36,ID:5,30.84525489807129,OK
2026-05-06 19:34:36,ID:6,36.66439056396485,OK
2026-05-06 19:35:28,ID:1,34.73667907714844,OK
2026-05-06 19:35:28,ID:2,33.696556091308594,OK
2026-05-06 19:35:28,ID:3,35.6878662109375,OK
2026-05-06 19:35:28,ID:4,37.50099182128906,OK
2026-05-06 19:35:28,ID:5,30.84525489807129,OK
2026-05-06 19:35:28,ID:6,36.66439056396485,OK
2026-05-06 19:39:27,ID:1,35.99861526489258,OK
2026-05-06 19:39:27,ID:2,34.88835144042969,OK
2026-05-06 19:39:27,ID:3,36.89085006713867,OK
2026-05-06 19:39:27,ID:4,38.50821685791016,OK
2026-05-06 19:39:27,ID:5,32.12254333496094,OK
2026-05-06 19:39:27,ID:6,37.55818557739258,OK
2026-05-06 19:39:27,P1,35.99861526489258,OK
2026-05-06 19:39:27,ID:1,35.99861526489258,OK
2026-05-06 19:39:27,P2,34.88835144042969,OK
2026-05-06 19:39:27,ID:2,34.88835144042969,OK
2026-05-06 19:39:27,P3,36.89085006713867,OK
2026-05-06 19:39:27,P4,38.50821685791016,OK
2026-05-06 19:39:27,ID:3,36.89085006713867,OK
2026-05-06 19:39:27,P5,32.12254333496094,OK
2026-05-06 19:39:27,ID:4,38.50821685791016,OK
2026-05-06 19:39:27,P6,37.55818557739258,OK
2026-05-06 19:39:27,ID:5,32.12254333496094,OK
2026-05-06 19:39:27,ID:6,37.55818557739258,OK
2026-05-06 19:39:27,P1,35.99861526489258,OK
2026-05-06 19:39:27,P2,34.88835144042969,OK
2026-05-06 19:39:27,P3,36.89085006713867,OK
2026-05-06 19:39:27,P4,38.50821685791016,OK
2026-05-06 19:39:27,P5,32.12254333496094,OK
2026-05-06 19:39:27,P6,37.55818557739258,OK
2026-05-06 19:39:28,P1,35.99861526489258,OK
2026-05-06 19:39:28,P2,34.88835144042969,OK
2026-05-06 19:39:28,P3,36.89085006713867,OK
2026-05-06 19:39:28,P4,38.50821685791016,OK
2026-05-06 19:39:28,P5,32.12254333496094,OK
2026-05-06 19:39:28,P6,37.55818557739258,OK
2026-05-06 19:39:28,P1,35.99861526489258,OK
2026-05-06 19:39:28,P2,34.88835144042969,OK
2026-05-06 19:39:28,P3,36.89085006713867,OK
2026-05-06 19:39:28,P4,38.50821685791016,OK
2026-05-06 19:39:28,P5,32.12254333496094,OK
2026-05-06 19:39:28,P6,37.55818557739258,OK
2026-05-06 19:39:36,ID:1,35.99861526489258,OK
2026-05-06 19:39:36,ID:2,34.88835144042969,OK
2026-05-06 19:39:36,ID:3,36.89085006713867,OK
2026-05-06 19:39:36,ID:4,38.50821685791016,OK
2026-05-06 19:39:36,ID:5,32.12254333496094,OK
2026-05-06 19:39:36,ID:6,37.55818557739258,OK
2026-05-06 19:40:29,ID:1,35.99861526489258,OK
2026-05-06 19:40:29,ID:2,34.88835144042969,OK
2026-05-06 19:40:29,ID:3,36.89085006713867,OK
2026-05-06 19:40:29,ID:4,38.50821685791016,OK
2026-05-06 19:40:29,ID:5,32.12254333496094,OK
2026-05-06 19:40:29,ID:6,37.55818557739258,OK
2026-05-06 19:44:33,P1,33.4637451171875,OK
2026-05-06 19:44:33,P2,32.76514434814453,OK
2026-05-06 19:44:33,P3,34.63822937011719,OK
2026-05-06 19:44:33,P4,36.38708114624024,OK
2026-05-06 19:44:33,P5,29.61766624450684,OK
2026-05-06 19:44:33,P6,35.82298278808594,OK
2026-05-06 19:44:33,P1,33.4637451171875,OK
2026-05-06 19:44:33,P2,32.76514434814453,OK
2026-05-06 19:44:33,P3,34.63822937011719,OK
2026-05-06 19:44:33,P4,36.38708114624024,OK
2026-05-06 19:44:33,P5,29.61766624450684,OK
2026-05-06 19:44:33,P6,35.82298278808594,OK
2026-05-06 19:44:33,ID:1,33.4637451171875,OK
2026-05-06 19:44:33,P1,33.4637451171875,OK
2026-05-06 19:44:33,ID:2,32.76514434814453,OK
2026-05-06 19:44:33,ID:3,34.63822937011719,OK
2026-05-06 19:44:33,ID:4,36.38708114624024,OK
2026-05-06 19:44:33,P2,32.76514434814453,OK
2026-05-06 19:44:33,ID:5,29.61766624450684,OK
2026-05-06 19:44:33,ID:6,35.82298278808594,OK
2026-05-06 19:44:33,P3,34.63822937011719,OK
2026-05-06 19:44:33,P4,36.38708114624024,OK
2026-05-06 19:44:33,P5,29.61766624450684,OK
2026-05-06 19:44:33,P6,35.82298278808594,OK
2026-05-06 19:44:33,P1,33.4637451171875,OK
2026-05-06 19:44:33,P2,32.76514434814453,OK
2026-05-06 19:44:33,P3,34.63822937011719,OK
2026-05-06 19:44:33,P4,36.38708114624024,OK
2026-05-06 19:44:33,P5,29.61766624450684,OK
2026-05-06 19:44:33,P6,35.82298278808594,OK
2026-05-06 19:44:33,ID:1,33.4637451171875,OK
2026-05-06 19:44:33,ID:2,32.76514434814453,OK
2026-05-06 19:44:33,ID:3,34.63822937011719,OK
2026-05-06 19:44:33,ID:4,36.38708114624024,OK
2026-05-06 19:44:33,ID:5,29.61766624450684,OK
2026-05-06 19:44:33,ID:6,35.82298278808594,OK
2026-05-06 19:44:37,ID:1,33.4637451171875,OK
2026-05-06 19:44:37,ID:2,32.76514434814453,OK
2026-05-06 19:44:37,ID:3,34.63822937011719,OK
2026-05-06 19:44:37,ID:4,36.38708114624024,OK
2026-05-06 19:44:37,ID:5,29.61766624450684,OK
2026-05-06 19:44:37,ID:6,35.82298278808594,OK
2026-05-06 19:45:29,ID:1,33.4637451171875,OK
2026-05-06 19:45:29,ID:2,32.76514434814453,OK
2026-05-06 19:45:29,ID:3,34.63822937011719,OK
2026-05-06 19:45:29,ID:4,36.38708114624024,OK
2026-05-06 19:45:29,ID:5,29.61766624450684,OK
2026-05-06 19:45:29,ID:6,35.82298278808594,OK
2026-05-06 19:49:38,ID:1,35.494972229003906,OK
2026-05-06 19:49:38,P1,35.494972229003906,OK
2026-05-06 19:49:38,P2,34.40669631958008,OK
2026-05-06 19:49:38,P3,36.34010314941406,OK
2026-05-06 19:49:38,P4,38.08797454833984,OK
2026-05-06 19:49:38,ID:2,34.40669631958008,OK
2026-05-06 19:49:38,P5,31.60008811950684,OK
2026-05-06 19:49:38,P6,37.15810775756836,OK
2026-05-06 19:49:38,ID:3,36.34010314941406,OK
2026-05-06 19:49:38,ID:4,38.08797454833984,OK
2026-05-06 19:49:38,ID:5,31.60008811950684,OK
2026-05-06 19:49:38,ID:6,37.15810775756836,OK
2026-05-06 19:49:38,P1,35.494972229003906,OK
2026-05-06 19:49:38,P2,34.40669631958008,OK
2026-05-06 19:49:38,P3,36.34010314941406,OK
2026-05-06 19:49:38,P4,38.08797454833984,OK
2026-05-06 19:49:38,P5,31.60008811950684,OK
2026-05-06 19:49:38,P6,37.15810775756836,OK
2026-05-06 19:49:38,P1,35.494972229003906,OK
2026-05-06 19:49:38,P2,34.40669631958008,OK
2026-05-06 19:49:38,P3,36.34010314941406,OK
2026-05-06 19:49:38,P4,38.08797454833984,OK
2026-05-06 19:49:38,P5,31.60008811950684,OK
2026-05-06 19:49:38,P6,37.15810775756836,OK
2026-05-06 19:49:38,ID:1,35.494972229003906,OK
2026-05-06 19:49:38,P1,35.494972229003906,OK
2026-05-06 19:49:38,ID:1,35.494972229003906,OK
2026-05-06 19:49:38,ID:2,34.40669631958008,OK
2026-05-06 19:49:38,P2,34.40669631958008,OK
2026-05-06 19:49:38,ID:2,34.40669631958008,OK
2026-05-06 19:49:38,ID:3,36.34010314941406,OK
2026-05-06 19:49:38,ID:4,38.08797454833984,OK
2026-05-06 19:49:38,P3,36.34010314941406,OK
2026-05-06 19:49:38,ID:3,36.34010314941406,OK
2026-05-06 19:49:38,ID:5,31.60008811950684,OK
2026-05-06 19:49:38,ID:6,37.15810775756836,OK
2026-05-06 19:49:38,ID:4,38.08797454833984,OK
2026-05-06 19:49:38,P4,38.08797454833984,OK
2026-05-06 19:49:38,ID:5,31.60008811950684,OK
2026-05-06 19:49:38,P5,31.60008811950684,OK
2026-05-06 19:49:38,P6,37.15810775756836,OK
2026-05-06 19:49:38,ID:6,37.15810775756836,OK
2026-05-06 19:50:29,ID:1,35.494972229003906,OK
2026-05-06 19:50:29,ID:2,34.40669631958008,OK
2026-05-06 19:50:29,ID:3,36.34010314941406,OK
2026-05-06 19:50:29,ID:4,38.08797454833984,OK
2026-05-06 19:50:29,ID:5,31.60008811950684,OK
2026-05-06 19:50:29,ID:6,37.15810775756836,OK
2026-05-06 19:54:43,ID:1,35.42133331298828,OK
2026-05-06 19:54:43,ID:2,34.20691680908203,OK
2026-05-06 19:54:43,ID:3,36.28131866455078,OK
2026-05-06 19:54:43,ID:4,38.10272979736328,OK
2026-05-06 19:54:43,ID:5,31.53832054138184,OK
2026-05-06 19:54:43,ID:6,37.15554428100586,OK
2026-05-06 19:54:43,P1,35.42133331298828,OK
2026-05-06 19:54:43,P2,34.20691680908203,OK
2026-05-06 19:54:43,P3,36.28131866455078,OK
2026-05-06 19:54:43,P4,38.10272979736328,OK
2026-05-06 19:54:43,P5,31.53832054138184,OK
2026-05-06 19:54:43,P6,37.15554428100586,OK
2026-05-06 19:54:43,P1,35.42133331298828,OK
2026-05-06 19:54:43,P2,34.20691680908203,OK
2026-05-06 19:54:43,P3,36.28131866455078,OK
2026-05-06 19:54:43,P4,38.10272979736328,OK
2026-05-06 19:54:43,P5,31.53832054138184,OK
2026-05-06 19:54:43,P6,37.15554428100586,OK
2026-05-06 19:54:43,P1,35.42133331298828,OK
2026-05-06 19:54:43,P2,34.20691680908203,OK
2026-05-06 19:54:43,ID:1,35.42133331298828,OK
2026-05-06 19:54:43,P3,36.28131866455078,OK
2026-05-06 19:54:43,ID:2,34.20691680908203,OK
2026-05-06 19:54:43,P4,38.10272979736328,OK
2026-05-06 19:54:43,ID:3,36.28131866455078,OK
2026-05-06 19:54:43,P5,31.53832054138184,OK
2026-05-06 19:54:43,ID:4,38.10272979736328,OK
2026-05-06 19:54:43,P6,37.15554428100586,OK
2026-05-06 19:54:43,ID:5,31.53832054138184,OK
2026-05-06 19:54:43,ID:6,37.15554428100586,OK
2026-05-06 19:54:43,P1,35.42133331298828,OK
2026-05-06 19:54:43,P2,34.20691680908203,OK
2026-05-06 19:54:43,ID:1,35.42133331298828,OK
2026-05-06 19:54:43,P3,36.28131866455078,OK
2026-05-06 19:54:43,P4,38.10272979736328,OK
2026-05-06 19:54:43,P5,31.53832054138184,OK
2026-05-06 19:54:43,ID:2,34.20691680908203,OK
2026-05-06 19:54:43,P6,37.15554428100586,OK
2026-05-06 19:54:43,ID:3,36.28131866455078,OK
2026-05-06 19:54:43,ID:4,38.10272979736328,OK
2026-05-06 19:54:43,ID:5,31.53832054138184,OK
2026-05-06 19:54:43,ID:6,37.15554428100586,OK
2026-05-06 19:55:29,ID:1,35.42133331298828,OK
2026-05-06 19:55:29,ID:2,34.20691680908203,OK
2026-05-06 19:55:29,ID:3,36.28131866455078,OK
2026-05-06 19:55:29,ID:4,38.10272979736328,OK
2026-05-06 19:55:29,ID:5,31.53832054138184,OK
2026-05-06 19:55:29,ID:6,37.15554428100586,OK
2026-05-06 19:59:48,ID:1,35.519962310791016,OK
2026-05-06 19:59:48,ID:2,35.23325729370117,OK
2026-05-06 19:59:48,ID:3,36.4593391418457,OK
2026-05-06 19:59:48,ID:4,37.39137268066406,OK
2026-05-06 19:59:48,ID:5,31.648107528686523,OK
2026-05-06 19:59:48,ID:6,36.9400634765625,OK
2026-05-06 19:59:48,ID:1,35.519962310791016,OK
2026-05-06 19:59:48,P1,35.519962310791016,OK
2026-05-06 19:59:48,ID:2,35.23325729370117,OK
2026-05-06 19:59:48,P2,35.23325729370117,OK
2026-05-06 19:59:48,ID:3,36.4593391418457,OK
2026-05-06 19:59:48,P3,36.4593391418457,OK
2026-05-06 19:59:48,ID:4,37.39137268066406,OK
2026-05-06 19:59:48,P4,37.39137268066406,OK
2026-05-06 19:59:48,ID:5,31.648107528686523,OK
2026-05-06 19:59:48,ID:6,36.9400634765625,OK
2026-05-06 19:59:48,P5,31.648107528686523,OK
2026-05-06 19:59:48,P6,36.9400634765625,OK
2026-05-06 19:59:48,P1,35.519962310791016,OK
2026-05-06 19:59:48,P1,35.519962310791016,OK
2026-05-06 19:59:48,P2,35.23325729370117,OK
2026-05-06 19:59:48,P1,35.519962310791016,OK
2026-05-06 19:59:48,P2,35.23325729370117,OK
2026-05-06 19:59:48,P3,36.4593391418457,OK
2026-05-06 19:59:48,P3,36.4593391418457,OK
2026-05-06 19:59:48,P4,37.39137268066406,OK
2026-05-06 19:59:48,P2,35.23325729370117,OK
2026-05-06 19:59:48,P4,37.39137268066406,OK
2026-05-06 19:59:48,P5,31.648107528686523,OK
2026-05-06 19:59:48,P5,31.648107528686523,OK
2026-05-06 19:59:48,P3,36.4593391418457,OK
2026-05-06 19:59:48,P6,36.9400634765625,OK
2026-05-06 19:59:48,P6,36.9400634765625,OK
2026-05-06 19:59:48,P4,37.39137268066406,OK
2026-05-06 19:59:48,P5,31.648107528686523,OK
2026-05-06 19:59:48,P6,36.9400634765625,OK
2026-05-06 19:59:48,ID:1,35.519962310791016,OK
2026-05-06 19:59:48,ID:2,35.23325729370117,OK
2026-05-06 19:59:48,ID:3,36.4593391418457,OK
2026-05-06 19:59:48,ID:4,37.39137268066406,OK
2026-05-06 19:59:48,ID:5,31.648107528686523,OK
2026-05-06 19:59:48,ID:6,36.9400634765625,OK
2026-05-06 20:00:29,ID:1,35.519962310791016,OK
2026-05-06 20:00:29,ID:2,35.23325729370117,OK
2026-05-06 20:00:29,ID:3,36.4593391418457,OK
2026-05-06 20:00:29,ID:4,37.39137268066406,OK
2026-05-06 20:00:29,ID:5,31.648107528686523,OK
2026-05-06 20:00:29,ID:6,36.9400634765625,OK
2026-05-06 20:04:53,ID:1,38.16849899291992,OK
2026-05-06 20:04:53,ID:2,37.85340881347656,OK
2026-05-06 20:04:53,ID:3,38.82940673828125,OK
2026-05-06 20:04:53,ID:4,39.0557975769043,OK
2026-05-06 20:04:53,ID:5,34.17424392700195,OK
2026-05-06 20:04:53,ID:6,38.707122802734375,OK
2026-05-06 20:04:53,ID:1,38.16849899291992,OK
2026-05-06 20:04:53,ID:2,37.85340881347656,OK
2026-05-06 20:04:53,ID:3,38.82940673828125,OK
2026-05-06 20:04:53,ID:4,39.0557975769043,OK
2026-05-06 20:04:53,ID:5,34.17424392700195,OK
2026-05-06 20:04:53,ID:6,38.707122802734375,OK
2026-05-06 20:04:53,P1,38.16849899291992,OK
2026-05-06 20:04:53,P1,38.16849899291992,OK
2026-05-06 20:04:53,P2,37.85340881347656,OK
2026-05-06 20:04:53,P2,37.85340881347656,OK
2026-05-06 20:04:53,P3,38.82940673828125,OK
2026-05-06 20:04:53,P3,38.82940673828125,OK
2026-05-06 20:04:53,P4,39.0557975769043,OK
2026-05-06 20:04:53,P4,39.0557975769043,OK
2026-05-06 20:04:53,P5,34.17424392700195,OK
2026-05-06 20:04:53,P5,34.17424392700195,OK
2026-05-06 20:04:53,P6,38.707122802734375,OK
2026-05-06 20:04:53,P6,38.707122802734375,OK
2026-05-06 20:04:53,P1,38.16849899291992,OK
2026-05-06 20:04:53,P2,37.85340881347656,OK
2026-05-06 20:04:53,P3,38.82940673828125,OK
2026-05-06 20:04:53,P4,39.0557975769043,OK
2026-05-06 20:04:53,P5,34.17424392700195,OK
2026-05-06 20:04:53,P6,38.707122802734375,OK
2026-05-06 20:04:53,ID:1,38.16849899291992,OK
2026-05-06 20:04:53,ID:2,37.85340881347656,OK
2026-05-06 20:04:53,ID:3,38.82940673828125,OK
2026-05-06 20:04:53,ID:4,39.0557975769043,OK
2026-05-06 20:04:53,ID:5,34.17424392700195,OK
2026-05-06 20:04:53,ID:6,38.707122802734375,OK
2026-05-06 20:04:53,P1,38.16849899291992,OK
2026-05-06 20:04:53,P2,37.85340881347656,OK
2026-05-06 20:04:53,P3,38.82940673828125,OK
2026-05-06 20:04:53,P4,39.0557975769043,OK
2026-05-06 20:04:53,P5,34.17424392700195,OK
2026-05-06 20:04:53,P6,38.707122802734375,OK
2026-05-06 20:05:30,ID:1,38.16849899291992,OK
2026-05-06 20:05:30,ID:2,37.85340881347656,OK
2026-05-06 20:05:30,ID:3,38.82940673828125,OK
2026-05-06 20:05:30,ID:4,39.0557975769043,OK
2026-05-06 20:05:30,ID:5,34.17424392700195,OK
2026-05-06 20:05:30,ID:6,38.707122802734375,OK
2026-05-06 20:09:58,ID:1,37.26058197021485,OK
2026-05-06 20:09:58,ID:2,37.226051330566406,OK
2026-05-06 20:09:58,ID:3,37.889530181884766,OK
2026-05-06 20:09:58,ID:4,38.04216384887695,OK
2026-05-06 20:09:58,ID:5,33.350341796875,OK
2026-05-06 20:09:58,ID:6,37.90811920166016,OK
2026-05-06 20:09:58,P1,37.26058197021485,OK
2026-05-06 20:09:58,P2,37.226051330566406,OK
2026-05-06 20:09:58,P3,37.889530181884766,OK
2026-05-06 20:09:58,P4,38.04216384887695,OK
2026-05-06 20:09:58,P5,33.350341796875,OK
2026-05-06 20:09:58,P6,37.90811920166016,OK
2026-05-06 20:09:59,P1,37.26058197021485,OK
2026-05-06 20:09:59,P2,37.226051330566406,OK
2026-05-06 20:09:59,P3,37.889530181884766,OK
2026-05-06 20:09:59,P1,37.26058197021485,OK
2026-05-06 20:09:59,P4,38.04216384887695,OK
2026-05-06 20:09:59,P5,33.350341796875,OK
2026-05-06 20:09:59,P2,37.226051330566406,OK
2026-05-06 20:09:59,P6,37.90811920166016,OK
2026-05-06 20:09:59,P3,37.889530181884766,OK
2026-05-06 20:09:59,P4,38.04216384887695,OK
2026-05-06 20:09:59,P5,33.350341796875,OK
2026-05-06 20:09:59,P6,37.90811920166016,OK
2026-05-06 20:09:59,P1,37.26058197021485,OK
2026-05-06 20:09:59,P2,37.226051330566406,OK
2026-05-06 20:09:59,ID:1,37.26058197021485,OK
2026-05-06 20:09:59,P3,37.889530181884766,OK
2026-05-06 20:09:59,P4,38.04216384887695,OK
2026-05-06 20:09:59,ID:2,37.226051330566406,OK
2026-05-06 20:09:59,P5,33.350341796875,OK
2026-05-06 20:09:59,P6,37.90811920166016,OK
2026-05-06 20:09:59,ID:3,37.889530181884766,OK
2026-05-06 20:09:59,ID:4,38.04216384887695,OK
2026-05-06 20:09:59,ID:5,33.350341796875,OK
2026-05-06 20:09:59,ID:6,37.90811920166016,OK
2026-05-06 20:09:59,ID:1,37.26058197021485,OK
2026-05-06 20:09:59,ID:2,37.226051330566406,OK
2026-05-06 20:09:59,ID:3,37.889530181884766,OK
2026-05-06 20:09:59,ID:4,38.04216384887695,OK
2026-05-06 20:09:59,ID:5,33.350341796875,OK
2026-05-06 20:09:59,ID:6,37.90811920166016,OK
2026-05-06 20:10:30,ID:1,37.26058197021485,OK
2026-05-06 20:10:30,ID:2,37.226051330566406,OK
2026-05-06 20:10:30,ID:3,37.889530181884766,OK
2026-05-06 20:10:30,ID:4,38.04216384887695,OK
2026-05-06 20:10:30,ID:5,33.350341796875,OK
2026-05-06 20:10:30,ID:6,37.90811920166016,OK
2026-05-06 20:14:59,P1,37.26058197021485,OK
2026-05-06 20:14:59,P2,37.226051330566406,OK
2026-05-06 20:14:59,P3,37.889530181884766,OK
2026-05-06 20:14:59,P4,38.04216384887695,OK
2026-05-06 20:14:59,P5,33.350341796875,OK
2026-05-06 20:14:59,P6,37.90811920166016,OK
2026-05-06 20:14:59,ID:1,37.26058197021485,OK
2026-05-06 20:14:59,ID:2,37.226051330566406,OK
2026-05-06 20:14:59,ID:3,37.889530181884766,OK
2026-05-06 20:14:59,ID:4,38.04216384887695,OK
2026-05-06 20:14:59,ID:5,33.350341796875,OK
2026-05-06 20:14:59,ID:6,37.90811920166016,OK
2026-05-06 20:14:59,P1,37.26058197021485,OK
2026-05-06 20:14:59,P2,37.226051330566406,OK
2026-05-06 20:14:59,P3,37.889530181884766,OK
2026-05-06 20:14:59,P4,38.04216384887695,OK
2026-05-06 20:14:59,P5,33.350341796875,OK
2026-05-06 20:14:59,P6,37.90811920166016,OK
2026-05-06 20:14:59,ID:1,37.26058197021485,OK
2026-05-06 20:14:59,ID:2,37.226051330566406,OK
2026-05-06 20:14:59,ID:3,37.889530181884766,OK
2026-05-06 20:14:59,ID:4,38.04216384887695,OK
2026-05-06 20:14:59,P1,37.26058197021485,OK
2026-05-06 20:14:59,ID:5,33.350341796875,OK
2026-05-06 20:14:59,ID:6,37.90811920166016,OK
2026-05-06 20:14:59,P2,37.226051330566406,OK
2026-05-06 20:14:59,P3,37.889530181884766,OK
2026-05-06 20:14:59,P4,38.04216384887695,OK
2026-05-06 20:14:59,P5,33.350341796875,OK
2026-05-06 20:14:59,P6,37.90811920166016,OK
2026-05-06 20:14:59,P1,37.26058197021485,OK
2026-05-06 20:14:59,P2,37.226051330566406,OK
2026-05-06 20:14:59,P3,37.889530181884766,OK
2026-05-06 20:14:59,P4,38.04216384887695,OK
2026-05-06 20:14:59,P5,33.350341796875,OK
2026-05-06 20:14:59,P6,37.90811920166016,OK
2026-05-06 20:15:30,ID:1,37.26058197021485,OK
2026-05-06 20:15:30,ID:2,37.226051330566406,OK
2026-05-06 20:15:30,ID:3,37.889530181884766,OK
2026-05-06 20:15:30,ID:4,38.04216384887695,OK
2026-05-06 20:15:30,ID:5,33.350341796875,OK
2026-05-06 20:15:30,ID:6,37.90811920166016,OK
2026-05-08 09:19:07,ID:1,43.977272033691406,OK
2026-05-08 09:19:07,ID:2,43.29391479492188,OK
2026-05-08 09:19:07,ID:3,43.71743774414063,OK
2026-05-08 09:19:07,ID:4,43.35877990722656,OK
2026-05-08 09:19:07,ID:5,39.793792724609375,OK
2026-05-08 09:19:07,ID:6,42.86693954467773,OK
2026-05-08 02:19:07,ID:1,43.977272033691406,OK
2026-05-08 02:19:07,ID:2,43.29391479492188,OK
2026-05-08 02:19:07,ID:3,43.71743774414063,OK
2026-05-08 02:19:07,ID:4,43.35877990722656,OK
2026-05-08 02:19:07,ID:5,39.793792724609375,OK
2026-05-08 02:19:07,ID:6,42.86693954467773,OK
2026-05-08 09:23:17,ID:1,43.977272033691406,OK
2026-05-08 09:23:17,ID:2,43.29391479492188,OK
2026-05-08 09:23:17,ID:3,43.71743774414063,OK
2026-05-08 09:23:17,ID:4,43.35877990722656,OK
2026-05-08 09:23:17,ID:5,39.793792724609375,OK
2026-05-08 09:23:17,ID:6,42.86693954467773,OK
2026-05-08 02:23:18,ID:1,43.977272033691406,OK
2026-05-08 02:23:18,ID:2,43.29391479492188,OK
2026-05-08 02:23:18,ID:3,43.71743774414063,OK
2026-05-08 02:23:18,ID:4,43.35877990722656,OK
2026-05-08 02:23:18,ID:5,39.793792724609375,OK
2026-05-08 02:23:18,ID:6,42.86693954467773,OK
2026-05-08 09:27:48,ID:1,43.977272033691406,OK
2026-05-08 09:27:48,ID:2,43.29391479492188,OK
2026-05-08 09:27:48,ID:3,43.71743774414063,OK
2026-05-08 09:27:48,ID:4,43.35877990722656,OK
2026-05-08 09:27:48,ID:5,39.793792724609375,OK
2026-05-08 09:27:48,ID:6,42.86693954467773,OK
2026-05-08 02:27:49,ID:1,43.977272033691406,OK
2026-05-08 02:27:49,ID:2,43.29391479492188,OK
2026-05-08 02:27:49,ID:3,43.71743774414063,OK
2026-05-08 02:27:49,ID:4,43.35877990722656,OK
2026-05-08 02:27:49,ID:5,39.793792724609375,OK
2026-05-08 02:27:49,ID:6,42.86693954467773,OK
2026-05-08 09:53:46,ID:1,43.252098083496094,OK
2026-05-08 09:53:46,ID:2,42.1761474609375,OK
2026-05-08 09:53:46,ID:3,42.17892456054688,OK
2026-05-08 09:53:46,ID:4,42.07448959350586,OK
2026-05-08 09:53:46,ID:5,38.53724670410156,OK
2026-05-08 09:53:46,ID:6,41.660552978515625,OK
2026-05-08 02:53:46,ID:1,43.252098083496094,OK
2026-05-08 02:53:46,ID:2,42.1761474609375,OK
2026-05-08 02:53:46,ID:3,42.17892456054688,OK
2026-05-08 02:53:46,ID:4,42.07448959350586,OK
2026-05-08 02:53:46,ID:5,38.53724670410156,OK
2026-05-08 02:53:46,ID:6,41.660552978515625,OK
2026-05-08 09:59:16,ID:1,43.27625274658203,OK
2026-05-08 09:59:16,ID:2,42.2049560546875,OK
2026-05-08 09:59:16,ID:3,42.20475387573242,OK
2026-05-08 09:59:16,ID:4,42.09950256347656,OK
2026-05-08 09:59:16,ID:5,38.5654296875,OK
2026-05-08 09:59:16,ID:6,41.68561935424805,OK
2026-05-08 02:59:16,ID:1,43.27625274658203,OK
2026-05-08 02:59:16,ID:2,42.2049560546875,OK
2026-05-08 02:59:16,ID:3,42.20475387573242,OK
2026-05-08 02:59:16,ID:4,42.09950256347656,OK
2026-05-08 02:59:16,ID:5,38.5654296875,OK
2026-05-08 02:59:16,ID:6,41.68561935424805,OK
2026-05-08 10:00:47,ID:1,43.27625274658203,OK
2026-05-08 10:00:47,ID:2,42.2049560546875,OK
2026-05-08 10:00:47,ID:3,42.20475387573242,OK
2026-05-08 10:00:47,ID:4,42.09950256347656,OK
2026-05-08 10:00:47,ID:5,38.5654296875,OK
2026-05-08 10:00:47,ID:6,41.68561935424805,OK
2026-05-08 03:00:48,ID:1,43.27625274658203,OK
2026-05-08 03:00:48,ID:2,42.2049560546875,OK
2026-05-08 03:00:48,ID:3,42.20475387573242,OK
2026-05-08 03:00:48,ID:4,42.09950256347656,OK
2026-05-08 03:00:48,ID:5,38.5654296875,OK
2026-05-08 03:00:48,ID:6,41.68561935424805,OK
2026-05-08 10:04:24,ID:1,43.27625274658203,OK
2026-05-08 10:04:24,ID:2,42.2049560546875,OK
2026-05-08 10:04:24,ID:3,42.20475387573242,OK
2026-05-08 10:04:24,ID:4,42.09950256347656,OK
2026-05-08 10:04:24,ID:5,38.5654296875,OK
2026-05-08 10:04:24,ID:6,41.68561935424805,OK
2026-05-08 03:04:25,ID:1,43.27625274658203,OK
2026-05-08 03:04:25,ID:2,42.2049560546875,OK
2026-05-08 03:04:25,ID:3,42.20475387573242,OK
2026-05-08 03:04:25,ID:4,42.09950256347656,OK
2026-05-08 03:04:25,ID:5,38.5654296875,OK
2026-05-08 03:04:25,ID:6,41.68561935424805,OK
2026-05-08 10:07:41,ID:1,43.27625274658203,OK
2026-05-08 10:07:41,ID:2,42.2049560546875,OK
2026-05-08 10:07:41,ID:3,42.20475387573242,OK
2026-05-08 10:07:41,ID:4,42.09950256347656,OK
2026-05-08 10:07:41,ID:5,38.5654296875,OK
2026-05-08 10:07:41,ID:6,41.68561935424805,OK
2026-05-08 03:07:42,ID:1,43.27625274658203,OK
2026-05-08 03:07:42,ID:2,42.2049560546875,OK
2026-05-08 03:07:42,ID:3,42.20475387573242,OK
2026-05-08 03:07:42,ID:4,42.09950256347656,OK
2026-05-08 03:07:42,ID:5,38.5654296875,OK
2026-05-08 03:07:42,ID:6,41.68561935424805,OK
2026-05-08 10:12:52,ID:1,43.1562728881836,OK
2026-05-08 10:12:52,ID:2,42.03075408935547,OK
2026-05-08 10:12:52,ID:3,42.098724365234375,OK
2026-05-08 10:12:52,ID:4,42.04204559326172,OK
2026-05-08 10:12:52,ID:5,38.4362907409668,OK
2026-05-08 10:12:52,ID:6,41.60665893554688,OK
2026-05-08 03:12:53,ID:1,43.1562728881836,OK
2026-05-08 03:12:53,ID:2,42.03075408935547,OK
2026-05-08 03:12:53,ID:3,42.098724365234375,OK
2026-05-08 03:12:53,ID:4,42.04204559326172,OK
2026-05-08 03:12:53,ID:5,38.4362907409668,OK
2026-05-08 03:12:53,ID:6,41.60665893554688,OK
2026-05-08 10:26:34,ID:1,43.54622268676758,OK
2026-05-08 10:26:34,ID:2,42.47954559326172,OK
2026-05-08 10:26:34,ID:3,42.63191223144531,OK
2026-05-08 10:26:34,ID:4,42.493751525878906,OK
2026-05-08 10:26:34,ID:5,38.939788818359375,OK
2026-05-08 10:26:34,ID:6,41.999759674072266,OK
2026-05-08 10:32:39,ID:1,43.45658874511719,OK
2026-05-08 10:32:39,ID:2,42.443729400634766,OK
2026-05-08 10:32:39,ID:3,42.59755325317383,OK
2026-05-08 10:32:39,ID:4,42.47780227661133,OK
2026-05-08 10:32:39,ID:5,38.87369537353516,OK
2026-05-08 10:32:39,ID:6,41.988529205322266,OK
2026-05-08 03:32:44,ID:1,43.45658874511719,OK
2026-05-08 03:32:44,ID:2,42.443729400634766,OK
2026-05-08 03:32:44,ID:3,42.59755325317383,OK
2026-05-08 03:32:44,ID:4,42.47780227661133,OK
2026-05-08 03:32:44,ID:5,38.87369537353516,OK
2026-05-08 03:32:44,ID:6,41.988529205322266,OK
2026-05-08 10:32:56,P1,43.45658874511719,OK
2026-05-08 10:32:56,P2,42.443729400634766,OK
2026-05-08 10:32:56,P3,42.59755325317383,OK
2026-05-08 10:32:56,P4,42.47780227661133,OK
2026-05-08 10:32:56,P5,38.87369537353516,OK
2026-05-08 10:32:56,P6,41.988529205322266,OK
2026-05-08 10:36:10,P1,43.510353088378906,OK
2026-05-08 10:36:10,P2,42.4295654296875,OK
2026-05-08 10:36:10,P3,42.59086227416992,OK
2026-05-08 10:36:10,P4,42.48365783691406,OK
2026-05-08 10:36:10,P5,38.89521408081055,OK
2026-05-08 10:36:10,P6,41.9793586730957,OK
2026-05-08 10:43:15,ID:1,43.47922134399414,OK
2026-05-08 10:43:15,ID:2,42.632591247558594,OK
2026-05-08 10:43:15,ID:3,42.87718963623047,OK
2026-05-08 10:43:15,ID:4,42.7310676574707,OK
2026-05-08 10:43:15,ID:5,39.07133102416992,OK
2026-05-08 10:43:15,ID:6,42.24985122680664,OK
2026-05-08 03:43:20,ID:1,43.47922134399414,OK
2026-05-08 03:43:20,ID:2,42.632591247558594,OK
2026-05-08 03:43:20,ID:3,42.87718963623047,OK
2026-05-08 03:43:20,ID:4,42.7310676574707,OK
2026-05-08 03:43:20,ID:5,39.07133102416992,OK
2026-05-08 03:43:20,ID:6,42.24985122680664,OK
2026-05-08 10:53:51,ID:1,43.440277099609375,OK
2026-05-08 10:53:51,ID:2,42.54006576538086,OK
2026-05-08 10:53:51,ID:3,42.85309219360352,OK
2026-05-08 10:53:51,ID:4,42.72364807128906,OK
2026-05-08 10:53:51,ID:5,39.0322265625,OK
2026-05-08 10:53:51,ID:6,42.2262077331543,OK
2026-05-08 03:53:57,ID:1,43.440277099609375,OK
2026-05-08 03:53:57,ID:2,42.54006576538086,OK
2026-05-08 03:53:57,ID:3,42.85309219360352,OK
2026-05-08 03:53:57,ID:4,42.72364807128906,OK
2026-05-08 03:53:57,ID:5,39.0322265625,OK
2026-05-08 03:53:57,ID:6,42.2262077331543,OK
2026-05-08 11:04:30,ID:1,43.39175796508789,OK
2026-05-08 11:04:30,ID:2,42.49251556396485,OK
2026-05-08 11:04:30,ID:3,42.76873016357422,OK
2026-05-08 11:04:30,ID:4,42.65374755859375,OK
2026-05-08 11:04:30,ID:5,38.95604705810547,OK
2026-05-08 11:04:30,ID:6,42.160606384277344,OK
2026-05-08 04:04:36,ID:1,43.39175796508789,OK
2026-05-08 04:04:36,ID:2,42.49251556396485,OK
2026-05-08 04:04:36,ID:3,42.76873016357422,OK
2026-05-08 04:04:36,ID:4,42.65374755859375,OK
2026-05-08 04:04:36,ID:5,38.95604705810547,OK
2026-05-08 04:04:36,ID:6,42.160606384277344,OK
2026-05-08 11:15:07,ID:1,43.393516540527344,OK
2026-05-08 11:15:07,ID:2,42.4858283996582,OK
2026-05-08 11:15:07,ID:3,42.76435089111328,OK
2026-05-08 11:15:07,ID:4,42.65874099731445,OK
2026-05-08 11:15:07,ID:5,38.9559440612793,OK
2026-05-08 11:15:07,ID:6,42.16485977172852,OK
2026-05-08 04:15:13,ID:1,43.393516540527344,OK
2026-05-08 04:15:13,ID:2,42.4858283996582,OK
2026-05-08 04:15:13,ID:3,42.76435089111328,OK
2026-05-08 04:15:13,ID:4,42.65874099731445,OK
2026-05-08 04:15:13,ID:5,38.9559440612793,OK
2026-05-08 04:15:13,ID:6,42.16485977172852,OK
2026-05-08 11:26:30,P1,43.566993713378906,OK
2026-05-08 11:26:30,P2,42.74382781982422,OK
2026-05-08 11:26:30,P3,43.1486701965332,OK
2026-05-08 11:26:30,P4,42.95641708374024,OK
2026-05-08 11:26:30,P5,39.2479248046875,OK
2026-05-08 11:26:30,P6,42.46329879760742,OK
2026-05-08 04:26:36,P1,43.566993713378906,OK
2026-05-08 04:26:36,P2,42.74382781982422,OK
2026-05-08 04:26:36,P3,43.1486701965332,OK
2026-05-08 04:26:36,P4,42.95641708374024,OK
2026-05-08 04:26:36,P5,39.2479248046875,OK
2026-05-08 04:26:36,P6,42.46329879760742,OK
2026-05-08 04:35:23,P1,43.621131896972656,OK
2026-05-08 04:35:23,P2,42.81854248046875,OK
2026-05-08 04:35:23,P3,43.23912811279297,OK
2026-05-08 04:35:23,P4,43.027374267578125,OK
2026-05-08 04:35:23,P5,39.33000183105469,OK
2026-05-08 04:35:23,P6,42.53097915649414,OK
2026-05-08 04:45:59,P1,43.60658264160156,OK
2026-05-08 04:45:59,P2,42.79729080200195,OK
2026-05-08 04:45:59,P3,43.2157096862793,OK
2026-05-08 04:45:59,P4,43.00912857055664,OK
2026-05-08 04:45:59,P5,39.30760192871094,OK
2026-05-08 04:45:59,P6,42.51312255859375,OK
2026-05-08 04:56:35,P1,44.00638961791992,OK
2026-05-08 04:56:35,P2,43.53529357910156,OK
2026-05-08 04:56:35,P3,44.94800567626953,OK
2026-05-08 04:56:35,P4,44.18817138671875,OK
2026-05-08 04:56:35,P5,40.2772102355957,OK
2026-05-08 04:56:35,P6,43.545021057128906,OK
2026-05-08 05:07:12,P1,44.0118408203125,OK
2026-05-08 05:07:12,P2,43.54248046875,OK
2026-05-08 05:07:12,P3,44.94028091430664,OK
2026-05-08 05:07:12,P4,44.17943954467773,OK
2026-05-08 05:07:12,P5,40.27469253540039,OK
2026-05-08 05:07:12,P6,43.53989791870117,OK
2026-05-08 12:21:30,P1,44.34428024291992,OK
2026-05-08 12:21:30,P2,44.08386993408203,OK
2026-05-08 12:21:30,P3,46.188663482666016,OK
2026-05-08 12:21:30,P4,45.41808319091797,OK
2026-05-08 12:21:30,P5,41.35083770751953,OK
2026-05-08 12:21:30,P6,44.53171920776367,OK
2026-05-08 05:21:36,P1,44.34428024291992,OK
2026-05-08 05:21:36,P2,44.08386993408203,OK
2026-05-08 05:21:36,P3,46.188663482666016,OK
2026-05-08 05:21:36,P4,45.41808319091797,OK
2026-05-08 05:21:36,P5,41.35083770751953,OK
2026-05-08 05:21:36,P6,44.53171920776367,OK
2026-05-08 05:32:11,P1,44.43167495727539,OK
2026-05-08 05:32:11,P2,44.16392517089844,OK
2026-05-08 05:32:11,P3,46.0959587097168,OK
2026-05-08 05:32:11,P4,45.28642654418945,OK
2026-05-08 05:32:11,P5,41.3143310546875,OK
2026-05-08 05:32:11,P6,44.461570739746094,OK
2026-05-08 12:32:17,P1,44.43167495727539,OK
2026-05-08 12:32:17,P2,44.16392517089844,OK
2026-05-08 12:32:17,P3,46.0959587097168,OK
2026-05-08 12:32:17,P4,45.28642654418945,OK
2026-05-08 12:32:17,P5,41.3143310546875,OK
2026-05-08 12:32:17,P6,44.461570739746094,OK
2026-05-08 05:42:47,P1,44.58426284790039,OK
2026-05-08 05:42:47,P2,44.46352767944336,OK
2026-05-08 05:42:47,P3,46.08105850219727,OK
2026-05-08 05:42:47,P4,45.13208770751953,OK
2026-05-08 05:42:47,P5,41.32963943481445,OK
2026-05-08 05:42:47,P6,44.43965911865234,OK
2026-05-08 12:42:54,P1,44.58426284790039,OK
2026-05-08 12:42:54,P2,44.46352767944336,OK
2026-05-08 12:42:54,P3,46.08105850219727,OK
2026-05-08 12:42:54,P4,45.13208770751953,OK
2026-05-08 12:42:54,P5,41.32963943481445,OK
2026-05-08 12:42:54,P6,44.43965911865234,OK
2026-05-08 05:53:23,P1,44.77311325073242,OK
2026-05-08 05:53:23,P2,44.53596115112305,OK
2026-05-08 05:53:23,P3,46.28373336791992,OK
2026-05-08 05:53:23,P4,45.27257537841797,OK
2026-05-08 05:53:23,P5,41.536720275878906,OK
2026-05-08 05:53:23,P6,44.56751251220703,OK
2026-05-08 12:53:30,P1,44.77311325073242,OK
2026-05-08 12:53:30,P2,44.53596115112305,OK
2026-05-08 12:53:30,P3,46.28373336791992,OK
2026-05-08 12:53:30,P4,45.27257537841797,OK
2026-05-08 12:53:30,P5,41.536720275878906,OK
2026-05-08 12:53:30,P6,44.56751251220703,OK
2026-05-08 06:03:59,P1,44.70335388183594,OK
2026-05-08 06:03:59,P2,44.45248031616211,OK
2026-05-08 06:03:59,P3,46.0516242980957,OK
2026-05-08 06:03:59,P4,45.086036682128906,OK
2026-05-08 06:03:59,P5,41.371559143066406,OK
2026-05-08 06:03:59,P6,44.39243698120117,OK
2026-05-08 13:04:06,P1,44.70335388183594,OK
2026-05-08 13:04:06,P2,44.45248031616211,OK
2026-05-08 13:04:06,P3,46.0516242980957,OK
2026-05-08 13:04:06,P4,45.086036682128906,OK
2026-05-08 13:04:06,P5,41.371559143066406,OK
2026-05-08 13:04:06,P6,44.39243698120117,OK
